ticker,event,gpu,rule,actual_rule,base_outcome,direction,radius_log,radius_pct
KXA100W-26AUG28-1.07,KXA100W-26AUG28,a100-sxm4,terminal,terminal,yes,up,,
KXA100W-26AUG28-1.07,KXA100W-26AUG28,a100-sxm4,terminal,terminal,yes,down,0.122961711135,13.0841121495
KXA100W-26AUG28-1.07,KXA100W-26AUG28,a100-sxm4,mean5,terminal,yes,up,,
KXA100W-26AUG28-1.07,KXA100W-26AUG28,a100-sxm4,mean5,terminal,yes,down,0.113659318473,12.037037037
KXA100W-26AUG28-1.07,KXA100W-26AUG28,a100-sxm4,median7,terminal,no,up,1.02255319456e-15,1.02255319456e-13
KXA100W-26AUG28-1.07,KXA100W-26AUG28,a100-sxm4,median7,terminal,no,down,,
KXA100W-26AUG28-1.07,KXA100W-26AUG28,a100-sxm4,month_mean,terminal,yes,up,,
KXA100W-26AUG28-1.07,KXA100W-26AUG28,a100-sxm4,month_mean,terminal,yes,down,0.122961711135,13.0841121495
KXA100W-26AUG28-1.07,KXA100W-26AUG28,a100-sxm4,touch,terminal,yes,up,,
KXA100W-26AUG28-1.07,KXA100W-26AUG28,a100-sxm4,touch,terminal,yes,down,,
KXA100W-26AUG21-1.04,KXA100W-26AUG21,a100-sxm4,terminal,terminal,yes,up,,
KXA100W-26AUG21-1.04,KXA100W-26AUG21,a100-sxm4,terminal,terminal,yes,down,0.0284379353205,2.88461538462
KXA100W-26AUG21-1.04,KXA100W-26AUG21,a100-sxm4,mean5,terminal,yes,up,,
KXA100W-26AUG21-1.04,KXA100W-26AUG21,a100-sxm4,mean5,terminal,yes,down,0.148053099959,15.9574468085
KXA100W-26AUG21-1.04,KXA100W-26AUG21,a100-sxm4,median7,terminal,yes,up,,
KXA100W-26AUG21-1.04,KXA100W-26AUG21,a100-sxm4,median7,terminal,yes,down,,
KXA100W-26AUG21-1.04,KXA100W-26AUG21,a100-sxm4,month_mean,terminal,yes,up,,
KXA100W-26AUG21-1.04,KXA100W-26AUG21,a100-sxm4,month_mean,terminal,yes,down,0.116636903726,12.3711340206
KXA100W-26AUG21-1.04,KXA100W-26AUG21,a100-sxm4,touch,terminal,yes,up,,
KXA100W-26AUG21-1.04,KXA100W-26AUG21,a100-sxm4,touch,terminal,yes,down,,
KXA100W-26AUG14-1.03,KXA100W-26AUG14,a100-sxm4,terminal,terminal,yes,up,,
KXA100W-26AUG14-1.03,KXA100W-26AUG14,a100-sxm4,terminal,terminal,yes,down,0.00966191091174,0.970873786408
KXA100W-26AUG14-1.03,KXA100W-26AUG14,a100-sxm4,mean5,terminal,yes,up,,
KXA100W-26AUG14-1.03,KXA100W-26AUG14,a100-sxm4,mean5,terminal,yes,down,0.117783035656,12.5
KXA100W-26AUG14-1.03,KXA100W-26AUG14,a100-sxm4,median7,terminal,yes,up,,
KXA100W-26AUG14-1.03,KXA100W-26AUG14,a100-sxm4,median7,terminal,yes,down,,
KXA100W-26AUG14-1.03,KXA100W-26AUG14,a100-sxm4,month_mean,terminal,yes,up,,
KXA100W-26AUG14-1.03,KXA100W-26AUG14,a100-sxm4,month_mean,terminal,yes,down,0.171271720607,18.6813186813
KXA100W-26AUG14-1.03,KXA100W-26AUG14,a100-sxm4,touch,terminal,yes,up,,
KXA100W-26AUG14-1.03,KXA100W-26AUG14,a100-sxm4,touch,terminal,yes,down,,
KXA100W-26AUG07-1.03,KXA100W-26AUG07,a100-sxm4,terminal,terminal,no,up,1.02255319456e-15,1.02255319456e-13
KXA100W-26AUG07-1.03,KXA100W-26AUG07,a100-sxm4,terminal,terminal,no,down,,
KXA100W-26AUG07-1.03,KXA100W-26AUG07,a100-sxm4,mean5,terminal,yes,up,,
KXA100W-26AUG07-1.03,KXA100W-26AUG07,a100-sxm4,mean5,terminal,yes,down,0.0392207131533,4.0
KXA100W-26AUG07-1.03,KXA100W-26AUG07,a100-sxm4,median7,terminal,yes,up,,
KXA100W-26AUG07-1.03,KXA100W-26AUG07,a100-sxm4,median7,terminal,yes,down,,
KXA100W-26AUG07-1.03,KXA100W-26AUG07,a100-sxm4,month_mean,terminal,yes,up,,
KXA100W-26AUG07-1.03,KXA100W-26AUG07,a100-sxm4,month_mean,terminal,yes,down,0.0683192439775,7.07070707071
KXA100W-26AUG07-1.03,KXA100W-26AUG07,a100-sxm4,touch,terminal,yes,up,,
KXA100W-26AUG07-1.03,KXA100W-26AUG07,a100-sxm4,touch,terminal,yes,down,,
KXA100W-26JUL31-1.06,KXA100W-26JUL31,a100-sxm4,terminal,terminal,no,up,0.0287101058824,2.91262135922
KXA100W-26JUL31-1.06,KXA100W-26JUL31,a100-sxm4,terminal,terminal,no,down,,
KXA100W-26JUL31-1.06,KXA100W-26JUL31,a100-sxm4,mean5,terminal,no,up,0.0814930342512,8.49056603774
KXA100W-26JUL31-1.06,KXA100W-26JUL31,a100-sxm4,mean5,terminal,no,down,,
KXA100W-26JUL31-1.06,KXA100W-26JUL31,a100-sxm4,median7,terminal,no,up,,
KXA100W-26JUL31-1.06,KXA100W-26JUL31,a100-sxm4,median7,terminal,no,down,,
KXA100W-26JUL31-1.06,KXA100W-26JUL31,a100-sxm4,month_mean,terminal,no,up,0.0901510969943,9.43396226415
KXA100W-26JUL31-1.06,KXA100W-26JUL31,a100-sxm4,month_mean,terminal,no,down,,
KXA100W-26JUL31-1.06,KXA100W-26JUL31,a100-sxm4,touch,terminal,no,up,1.02255319456e-15,1.02255319456e-13
KXA100W-26JUL31-1.06,KXA100W-26JUL31,a100-sxm4,touch,terminal,no,down,,
KXA100W-26JUL24-1.02,KXA100W-26JUL24,a100-sxm4,terminal,terminal,yes,up,,
KXA100W-26JUL24-1.02,KXA100W-26JUL24,a100-sxm4,terminal,terminal,yes,down,0.0384662808278,3.92156862745
KXA100W-26JUL24-1.02,KXA100W-26JUL24,a100-sxm4,mean5,terminal,yes,up,,
KXA100W-26JUL24-1.02,KXA100W-26JUL24,a100-sxm4,mean5,terminal,yes,down,0.109562202512,11.5789473684
KXA100W-26JUL24-1.02,KXA100W-26JUL24,a100-sxm4,median7,terminal,yes,up,,
KXA100W-26JUL24-1.02,KXA100W-26JUL24,a100-sxm4,median7,terminal,yes,down,0.00975617494537,0.980392156863
KXA100W-26JUL24-1.02,KXA100W-26JUL24,a100-sxm4,month_mean,terminal,yes,up,,
KXA100W-26JUL24-1.02,KXA100W-26JUL24,a100-sxm4,month_mean,terminal,yes,down,0.0683192439775,7.07070707071
KXA100W-26JUL24-1.02,KXA100W-26JUL24,a100-sxm4,touch,terminal,yes,up,,
KXA100W-26JUL24-1.02,KXA100W-26JUL24,a100-sxm4,touch,terminal,yes,down,,
KXA100W-26JUL17-1.01,KXA100W-26JUL17,a100-sxm4,terminal,terminal,yes,up,,
KXA100W-26JUL17-1.01,KXA100W-26JUL17,a100-sxm4,terminal,terminal,yes,down,0.00985229644301,0.990099009901
KXA100W-26JUL17-1.01,KXA100W-26JUL17,a100-sxm4,mean5,terminal,yes,up,,
KXA100W-26JUL17-1.01,KXA100W-26JUL17,a100-sxm4,mean5,terminal,yes,down,0.111791405988,11.8279569892
KXA100W-26JUL17-1.01,KXA100W-26JUL17,a100-sxm4,median7,terminal,yes,up,,
KXA100W-26JUL17-1.01,KXA100W-26JUL17,a100-sxm4,median7,terminal,yes,down,,
KXA100W-26JUL17-1.01,KXA100W-26JUL17,a100-sxm4,month_mean,terminal,yes,up,,
KXA100W-26JUL17-1.01,KXA100W-26JUL17,a100-sxm4,month_mean,terminal,yes,down,0.144581228811,15.5555555556
KXA100W-26JUL17-1.01,KXA100W-26JUL17,a100-sxm4,touch,terminal,yes,up,,
KXA100W-26JUL17-1.01,KXA100W-26JUL17,a100-sxm4,touch,terminal,yes,down,,
KXA100W-26JUL10-1.02,KXA100W-26JUL10,a100-sxm4,terminal,terminal,no,up,0.00985229644301,0.990099009901
KXA100W-26JUL10-1.02,KXA100W-26JUL10,a100-sxm4,terminal,terminal,no,down,,
KXA100W-26JUL10-1.02,KXA100W-26JUL10,a100-sxm4,mean5,terminal,yes,up,,
KXA100W-26JUL10-1.02,KXA100W-26JUL10,a100-sxm4,mean5,terminal,yes,down,0.00966191091174,0.970873786408
KXA100W-26JUL10-1.02,KXA100W-26JUL10,a100-sxm4,median7,terminal,no,up,,
KXA100W-26JUL10-1.02,KXA100W-26JUL10,a100-sxm4,median7,terminal,no,down,,
KXA100W-26JUL10-1.02,KXA100W-26JUL10,a100-sxm4,month_mean,terminal,no,up,1.02255319456e-15,1.02255319456e-13
KXA100W-26JUL10-1.02,KXA100W-26JUL10,a100-sxm4,month_mean,terminal,no,down,,
KXA100W-26JUL10-1.02,KXA100W-26JUL10,a100-sxm4,touch,terminal,yes,up,,
KXA100W-26JUL10-1.02,KXA100W-26JUL10,a100-sxm4,touch,terminal,yes,down,,
KXA100W-26JUL03-1.03,KXA100W-26JUL03,a100-sxm4,terminal,terminal,no,up,0.00975617494537,0.980392156863
KXA100W-26JUL03-1.03,KXA100W-26JUL03,a100-sxm4,terminal,terminal,no,down,,
KXA100W-26JUL03-1.03,KXA100W-26JUL03,a100-sxm4,mean5,terminal,no,up,0.0845573880281,8.82352941176
KXA100W-26JUL03-1.03,KXA100W-26JUL03,a100-sxm4,mean5,terminal,no,down,,
KXA100W-26JUL03-1.03,KXA100W-26JUL03,a100-sxm4,median7,terminal,no,up,,
KXA100W-26JUL03-1.03,KXA100W-26JUL03,a100-sxm4,median7,terminal,no,down,,
KXA100W-26JUL03-1.03,KXA100W-26JUL03,a100-sxm4,month_mean,terminal,no,up,0.0663750689449,6.86274509804
KXA100W-26JUL03-1.03,KXA100W-26JUL03,a100-sxm4,month_mean,terminal,no,down,,
KXA100W-26JUL03-1.03,KXA100W-26JUL03,a100-sxm4,touch,terminal,no,up,1.02255319456e-15,1.02255319456e-13
KXA100W-26JUL03-1.03,KXA100W-26JUL03,a100-sxm4,touch,terminal,no,down,,
KXA100W-26JUN26-1.06,KXA100W-26JUN26,a100-sxm4,terminal,terminal,no,up,0.0287101058824,2.91262135922
KXA100W-26JUN26-1.06,KXA100W-26JUN26,a100-sxm4,terminal,terminal,no,down,,
KXA100W-26JUN26-1.06,KXA100W-26JUN26,a100-sxm4,mean5,terminal,no,up,0.185552577375,20.3883495146
KXA100W-26JUN26-1.06,KXA100W-26JUN26,a100-sxm4,mean5,terminal,no,down,,
KXA100W-26JUN26-1.06,KXA100W-26JUN26,a100-sxm4,median7,terminal,no,up,,
KXA100W-26JUN26-1.06,KXA100W-26JUN26,a100-sxm4,median7,terminal,no,down,,
KXA100W-26JUN26-1.06,KXA100W-26JUN26,a100-sxm4,month_mean,terminal,no,up,0.219362828474,24.5283018868
KXA100W-26JUN26-1.06,KXA100W-26JUN26,a100-sxm4,month_mean,terminal,no,down,,
KXA100W-26JUN26-1.06,KXA100W-26JUN26,a100-sxm4,touch,terminal,no,up,1.02255319456e-15,1.02255319456e-13
KXA100W-26JUN26-1.06,KXA100W-26JUN26,a100-sxm4,touch,terminal,no,down,,
KXB200W-26AUG21-6,KXB200W-26AUG21,b200,terminal,terminal,yes,up,,
KXB200W-26AUG21-6,KXB200W-26AUG21,b200,terminal,terminal,yes,down,0.146982190349,15.8333333333
KXB200W-26AUG21-6,KXB200W-26AUG21,b200,mean5,terminal,yes,up,,
KXB200W-26AUG21-6,KXB200W-26AUG21,b200,mean5,terminal,yes,down,0.622333425921,86.327077748
KXB200W-26AUG21-6,KXB200W-26AUG21,b200,median7,terminal,yes,up,,
KXB200W-26AUG21-6,KXB200W-26AUG21,b200,median7,terminal,yes,down,,
KXB200W-26AUG21-6,KXB200W-26AUG21,b200,month_mean,terminal,yes,up,,
KXB200W-26AUG21-6,KXB200W-26AUG21,b200,month_mean,terminal,yes,down,0.580332501946,78.6632390746
KXB200W-26AUG21-6,KXB200W-26AUG21,b200,touch,terminal,yes,up,,
KXB200W-26AUG21-6,KXB200W-26AUG21,b200,touch,terminal,yes,down,,
KXB200W-26AUG14-5.76,KXB200W-26AUG14,b200,terminal,terminal,yes,up,,
KXB200W-26AUG14-5.76,KXB200W-26AUG14,b200,terminal,terminal,yes,down,0.0408219945203,4.16666666667
KXB200W-26AUG14-5.76,KXB200W-26AUG14,b200,mean5,terminal,yes,up,,
KXB200W-26AUG14-5.76,KXB200W-26AUG14,b200,mean5,terminal,yes,down,0.0219048353881,2.21465076661
KXB200W-26AUG14-5.76,KXB200W-26AUG14,b200,median7,terminal,no,up,,
KXB200W-26AUG14-5.76,KXB200W-26AUG14,b200,median7,terminal,no,down,,
KXB200W-26AUG14-5.76,KXB200W-26AUG14,b200,month_mean,terminal,yes,up,,
KXB200W-26AUG14-5.76,KXB200W-26AUG14,b200,month_mean,terminal,yes,down,0.0066889881508,0.671140939597
KXB200W-26AUG14-5.76,KXB200W-26AUG14,b200,touch,terminal,yes,up,,
KXB200W-26AUG14-5.76,KXB200W-26AUG14,b200,touch,terminal,yes,down,,
KXB200W-26AUG07-6.41,KXB200W-26AUG07,b200,terminal,terminal,no,up,0.106921796225,11.2847222222
KXB200W-26AUG07-6.41,KXB200W-26AUG07,b200,terminal,terminal,no,down,,
KXB200W-26AUG07-6.41,KXB200W-26AUG07,b200,mean5,terminal,no,up,0.361262107946,43.5139573071
KXB200W-26AUG07-6.41,KXB200W-26AUG07,b200,mean5,terminal,no,down,,
KXB200W-26AUG07-6.41,KXB200W-26AUG07,b200,median7,terminal,no,up,,
KXB200W-26AUG07-6.41,KXB200W-26AUG07,b200,median7,terminal,no,down,,
KXB200W-26AUG07-6.41,KXB200W-26AUG07,b200,month_mean,terminal,no,up,0.351685847217,42.1461897356
KXB200W-26AUG07-6.41,KXB200W-26AUG07,b200,month_mean,terminal,no,down,,
KXB200W-26AUG07-6.41,KXB200W-26AUG07,b200,touch,terminal,yes,up,,
KXB200W-26AUG07-6.41,KXB200W-26AUG07,b200,touch,terminal,yes,down,0.00311526731695,0.312012480499
KXB200W-26JUL31-6.78,KXB200W-26JUL31,b200,terminal,terminal,no,up,0.0561178310197,5.77223088924
KXB200W-26JUL31-6.78,KXB200W-26JUL31,b200,terminal,terminal,no,down,,
KXB200W-26JUL31-6.78,KXB200W-26JUL31,b200,mean5,terminal,no,up,0.235983837787,26.6153846154
KXB200W-26JUL31-6.78,KXB200W-26JUL31,b200,mean5,terminal,no,down,,
KXB200W-26JUL31-6.78,KXB200W-26JUL31,b200,median7,terminal,no,up,,
KXB200W-26JUL31-6.78,KXB200W-26JUL31,b200,median7,terminal,no,down,,
KXB200W-26JUL31-6.78,KXB200W-26JUL31,b200,month_mean,terminal,no,up,0.259637609745,29.6460176991
KXB200W-26JUL31-6.78,KXB200W-26JUL31,b200,month_mean,terminal,no,down,,
KXB200W-26JUL31-6.78,KXB200W-26JUL31,b200,touch,terminal,no,up,1.02255319456e-15,1.02255319456e-13
KXB200W-26JUL31-6.78,KXB200W-26JUL31,b200,touch,terminal,no,down,,
KXB200W-26JUL24-7.24,KXB200W-26JUL24,b200,terminal,terminal,no,up,0.0656441044453,6.78466076696
KXB200W-26JUL24-7.24,KXB200W-26JUL24,b200,terminal,terminal,no,down,,
KXB200W-26JUL24-7.24,KXB200W-26JUL24,b200,mean5,terminal,no,up,0.200415300237,22.191011236
KXB200W-26JUL24-7.24,KXB200W-26JUL24,b200,mean5,terminal,no,down,,
KXB200W-26JUL24-7.24,KXB200W-26JUL24,b200,median7,terminal,no,up,,
KXB200W-26JUL24-7.24,KXB200W-26JUL24,b200,median7,terminal,no,down,,
KXB200W-26JUL24-7.24,KXB200W-26JUL24,b200,month_mean,terminal,no,up,0.217603370939,24.3093922652
KXB200W-26JUL24-7.24,KXB200W-26JUL24,b200,month_mean,terminal,no,down,,
KXB200W-26JUL24-7.24,KXB200W-26JUL24,b200,touch,terminal,no,up,1.02255319456e-15,1.02255319456e-13
KXB200W-26JUL24-7.24,KXB200W-26JUL24,b200,touch,terminal,no,down,,
KXB200W-26JUL17-6.69,KXB200W-26JUL17,b200,terminal,terminal,yes,up,,
KXB200W-26JUL17-6.69,KXB200W-26JUL17,b200,terminal,terminal,yes,down,0.0790073322575,8.22122571001
KXB200W-26JUL17-6.69,KXB200W-26JUL17,b200,mean5,terminal,yes,up,,
KXB200W-26JUL17-6.69,KXB200W-26JUL17,b200,mean5,terminal,yes,down,0.424883193965,52.9411764706
KXB200W-26JUL17-6.69,KXB200W-26JUL17,b200,median7,terminal,yes,up,,
KXB200W-26JUL17-6.69,KXB200W-26JUL17,b200,median7,terminal,yes,down,,
KXB200W-26JUL17-6.69,KXB200W-26JUL17,b200,month_mean,terminal,yes,up,,
KXB200W-26JUL17-6.69,KXB200W-26JUL17,b200,month_mean,terminal,yes,down,0.459074558714,58.2608695652
KXB200W-26JUL17-6.69,KXB200W-26JUL17,b200,touch,terminal,yes,up,,
KXB200W-26JUL17-6.69,KXB200W-26JUL17,b200,touch,terminal,yes,down,,
KXB200W-26JUL10-5.14,KXB200W-26JUL10,b200,terminal,terminal,yes,up,,
KXB200W-26JUL10-5.14,KXB200W-26JUL10,b200,terminal,terminal,yes,down,0.263560794673,30.1556420233
KXB200W-26JUL10-5.14,KXB200W-26JUL10,b200,mean5,terminal,yes,up,,
KXB200W-26JUL10-5.14,KXB200W-26JUL10,b200,mean5,terminal,yes,down,0.709726309363,103.343465046
KXB200W-26JUL10-5.14,KXB200W-26JUL10,b200,median7,terminal,yes,up,,
KXB200W-26JUL10-5.14,KXB200W-26JUL10,b200,median7,terminal,yes,down,,
KXB200W-26JUL10-5.14,KXB200W-26JUL10,b200,month_mean,terminal,yes,up,,
KXB200W-26JUL10-5.14,KXB200W-26JUL10,b200,month_mean,terminal,yes,down,0.709726309363,103.343465046
KXB200W-26JUL10-5.14,KXB200W-26JUL10,b200,touch,terminal,yes,up,,
KXB200W-26JUL10-5.14,KXB200W-26JUL10,b200,touch,terminal,yes,down,,
KXB200W-26JUL03-4.5,KXB200W-26JUL03,b200,terminal,terminal,yes,up,,
KXB200W-26JUL03-4.5,KXB200W-26JUL03,b200,terminal,terminal,yes,down,0.132975682691,14.2222222222
KXB200W-26JUL03-4.5,KXB200W-26JUL03,b200,mean5,terminal,yes,up,,
KXB200W-26JUL03-4.5,KXB200W-26JUL03,b200,mean5,terminal,yes,down,0.427055740701,53.2738095238
KXB200W-26JUL03-4.5,KXB200W-26JUL03,b200,median7,terminal,no,up,0.0089286307443,0.896860986547
KXB200W-26JUL03-4.5,KXB200W-26JUL03,b200,median7,terminal,no,down,,
KXB200W-26JUL03-4.5,KXB200W-26JUL03,b200,month_mean,terminal,yes,up,,
KXB200W-26JUL03-4.5,KXB200W-26JUL03,b200,month_mean,terminal,yes,down,0.466514577441,59.4427244582
KXB200W-26JUL03-4.5,KXB200W-26JUL03,b200,touch,terminal,yes,up,,
KXB200W-26JUL03-4.5,KXB200W-26JUL03,b200,touch,terminal,yes,down,,
KXB200W-26JUN26-4.3,KXB200W-26JUN26,b200,terminal,terminal,yes,up,,
KXB200W-26JUN26-4.3,KXB200W-26JUN26,b200,terminal,terminal,yes,down,0.0454623740768,4.6511627907
KXB200W-26JUN26-4.3,KXB200W-26JUN26,b200,mean5,terminal,yes,up,,
KXB200W-26JUN26-4.3,KXB200W-26JUN26,b200,mean5,terminal,yes,down,0.137985742974,14.7959183673
KXB200W-26JUN26-4.3,KXB200W-26JUN26,b200,median7,terminal,yes,up,,
KXB200W-26JUN26-4.3,KXB200W-26JUN26,b200,median7,terminal,yes,down,0.016147986408,1.62790697674
KXB200W-26JUN26-4.3,KXB200W-26JUN26,b200,month_mean,terminal,yes,up,,
KXB200W-26JUN26-4.3,KXB200W-26JUN26,b200,month_mean,terminal,yes,down,0.112795494145,11.9402985075
KXB200W-26JUN26-4.3,KXB200W-26JUN26,b200,touch,terminal,yes,up,,
KXB200W-26JUN26-4.3,KXB200W-26JUN26,b200,touch,terminal,yes,down,,
KXH100W-26AUG28-2.88,KXH100W-26AUG28,h100-sxm,terminal,terminal,yes,up,,
KXH100W-26AUG28-2.88,KXH100W-26AUG28,h100-sxm,terminal,terminal,yes,down,0.0172121288811,1.73611111111
KXH100W-26AUG28-2.88,KXH100W-26AUG28,h100-sxm,mean5,terminal,no,up,0.0198026272962,2.0
KXH100W-26AUG28-2.88,KXH100W-26AUG28,h100-sxm,mean5,terminal,no,down,,
KXH100W-26AUG28-2.88,KXH100W-26AUG28,h100-sxm,median7,terminal,no,up,0.00347826437633,0.348432055749
KXH100W-26AUG28-2.88,KXH100W-26AUG28,h100-sxm,median7,terminal,no,down,,
KXH100W-26AUG28-2.88,KXH100W-26AUG28,h100-sxm,month_mean,terminal,no,up,0.0861776962411,9.0
KXH100W-26AUG28-2.88,KXH100W-26AUG28,h100-sxm,month_mean,terminal,no,down,,
KXH100W-26AUG28-2.88,KXH100W-26AUG28,h100-sxm,touch,terminal,yes,up,,
KXH100W-26AUG28-2.88,KXH100W-26AUG28,h100-sxm,touch,terminal,yes,down,,
KXH100W-26AUG21-2.79,KXH100W-26AUG21,h100-sxm,terminal,terminal,yes,up,,
KXH100W-26AUG21-2.79,KXH100W-26AUG21,h100-sxm,terminal,terminal,yes,down,0.0317486983146,3.22580645161
KXH100W-26AUG21-2.79,KXH100W-26AUG21,h100-sxm,mean5,terminal,yes,up,,
KXH100W-26AUG21-2.79,KXH100W-26AUG21,h100-sxm,mean5,terminal,yes,down,0.195566783544,21.6
KXH100W-26AUG21-2.79,KXH100W-26AUG21,h100-sxm,median7,terminal,yes,up,,
KXH100W-26AUG21-2.79,KXH100W-26AUG21,h100-sxm,median7,terminal,yes,down,0.0317486983146,3.22580645161
KXH100W-26AUG21-2.79,KXH100W-26AUG21,h100-sxm,month_mean,terminal,yes,up,,
KXH100W-26AUG21-2.79,KXH100W-26AUG21,h100-sxm,month_mean,terminal,yes,down,0.0894065877156,9.35251798561
KXH100W-26AUG21-2.79,KXH100W-26AUG21,h100-sxm,touch,terminal,yes,up,,
KXH100W-26AUG21-2.79,KXH100W-26AUG21,h100-sxm,touch,terminal,yes,down,,
KXH100W-26AUG14-2.68,KXH100W-26AUG14,h100-sxm,terminal,terminal,yes,up,,
KXH100W-26AUG14-2.68,KXH100W-26AUG14,h100-sxm,terminal,terminal,yes,down,0.0402248013105,4.10447761194
KXH100W-26AUG14-2.68,KXH100W-26AUG14,h100-sxm,mean5,terminal,yes,up,,
KXH100W-26AUG14-2.68,KXH100W-26AUG14,h100-sxm,mean5,terminal,yes,down,0.0254097155254,2.57352941176
KXH100W-26AUG14-2.68,KXH100W-26AUG14,h100-sxm,median7,terminal,no,up,0.00373832211061,0.374531835206
KXH100W-26AUG14-2.68,KXH100W-26AUG14,h100-sxm,median7,terminal,no,down,,
KXH100W-26AUG14-2.68,KXH100W-26AUG14,h100-sxm,month_mean,terminal,no,up,0.0352149062911,3.58422939068
KXH100W-26AUG14-2.68,KXH100W-26AUG14,h100-sxm,month_mean,terminal,no,down,,
KXH100W-26AUG14-2.68,KXH100W-26AUG14,h100-sxm,touch,terminal,yes,up,,
KXH100W-26AUG14-2.68,KXH100W-26AUG14,h100-sxm,touch,terminal,yes,down,,
KXH100W-26AUG07-2.76,KXH100W-26AUG07,h100-sxm,terminal,terminal,no,up,0.0294138852063,2.98507462687
KXH100W-26AUG07-2.76,KXH100W-26AUG07,h100-sxm,terminal,terminal,no,down,,
KXH100W-26AUG07-2.76,KXH100W-26AUG07,h100-sxm,mean5,terminal,no,up,0.130770231183,13.9705882353
KXH100W-26AUG07-2.76,KXH100W-26AUG07,h100-sxm,mean5,terminal,no,down,,
KXH100W-26AUG07-2.76,KXH100W-26AUG07,h100-sxm,median7,terminal,no,up,,
KXH100W-26AUG07-2.76,KXH100W-26AUG07,h100-sxm,median7,terminal,no,down,,
KXH100W-26AUG07-2.76,KXH100W-26AUG07,h100-sxm,month_mean,terminal,no,up,0.202340423684,22.4264705882
KXH100W-26AUG07-2.76,KXH100W-26AUG07,h100-sxm,month_mean,terminal,no,down,,
KXH100W-26AUG07-2.76,KXH100W-26AUG07,h100-sxm,touch,terminal,no,up,1.02255319456e-15,1.02255319456e-13
KXH100W-26AUG07-2.76,KXH100W-26AUG07,h100-sxm,touch,terminal,no,down,,
KXH100W-26JUL31-2.73,KXH100W-26JUL31,h100-sxm,terminal,terminal,yes,up,,
KXH100W-26JUL31-2.73,KXH100W-26JUL31,h100-sxm,terminal,terminal,yes,down,0.0109290705322,1.0989010989
KXH100W-26JUL31-2.73,KXH100W-26JUL31,h100-sxm,mean5,terminal,yes,up,,
KXH100W-26JUL31-2.73,KXH100W-26JUL31,h100-sxm,mean5,terminal,yes,down,0.0181493185057,1.8315018315
KXH100W-26JUL31-2.73,KXH100W-26JUL31,h100-sxm,median7,terminal,no,up,0.00366972888896,0.367647058824
KXH100W-26JUL31-2.73,KXH100W-26JUL31,h100-sxm,median7,terminal,no,down,,
KXH100W-26JUL31-2.73,KXH100W-26JUL31,h100-sxm,month_mean,terminal,no,up,0.0457021534809,4.67625899281
KXH100W-26JUL31-2.73,KXH100W-26JUL31,h100-sxm,month_mean,terminal,no,down,,
KXH100W-26JUL31-2.73,KXH100W-26JUL31,h100-sxm,touch,terminal,yes,up,,
KXH100W-26JUL31-2.73,KXH100W-26JUL31,h100-sxm,touch,terminal,yes,down,,
KXH100W-26JUL24-2.65,KXH100W-26JUL24,h100-sxm,terminal,terminal,yes,up,,
KXH100W-26JUL24-2.65,KXH100W-26JUL24,h100-sxm,terminal,terminal,yes,down,0.0297419691987,3.01886792453
KXH100W-26JUL24-2.65,KXH100W-26JUL24,h100-sxm,mean5,terminal,yes,up,,
KXH100W-26JUL24-2.65,KXH100W-26JUL24,h100-sxm,mean5,terminal,yes,down,0.112303569892,11.8852459016
KXH100W-26JUL24-2.65,KXH100W-26JUL24,h100-sxm,median7,terminal,yes,up,,
KXH100W-26JUL24-2.65,KXH100W-26JUL24,h100-sxm,median7,terminal,yes,down,,
KXH100W-26JUL24-2.65,KXH100W-26JUL24,h100-sxm,month_mean,terminal,yes,up,,
KXH100W-26JUL24-2.65,KXH100W-26JUL24,h100-sxm,month_mean,terminal,yes,down,0.145639990159,15.6779661017
KXH100W-26JUL24-2.65,KXH100W-26JUL24,h100-sxm,touch,terminal,yes,up,,
KXH100W-26JUL24-2.65,KXH100W-26JUL24,h100-sxm,touch,terminal,yes,down,,
KXH100W-26JUL17-2.52,KXH100W-26JUL17,h100-sxm,terminal,terminal,yes,up,,
KXH100W-26JUL17-2.52,KXH100W-26JUL17,h100-sxm,terminal,terminal,yes,down,0.0503007384748,5.15873015873
KXH100W-26JUL17-2.52,KXH100W-26JUL17,h100-sxm,mean5,terminal,yes,up,,
KXH100W-26JUL17-2.52,KXH100W-26JUL17,h100-sxm,mean5,terminal,yes,down,0.210216316813,23.3944954128
KXH100W-26JUL17-2.52,KXH100W-26JUL17,h100-sxm,median7,terminal,yes,up,,
KXH100W-26JUL17-2.52,KXH100W-26JUL17,h100-sxm,median7,terminal,yes,down,,
KXH100W-26JUL17-2.52,KXH100W-26JUL17,h100-sxm,month_mean,terminal,yes,up,,
KXH100W-26JUL17-2.52,KXH100W-26JUL17,h100-sxm,month_mean,terminal,yes,down,0.214814026061,23.9631336406
KXH100W-26JUL17-2.52,KXH100W-26JUL17,h100-sxm,touch,terminal,yes,up,,
KXH100W-26JUL17-2.52,KXH100W-26JUL17,h100-sxm,touch,terminal,yes,down,,
KXH100W-26JUL10-2.64,KXH100W-26JUL10,h100-sxm,terminal,terminal,no,up,0.0465200156349,4.7619047619
KXH100W-26JUL10-2.64,KXH100W-26JUL10,h100-sxm,terminal,terminal,no,down,,
KXH100W-26JUL10-2.64,KXH100W-26JUL10,h100-sxm,mean5,terminal,no,up,0.263584520873,30.1587301587
KXH100W-26JUL10-2.64,KXH100W-26JUL10,h100-sxm,mean5,terminal,no,down,,
KXH100W-26JUL10-2.64,KXH100W-26JUL10,h100-sxm,median7,terminal,no,up,,
KXH100W-26JUL10-2.64,KXH100W-26JUL10,h100-sxm,median7,terminal,no,down,,
KXH100W-26JUL10-2.64,KXH100W-26JUL10,h100-sxm,month_mean,terminal,no,up,0.298981627706,34.8484848485
KXH100W-26JUL10-2.64,KXH100W-26JUL10,h100-sxm,month_mean,terminal,no,down,,
KXH100W-26JUL10-2.64,KXH100W-26JUL10,h100-sxm,touch,terminal,no,up,1.02255319456e-15,1.02255319456e-13
KXH100W-26JUL10-2.64,KXH100W-26JUL10,h100-sxm,touch,terminal,no,down,,
KXH100W-26JUL03-2.44,KXH100W-26JUL03,h100-sxm,terminal,terminal,yes,up,,
KXH100W-26JUL03-2.44,KXH100W-26JUL03,h100-sxm,terminal,terminal,yes,down,0.0787808778531,8.19672131148
KXH100W-26JUL03-2.44,KXH100W-26JUL03,h100-sxm,mean5,terminal,yes,up,,
KXH100W-26JUL03-2.44,KXH100W-26JUL03,h100-sxm,mean5,terminal,yes,down,0.168777331686,18.3856502242
KXH100W-26JUL03-2.44,KXH100W-26JUL03,h100-sxm,median7,terminal,yes,up,,
KXH100W-26JUL03-2.44,KXH100W-26JUL03,h100-sxm,median7,terminal,yes,down,,
KXH100W-26JUL03-2.44,KXH100W-26JUL03,h100-sxm,month_mean,terminal,yes,up,,
KXH100W-26JUL03-2.44,KXH100W-26JUL03,h100-sxm,month_mean,terminal,yes,down,0.155414103874,16.814159292
KXH100W-26JUL03-2.44,KXH100W-26JUL03,h100-sxm,touch,terminal,yes,up,,
KXH100W-26JUL03-2.44,KXH100W-26JUL03,h100-sxm,touch,terminal,yes,down,,
KXH100W-26JUN26-2.4,KXH100W-26JUN26,h100-sxm,terminal,terminal,yes,up,,
KXH100W-26JUN26-2.4,KXH100W-26JUN26,h100-sxm,terminal,terminal,yes,down,0.0165293019512,1.66666666667
KXH100W-26JUN26-2.4,KXH100W-26JUN26,h100-sxm,mean5,terminal,no,up,0.082561600693,8.60655737705
KXH100W-26JUN26-2.4,KXH100W-26JUN26,h100-sxm,mean5,terminal,no,down,,
KXH100W-26JUN26-2.4,KXH100W-26JUN26,h100-sxm,median7,terminal,no,up,,
KXH100W-26JUN26-2.4,KXH100W-26JUN26,h100-sxm,median7,terminal,no,down,,
KXH100W-26JUN26-2.4,KXH100W-26JUN26,h100-sxm,month_mean,terminal,no,up,0.144738845645,15.5737704918
KXH100W-26JUN26-2.4,KXH100W-26JUN26,h100-sxm,month_mean,terminal,no,down,,
KXH100W-26JUN26-2.4,KXH100W-26JUN26,h100-sxm,touch,terminal,yes,up,,
KXH100W-26JUN26-2.4,KXH100W-26JUN26,h100-sxm,touch,terminal,yes,down,0.0165293019512,1.66666666667
KXH200W-26AUG28-5.09,KXH200W-26AUG28,h200,terminal,terminal,no,up,0.125425128808,13.3630289532
KXH200W-26AUG28-5.09,KXH200W-26AUG28,h200,terminal,terminal,no,down,,
KXH200W-26AUG28-5.09,KXH200W-26AUG28,h200,mean5,terminal,no,up,0.618010754425,85.5233853007
KXH200W-26AUG28-5.09,KXH200W-26AUG28,h200,mean5,terminal,no,down,,
KXH200W-26AUG28-5.09,KXH200W-26AUG28,h200,median7,terminal,no,up,,
KXH200W-26AUG28-5.09,KXH200W-26AUG28,h200,median7,terminal,no,down,,
KXH200W-26AUG28-5.09,KXH200W-26AUG28,h200,month_mean,terminal,no,up,0.659177880502,93.3202357564
KXH200W-26AUG28-5.09,KXH200W-26AUG28,h200,month_mean,terminal,no,down,,
KXH200W-26AUG28-5.09,KXH200W-26AUG28,h200,touch,terminal,no,up,1.02255319456e-15,1.02255319456e-13
KXH200W-26AUG28-5.09,KXH200W-26AUG28,h200,touch,terminal,no,down,,
KXH200W-26AUG21-4.86,KXH200W-26AUG21,h200,terminal,terminal,yes,up,,
KXH200W-26AUG21-4.86,KXH200W-26AUG21,h200,terminal,terminal,yes,down,0.04623939265,4.73251028807
KXH200W-26AUG21-4.86,KXH200W-26AUG21,h200,mean5,terminal,yes,up,,
KXH200W-26AUG21-4.86,KXH200W-26AUG21,h200,mean5,terminal,yes,down,0.356149871729,42.782152231
KXH200W-26AUG21-4.86,KXH200W-26AUG21,h200,median7,terminal,yes,up,,
KXH200W-26AUG21-4.86,KXH200W-26AUG21,h200,median7,terminal,yes,down,,
KXH200W-26AUG21-4.86,KXH200W-26AUG21,h200,month_mean,terminal,yes,up,,
KXH200W-26AUG21-4.86,KXH200W-26AUG21,h200,month_mean,terminal,yes,down,0.348306694268,41.6666666667
KXH200W-26AUG21-4.86,KXH200W-26AUG21,h200,touch,terminal,yes,up,,
KXH200W-26AUG21-4.86,KXH200W-26AUG21,h200,touch,terminal,yes,down,,
KXH200W-26AUG14-4.83,KXH200W-26AUG14,h200,terminal,terminal,yes,up,,
KXH200W-26AUG14-4.83,KXH200W-26AUG14,h200,terminal,terminal,yes,down,0.00619197024792,0.621118012422
KXH200W-26AUG14-4.83,KXH200W-26AUG14,h200,mean5,terminal,no,up,0.173365244772,18.9300411523
KXH200W-26AUG14-4.83,KXH200W-26AUG14,h200,mean5,terminal,no,down,,
KXH200W-26AUG14-4.83,KXH200W-26AUG14,h200,median7,terminal,no,up,,
KXH200W-26AUG14-4.83,KXH200W-26AUG14,h200,median7,terminal,no,down,,
KXH200W-26AUG14-4.83,KXH200W-26AUG14,h200,month_mean,terminal,no,up,0.245122458033,27.7777777778
KXH200W-26AUG14-4.83,KXH200W-26AUG14,h200,month_mean,terminal,no,down,,
KXH200W-26AUG14-4.83,KXH200W-26AUG14,h200,touch,terminal,yes,up,,
KXH200W-26AUG14-4.83,KXH200W-26AUG14,h200,touch,terminal,yes,down,0.00619197024792,0.621118012422
KXH200W-26AUG07-5.62,KXH200W-26AUG07,h200,terminal,terminal,no,up,0.151485196241,16.3561076605
KXH200W-26AUG07-5.62,KXH200W-26AUG07,h200,terminal,terminal,no,down,,
KXH200W-26AUG07-5.62,KXH200W-26AUG07,h200,mean5,terminal,no,up,0.664279196559,94.3089430894
KXH200W-26AUG07-5.62,KXH200W-26AUG07,h200,mean5,terminal,no,down,,
KXH200W-26AUG07-5.62,KXH200W-26AUG07,h200,median7,terminal,no,up,,
KXH200W-26AUG07-5.62,KXH200W-26AUG07,h200,median7,terminal,no,down,,
KXH200W-26AUG07-5.62,KXH200W-26AUG07,h200,month_mean,terminal,no,up,0.745106919491,110.666666667
KXH200W-26AUG07-5.62,KXH200W-26AUG07,h200,month_mean,terminal,no,down,,
KXH200W-26AUG07-5.62,KXH200W-26AUG07,h200,touch,terminal,no,up,1.02255319456e-15,1.02255319456e-13
KXH200W-26AUG07-5.62,KXH200W-26AUG07,h200,touch,terminal,no,down,,
KXH200W-26JUL31-4.55,KXH200W-26JUL31,h200,terminal,terminal,yes,up,,
KXH200W-26JUL31-4.55,KXH200W-26JUL31,h200,terminal,terminal,yes,down,0.211204430943,23.5164835165
KXH200W-26JUL31-4.55,KXH200W-26JUL31,h200,mean5,terminal,yes,up,,
KXH200W-26JUL31-4.55,KXH200W-26JUL31,h200,mean5,terminal,yes,down,1.0036256811,172.815533981
KXH200W-26JUL31-4.55,KXH200W-26JUL31,h200,median7,terminal,yes,up,,
KXH200W-26JUL31-4.55,KXH200W-26JUL31,h200,median7,terminal,yes,down,,
KXH200W-26JUL31-4.55,KXH200W-26JUL31,h200,month_mean,terminal,yes,up,,
KXH200W-26JUL31-4.55,KXH200W-26JUL31,h200,month_mean,terminal,yes,down,1.16671587597,221.142857143
KXH200W-26JUL31-4.55,KXH200W-26JUL31,h200,touch,terminal,yes,up,,
KXH200W-26JUL31-4.55,KXH200W-26JUL31,h200,touch,terminal,yes,down,,
KXH200W-26JUL24-4.79,KXH200W-26JUL24,h200,terminal,terminal,no,up,0.05140317846,5.27472527473
KXH200W-26JUL24-4.79,KXH200W-26JUL24,h200,terminal,terminal,no,down,,
KXH200W-26JUL24-4.79,KXH200W-26JUL24,h200,mean5,terminal,yes,up,,
KXH200W-26JUL24-4.79,KXH200W-26JUL24,h200,mean5,terminal,yes,down,0.0100705785636,1.01214574899
KXH200W-26JUL24-4.79,KXH200W-26JUL24,h200,median7,terminal,yes,up,,
KXH200W-26JUL24-4.79,KXH200W-26JUL24,h200,median7,terminal,yes,down,0.0103843093057,1.04384133612
KXH200W-26JUL24-4.79,KXH200W-26JUL24,h200,month_mean,terminal,yes,up,,
KXH200W-26JUL24-4.79,KXH200W-26JUL24,h200,month_mean,terminal,yes,down,0.0305211890349,3.09917355372
KXH200W-26JUL24-4.79,KXH200W-26JUL24,h200,touch,terminal,yes,up,,
KXH200W-26JUL24-4.79,KXH200W-26JUL24,h200,touch,terminal,yes,down,,
KXH200W-26JUL17-4.27,KXH200W-26JUL17,h200,terminal,terminal,yes,up,,
KXH200W-26JUL17-4.27,KXH200W-26JUL17,h200,terminal,terminal,yes,down,0.114916584182,12.1779859485
KXH200W-26JUL17-4.27,KXH200W-26JUL17,h200,mean5,terminal,yes,up,,
KXH200W-26JUL17-4.27,KXH200W-26JUL17,h200,mean5,terminal,yes,down,0.400259474281,49.2211838006
KXH200W-26JUL17-4.27,KXH200W-26JUL17,h200,median7,terminal,yes,up,,
KXH200W-26JUL17-4.27,KXH200W-26JUL17,h200,median7,terminal,yes,down,,
KXH200W-26JUL17-4.27,KXH200W-26JUL17,h200,month_mean,terminal,yes,up,,
KXH200W-26JUL17-4.27,KXH200W-26JUL17,h200,month_mean,terminal,yes,down,0.505273909298,65.7439446367
KXH200W-26JUL17-4.27,KXH200W-26JUL17,h200,touch,terminal,yes,up,,
KXH200W-26JUL17-4.27,KXH200W-26JUL17,h200,touch,terminal,yes,down,,
KXH200W-26JUL10-4.06,KXH200W-26JUL10,h200,terminal,terminal,yes,up,,
KXH200W-26JUL10-4.06,KXH200W-26JUL10,h200,terminal,terminal,yes,down,0.0504308536269,5.1724137931
KXH200W-26JUL10-4.06,KXH200W-26JUL10,h200,mean5,terminal,yes,up,,
KXH200W-26JUL10-4.06,KXH200W-26JUL10,h200,mean5,terminal,yes,down,0.0957786736054,10.0515463918
KXH200W-26JUL10-4.06,KXH200W-26JUL10,h200,median7,terminal,yes,up,,
KXH200W-26JUL10-4.06,KXH200W-26JUL10,h200,median7,terminal,yes,down,0.00980400009662,0.985221674877
KXH200W-26JUL10-4.06,KXH200W-26JUL10,h200,month_mean,terminal,yes,up,,
KXH200W-26JUL10-4.06,KXH200W-26JUL10,h200,month_mean,terminal,yes,down,0.0778982483275,8.10126582278
KXH200W-26JUL10-4.06,KXH200W-26JUL10,h200,touch,terminal,yes,up,,
KXH200W-26JUL10-4.06,KXH200W-26JUL10,h200,touch,terminal,yes,down,,
KXH200W-26JUL03-3.49,KXH200W-26JUL03,h200,terminal,terminal,yes,up,,
KXH200W-26JUL03-3.49,KXH200W-26JUL03,h200,terminal,terminal,yes,down,0.151281237399,16.3323782235
KXH200W-26JUL03-3.49,KXH200W-26JUL03,h200,mean5,terminal,yes,up,,
KXH200W-26JUL03-3.49,KXH200W-26JUL03,h200,mean5,terminal,yes,down,0.577007530647,78.0701754386
KXH200W-26JUL03-3.49,KXH200W-26JUL03,h200,median7,terminal,yes,up,,
KXH200W-26JUL03-3.49,KXH200W-26JUL03,h200,median7,terminal,yes,down,,
KXH200W-26JUL03-3.49,KXH200W-26JUL03,h200,month_mean,terminal,yes,up,,
KXH200W-26JUL03-3.49,KXH200W-26JUL03,h200,month_mean,terminal,yes,down,0.461175715122,58.59375
KXH200W-26JUL03-3.49,KXH200W-26JUL03,h200,touch,terminal,yes,up,,
KXH200W-26JUL03-3.49,KXH200W-26JUL03,h200,touch,terminal,yes,down,,
KXH200W-26JUN26-3.5,KXH200W-26JUN26,h200,terminal,terminal,no,up,0.00286123228103,0.286532951289
KXH200W-26JUN26-3.5,KXH200W-26JUN26,h200,terminal,terminal,no,down,,
KXH200W-26JUN26-3.5,KXH200W-26JUN26,h200,mean5,terminal,no,up,0.217972611898,24.3553008596
KXH200W-26JUN26-3.5,KXH200W-26JUN26,h200,mean5,terminal,no,down,,
KXH200W-26JUN26-3.5,KXH200W-26JUN26,h200,median7,terminal,no,up,,
KXH200W-26JUN26-3.5,KXH200W-26JUN26,h200,median7,terminal,no,down,,
KXH200W-26JUN26-3.5,KXH200W-26JUN26,h200,month_mean,terminal,no,up,0.242385797537,27.4285714286
KXH200W-26JUN26-3.5,KXH200W-26JUN26,h200,month_mean,terminal,no,down,,
KXH200W-26JUN26-3.5,KXH200W-26JUN26,h200,touch,terminal,no,up,1.02255319456e-15,1.02255319456e-13
KXH200W-26JUN26-3.5,KXH200W-26JUN26,h200,touch,terminal,no,down,,
KXRTX5090W-26AUG28-0.52,KXRTX5090W-26AUG28,rtx-5090,terminal,terminal,yes,up,,
KXRTX5090W-26AUG28-0.52,KXRTX5090W-26AUG28,rtx-5090,terminal,terminal,yes,down,0.0190481949707,1.92307692308
KXRTX5090W-26AUG28-0.52,KXRTX5090W-26AUG28,rtx-5090,mean5,terminal,yes,up,,
KXRTX5090W-26AUG28-0.52,KXRTX5090W-26AUG28,rtx-5090,mean5,terminal,yes,down,0.117783035656,12.5
KXRTX5090W-26AUG28-0.52,KXRTX5090W-26AUG28,rtx-5090,median7,terminal,yes,up,,
KXRTX5090W-26AUG28-0.52,KXRTX5090W-26AUG28,rtx-5090,median7,terminal,yes,down,,
KXRTX5090W-26AUG28-0.52,KXRTX5090W-26AUG28,rtx-5090,month_mean,terminal,yes,up,,
KXRTX5090W-26AUG28-0.52,KXRTX5090W-26AUG28,rtx-5090,month_mean,terminal,yes,down,0.138836444854,14.8936170213
KXRTX5090W-26AUG28-0.52,KXRTX5090W-26AUG28,rtx-5090,touch,terminal,yes,up,,
KXRTX5090W-26AUG28-0.52,KXRTX5090W-26AUG28,rtx-5090,touch,terminal,yes,down,,
KXRTX5090W-26AUG21-0.5,KXRTX5090W-26AUG21,rtx-5090,terminal,terminal,yes,up,,
KXRTX5090W-26AUG21-0.5,KXRTX5090W-26AUG21,rtx-5090,terminal,terminal,yes,down,0.0392207131533,4.0
KXRTX5090W-26AUG21-0.5,KXRTX5090W-26AUG21,rtx-5090,mean5,terminal,yes,up,,
KXRTX5090W-26AUG21-0.5,KXRTX5090W-26AUG21,rtx-5090,mean5,terminal,yes,down,0.232622295269,26.1904761905
KXRTX5090W-26AUG21-0.5,KXRTX5090W-26AUG21,rtx-5090,median7,terminal,yes,up,,
KXRTX5090W-26AUG21-0.5,KXRTX5090W-26AUG21,rtx-5090,median7,terminal,yes,down,,
KXRTX5090W-26AUG21-0.5,KXRTX5090W-26AUG21,rtx-5090,month_mean,terminal,yes,up,,
KXRTX5090W-26AUG21-0.5,KXRTX5090W-26AUG21,rtx-5090,month_mean,terminal,yes,down,0.281412459438,32.5
KXRTX5090W-26AUG21-0.5,KXRTX5090W-26AUG21,rtx-5090,touch,terminal,yes,up,,
KXRTX5090W-26AUG21-0.5,KXRTX5090W-26AUG21,rtx-5090,touch,terminal,yes,down,,
KXRTX5090W-26AUG14-0.49,KXRTX5090W-26AUG14,rtx-5090,terminal,terminal,yes,up,,
KXRTX5090W-26AUG14-0.49,KXRTX5090W-26AUG14,rtx-5090,terminal,terminal,yes,down,0.0202027073175,2.04081632653
KXRTX5090W-26AUG14-0.49,KXRTX5090W-26AUG14,rtx-5090,mean5,terminal,yes,up,,
KXRTX5090W-26AUG14-0.49,KXRTX5090W-26AUG14,rtx-5090,mean5,terminal,yes,down,0.103184236235,10.8695652174
KXRTX5090W-26AUG14-0.49,KXRTX5090W-26AUG14,rtx-5090,median7,terminal,yes,up,,
KXRTX5090W-26AUG14-0.49,KXRTX5090W-26AUG14,rtx-5090,median7,terminal,yes,down,0.0202027073175,2.04081632653
KXRTX5090W-26AUG14-0.49,KXRTX5090W-26AUG14,rtx-5090,month_mean,terminal,yes,up,,
KXRTX5090W-26AUG14-0.49,KXRTX5090W-26AUG14,rtx-5090,month_mean,terminal,yes,down,0.103184236235,10.8695652174
KXRTX5090W-26AUG14-0.49,KXRTX5090W-26AUG14,rtx-5090,touch,terminal,yes,up,,
KXRTX5090W-26AUG14-0.49,KXRTX5090W-26AUG14,rtx-5090,touch,terminal,yes,down,,
KXRTX5090W-26AUG07-0.49,KXRTX5090W-26AUG07,rtx-5090,terminal,terminal,no,up,1.02255319456e-15,1.02255319456e-13
KXRTX5090W-26AUG07-0.49,KXRTX5090W-26AUG07,rtx-5090,terminal,terminal,no,down,,
KXRTX5090W-26AUG07-0.49,KXRTX5090W-26AUG07,rtx-5090,mean5,terminal,no,up,0.0202027073175,2.04081632653
KXRTX5090W-26AUG07-0.49,KXRTX5090W-26AUG07,rtx-5090,mean5,terminal,no,down,,
KXRTX5090W-26AUG07-0.49,KXRTX5090W-26AUG07,rtx-5090,median7,terminal,no,up,,
KXRTX5090W-26AUG07-0.49,KXRTX5090W-26AUG07,rtx-5090,median7,terminal,no,down,,
KXRTX5090W-26AUG07-0.49,KXRTX5090W-26AUG07,rtx-5090,month_mean,terminal,no,up,0.0202027073175,2.04081632653
KXRTX5090W-26AUG07-0.49,KXRTX5090W-26AUG07,rtx-5090,month_mean,terminal,no,down,,
KXRTX5090W-26AUG07-0.49,KXRTX5090W-26AUG07,rtx-5090,touch,terminal,no,up,1.02255319456e-15,1.02255319456e-13
KXRTX5090W-26AUG07-0.49,KXRTX5090W-26AUG07,rtx-5090,touch,terminal,no,down,,
KXRTX5090W-26JUL31-0.49,KXRTX5090W-26JUL31,rtx-5090,terminal,terminal,no,up,1.02255319456e-15,1.02255319456e-13
KXRTX5090W-26JUL31-0.49,KXRTX5090W-26JUL31,rtx-5090,terminal,terminal,no,down,,
KXRTX5090W-26JUL31-0.49,KXRTX5090W-26JUL31,rtx-5090,mean5,terminal,no,up,0.0202027073175,2.04081632653
KXRTX5090W-26JUL31-0.49,KXRTX5090W-26JUL31,rtx-5090,mean5,terminal,no,down,,
KXRTX5090W-26JUL31-0.49,KXRTX5090W-26JUL31,rtx-5090,median7,terminal,no,up,,
KXRTX5090W-26JUL31-0.49,KXRTX5090W-26JUL31,rtx-5090,median7,terminal,no,down,,
KXRTX5090W-26JUL31-0.49,KXRTX5090W-26JUL31,rtx-5090,month_mean,terminal,no,up,0.0594234204708,6.12244897959
KXRTX5090W-26JUL31-0.49,KXRTX5090W-26JUL31,rtx-5090,month_mean,terminal,no,down,,
KXRTX5090W-26JUL31-0.49,KXRTX5090W-26JUL31,rtx-5090,touch,terminal,no,up,1.02255319456e-15,1.02255319456e-13
KXRTX5090W-26JUL31-0.49,KXRTX5090W-26JUL31,rtx-5090,touch,terminal,no,down,,
KXRTX5090W-26JUL24-0.5,KXRTX5090W-26JUL24,rtx-5090,terminal,terminal,no,up,0.0202027073175,2.04081632653
KXRTX5090W-26JUL24-0.5,KXRTX5090W-26JUL24,rtx-5090,terminal,terminal,no,down,,
KXRTX5090W-26JUL24-0.5,KXRTX5090W-26JUL24,rtx-5090,mean5,terminal,no,up,0.0971637484536,10.2040816327
KXRTX5090W-26JUL24-0.5,KXRTX5090W-26JUL24,rtx-5090,mean5,terminal,no,down,,
KXRTX5090W-26JUL24-0.5,KXRTX5090W-26JUL24,rtx-5090,median7,terminal,no,up,,
KXRTX5090W-26JUL24-0.5,KXRTX5090W-26JUL24,rtx-5090,median7,terminal,no,down,,
KXRTX5090W-26JUL24-0.5,KXRTX5090W-26JUL24,rtx-5090,month_mean,terminal,no,up,0.0953101798043,10.0
KXRTX5090W-26JUL24-0.5,KXRTX5090W-26JUL24,rtx-5090,month_mean,terminal,no,down,,
KXRTX5090W-26JUL24-0.5,KXRTX5090W-26JUL24,rtx-5090,touch,terminal,no,up,1.02255319456e-15,1.02255319456e-13
KXRTX5090W-26JUL24-0.5,KXRTX5090W-26JUL24,rtx-5090,touch,terminal,no,down,,
KXRTX5090W-26JUL17-0.51,KXRTX5090W-26JUL17,rtx-5090,terminal,terminal,no,up,0.0198026272962,2.0
KXRTX5090W-26JUL17-0.51,KXRTX5090W-26JUL17,rtx-5090,terminal,terminal,no,down,,
KXRTX5090W-26JUL17-0.51,KXRTX5090W-26JUL17,rtx-5090,mean5,terminal,no,up,0.05715841384,5.88235294118
KXRTX5090W-26JUL17-0.51,KXRTX5090W-26JUL17,rtx-5090,mean5,terminal,no,down,,
KXRTX5090W-26JUL17-0.51,KXRTX5090W-26JUL17,rtx-5090,median7,terminal,no,up,,
KXRTX5090W-26JUL17-0.51,KXRTX5090W-26JUL17,rtx-5090,median7,terminal,no,down,,
KXRTX5090W-26JUL17-0.51,KXRTX5090W-26JUL17,rtx-5090,month_mean,terminal,no,up,0.05715841384,5.88235294118
KXRTX5090W-26JUL17-0.51,KXRTX5090W-26JUL17,rtx-5090,month_mean,terminal,no,down,,
KXRTX5090W-26JUL17-0.51,KXRTX5090W-26JUL17,rtx-5090,touch,terminal,no,up,1.02255319456e-15,1.02255319456e-13
KXRTX5090W-26JUL17-0.51,KXRTX5090W-26JUL17,rtx-5090,touch,terminal,no,down,,
KXRTX5090W-26JUL10-0.52,KXRTX5090W-26JUL10,rtx-5090,terminal,terminal,no,up,0.0194180858571,1.96078431373
KXRTX5090W-26JUL10-0.52,KXRTX5090W-26JUL10,rtx-5090,terminal,terminal,no,down,,
KXRTX5090W-26JUL10-0.52,KXRTX5090W-26JUL10,rtx-5090,mean5,terminal,no,up,0.11122563511,11.7647058824
KXRTX5090W-26JUL10-0.52,KXRTX5090W-26JUL10,rtx-5090,mean5,terminal,no,down,,
KXRTX5090W-26JUL10-0.52,KXRTX5090W-26JUL10,rtx-5090,median7,terminal,no,up,,
KXRTX5090W-26JUL10-0.52,KXRTX5090W-26JUL10,rtx-5090,median7,terminal,no,down,,
KXRTX5090W-26JUL10-0.52,KXRTX5090W-26JUL10,rtx-5090,month_mean,terminal,no,up,0.126293725324,13.4615384615
KXRTX5090W-26JUL10-0.52,KXRTX5090W-26JUL10,rtx-5090,month_mean,terminal,no,down,,
KXRTX5090W-26JUL10-0.52,KXRTX5090W-26JUL10,rtx-5090,touch,terminal,no,up,1.02255319456e-15,1.02255319456e-13
KXRTX5090W-26JUL10-0.52,KXRTX5090W-26JUL10,rtx-5090,touch,terminal,no,down,,
KXRTX5090W-26JUL03-0.54,KXRTX5090W-26JUL03,rtx-5090,terminal,terminal,no,up,0.0377403279828,3.84615384615
KXRTX5090W-26JUL03-0.54,KXRTX5090W-26JUL03,rtx-5090,terminal,terminal,no,down,,
KXRTX5090W-26JUL03-0.54,KXRTX5090W-26JUL03,rtx-5090,mean5,terminal,no,up,0.0870113769896,9.09090909091
KXRTX5090W-26JUL03-0.54,KXRTX5090W-26JUL03,rtx-5090,mean5,terminal,no,down,,
KXRTX5090W-26JUL03-0.54,KXRTX5090W-26JUL03,rtx-5090,median7,terminal,no,up,,
KXRTX5090W-26JUL03-0.54,KXRTX5090W-26JUL03,rtx-5090,median7,terminal,no,down,,
KXRTX5090W-26JUL03-0.54,KXRTX5090W-26JUL03,rtx-5090,month_mean,terminal,no,up,0.0901510969943,9.43396226415
KXRTX5090W-26JUL03-0.54,KXRTX5090W-26JUL03,rtx-5090,month_mean,terminal,no,down,,
KXRTX5090W-26JUL03-0.54,KXRTX5090W-26JUL03,rtx-5090,touch,terminal,yes,up,,
KXRTX5090W-26JUL03-0.54,KXRTX5090W-26JUL03,rtx-5090,touch,terminal,yes,down,0.0183491386682,1.85185185185
KXRTX5090W-26JUN26-0.58,KXRTX5090W-26JUN26,rtx-5090,terminal,terminal,no,up,0.0714589639821,7.40740740741
KXRTX5090W-26JUN26-0.58,KXRTX5090W-26JUN26,rtx-5090,terminal,terminal,no,down,,
KXRTX5090W-26JUN26-0.58,KXRTX5090W-26JUN26,rtx-5090,mean5,terminal,no,up,0.328504066972,38.8888888889
KXRTX5090W-26JUN26-0.58,KXRTX5090W-26JUN26,rtx-5090,mean5,terminal,no,down,,
KXRTX5090W-26JUN26-0.58,KXRTX5090W-26JUN26,rtx-5090,median7,terminal,no,up,,
KXRTX5090W-26JUN26-0.58,KXRTX5090W-26JUN26,rtx-5090,median7,terminal,no,down,,
KXRTX5090W-26JUN26-0.58,KXRTX5090W-26JUN26,rtx-5090,month_mean,terminal,no,up,0.346276236718,41.3793103448
KXRTX5090W-26JUN26-0.58,KXRTX5090W-26JUN26,rtx-5090,month_mean,terminal,no,down,,
KXRTX5090W-26JUN26-0.58,KXRTX5090W-26JUN26,rtx-5090,touch,terminal,no,up,1.02255319456e-15,1.02255319456e-13
KXRTX5090W-26JUN26-0.58,KXRTX5090W-26JUN26,rtx-5090,touch,terminal,no,down,,
KXB200MON-26JUL31-7.360,KXB200MON-26JUL31,b200,terminal,terminal,no,up,0.138200661808,14.8205928237
KXB200MON-26JUL31-7.360,KXB200MON-26JUL31,b200,terminal,terminal,no,down,,
KXB200MON-26JUL31-7.360,KXB200MON-26JUL31,b200,mean5,terminal,no,up,0.537841988386,71.2307692308
KXB200MON-26JUL31-7.360,KXB200MON-26JUL31,b200,mean5,terminal,no,down,,
KXB200MON-26JUL31-7.360,KXB200MON-26JUL31,b200,median7,terminal,no,up,,
KXB200MON-26JUL31-7.360,KXB200MON-26JUL31,b200,median7,terminal,no,down,,
KXB200MON-26JUL31-7.360,KXB200MON-26JUL31,b200,month_mean,terminal,no,up,1.55727668801,374.587912088
KXB200MON-26JUL31-7.360,KXB200MON-26JUL31,b200,month_mean,terminal,no,down,,
KXB200MON-26JUL31-7.360,KXB200MON-26JUL31,b200,touch,terminal,no,up,0.0109290705322,1.0989010989
KXB200MON-26JUL31-7.360,KXB200MON-26JUL31,b200,touch,terminal,no,down,,
KXB200MON-26JUL31-7.260,KXB200MON-26JUL31,b200,terminal,terminal,no,up,0.124520557904,13.2605304212
KXB200MON-26JUL31-7.260,KXB200MON-26JUL31,b200,terminal,terminal,no,down,,
KXB200MON-26JUL31-7.260,KXB200MON-26JUL31,b200,mean5,terminal,no,up,0.491878015452,63.5384615385
KXB200MON-26JUL31-7.260,KXB200MON-26JUL31,b200,mean5,terminal,no,down,,
KXB200MON-26JUL31-7.260,KXB200MON-26JUL31,b200,median7,terminal,no,up,,
KXB200MON-26JUL31-7.260,KXB200MON-26JUL31,b200,median7,terminal,no,down,,
KXB200MON-26JUL31-7.260,KXB200MON-26JUL31,b200,month_mean,terminal,no,up,1.46644272678,333.379120879
KXB200MON-26JUL31-7.260,KXB200MON-26JUL31,b200,month_mean,terminal,no,down,,
KXB200MON-26JUL31-7.260,KXB200MON-26JUL31,b200,touch,terminal,yes,up,,
KXB200MON-26JUL31-7.260,KXB200MON-26JUL31,b200,touch,terminal,yes,down,0.00275103337189,0.275482093664
KXB200MON-26JUL31-7.160,KXB200MON-26JUL31,b200,terminal,terminal,no,up,0.11065071004,11.7004680187
KXB200MON-26JUL31-7.160,KXB200MON-26JUL31,b200,terminal,terminal,no,down,,
KXB200MON-26JUL31-7.160,KXB200MON-26JUL31,b200,mean5,terminal,no,up,0.443699141359,55.8461538462
KXB200MON-26JUL31-7.160,KXB200MON-26JUL31,b200,mean5,terminal,no,down,,
KXB200MON-26JUL31-7.160,KXB200MON-26JUL31,b200,median7,terminal,no,up,,
KXB200MON-26JUL31-7.160,KXB200MON-26JUL31,b200,median7,terminal,no,down,,
KXB200MON-26JUL31-7.160,KXB200MON-26JUL31,b200,month_mean,terminal,no,up,1.36652607389,292.17032967
KXB200MON-26JUL31-7.160,KXB200MON-26JUL31,b200,month_mean,terminal,no,down,,
KXB200MON-26JUL31-7.160,KXB200MON-26JUL31,b200,touch,terminal,yes,up,,
KXB200MON-26JUL31-7.160,KXB200MON-26JUL31,b200,touch,terminal,yes,down,,
KXB200MON-26JUL31-7.060,KXB200MON-26JUL31,b200,terminal,terminal,no,up,0.0965857805726,10.1404056162
KXB200MON-26JUL31-7.060,KXB200MON-26JUL31,b200,terminal,terminal,no,down,,
KXB200MON-26JUL31-7.060,KXB200MON-26JUL31,b200,mean5,terminal,no,up,0.393081048908,48.1538461538
KXB200MON-26JUL31-7.060,KXB200MON-26JUL31,b200,mean5,terminal,no,down,,
KXB200MON-26JUL31-7.060,KXB200MON-26JUL31,b200,median7,terminal,no,up,,
KXB200MON-26JUL31-7.060,KXB200MON-26JUL31,b200,median7,terminal,no,down,,
KXB200MON-26JUL31-7.060,KXB200MON-26JUL31,b200,month_mean,terminal,no,up,1.25550645444,250.961538462
KXB200MON-26JUL31-7.060,KXB200MON-26JUL31,b200,month_mean,terminal,no,down,,
KXB200MON-26JUL31-7.060,KXB200MON-26JUL31,b200,touch,terminal,yes,up,,
KXB200MON-26JUL31-7.060,KXB200MON-26JUL31,b200,touch,terminal,yes,down,,
KXB200MON-26JUL31-6.960,KXB200MON-26JUL31,b200,terminal,terminal,no,up,0.0823202034137,8.58034321373
KXB200MON-26JUL31-6.960,KXB200MON-26JUL31,b200,terminal,terminal,no,down,,
KXB200MON-26JUL31-6.960,KXB200MON-26JUL31,b200,mean5,terminal,no,up,0.339763517705,40.4615384615
KXB200MON-26JUL31-6.960,KXB200MON-26JUL31,b200,mean5,terminal,no,down,,
KXB200MON-26JUL31-6.960,KXB200MON-26JUL31,b200,median7,terminal,no,up,,
KXB200MON-26JUL31-6.960,KXB200MON-26JUL31,b200,median7,terminal,no,down,,
KXB200MON-26JUL31-6.960,KXB200MON-26JUL31,b200,month_mean,terminal,no,up,1.13060420374,209.752747253
KXB200MON-26JUL31-6.960,KXB200MON-26JUL31,b200,month_mean,terminal,no,down,,
KXB200MON-26JUL31-6.960,KXB200MON-26JUL31,b200,touch,terminal,yes,up,,
KXB200MON-26JUL31-6.960,KXB200MON-26JUL31,b200,touch,terminal,yes,down,,
KXB200MON-26JUL31-6.860,KXB200MON-26JUL31,b200,terminal,terminal,no,up,0.0678481708052,7.02028081123
KXB200MON-26JUL31-6.860,KXB200MON-26JUL31,b200,terminal,terminal,no,down,,
KXB200MON-26JUL31-6.860,KXB200MON-26JUL31,b200,mean5,terminal,no,up,0.283442328194,32.7692307692
KXB200MON-26JUL31-6.860,KXB200MON-26JUL31,b200,mean5,terminal,no,down,,
KXB200MON-26JUL31-6.860,KXB200MON-26JUL31,b200,median7,terminal,no,up,,
KXB200MON-26JUL31-6.860,KXB200MON-26JUL31,b200,median7,terminal,no,down,,
KXB200MON-26JUL31-6.860,KXB200MON-26JUL31,b200,month_mean,terminal,no,up,0.987844424223,168.543956044
KXB200MON-26JUL31-6.860,KXB200MON-26JUL31,b200,month_mean,terminal,no,down,,
KXB200MON-26JUL31-6.860,KXB200MON-26JUL31,b200,touch,terminal,yes,up,,
KXB200MON-26JUL31-6.860,KXB200MON-26JUL31,b200,touch,terminal,yes,down,,
KXB200MON-26JUL31-6.760,KXB200MON-26JUL31,b200,terminal,terminal,no,up,0.0531636191223,5.46021840874
KXB200MON-26JUL31-6.760,KXB200MON-26JUL31,b200,terminal,terminal,no,down,,
KXB200MON-26JUL31-6.760,KXB200MON-26JUL31,b200,mean5,terminal,no,up,0.223758746658,25.0769230769
KXB200MON-26JUL31-6.760,KXB200MON-26JUL31,b200,mean5,terminal,no,down,,
KXB200MON-26JUL31-6.760,KXB200MON-26JUL31,b200,median7,terminal,no,up,,
KXB200MON-26JUL31-6.760,KXB200MON-26JUL31,b200,median7,terminal,no,down,,
KXB200MON-26JUL31-6.760,KXB200MON-26JUL31,b200,month_mean,terminal,no,up,0.821255239614,127.335164835
KXB200MON-26JUL31-6.760,KXB200MON-26JUL31,b200,month_mean,terminal,no,down,,
KXB200MON-26JUL31-6.760,KXB200MON-26JUL31,b200,touch,terminal,yes,up,,
KXB200MON-26JUL31-6.760,KXB200MON-26JUL31,b200,touch,terminal,yes,down,,
KXB200MON-26JUL31-6.660,KXB200MON-26JUL31,b200,terminal,terminal,no,up,0.0382602136197,3.90015600624
KXB200MON-26JUL31-6.660,KXB200MON-26JUL31,b200,terminal,terminal,no,down,,
KXB200MON-26JUL31-6.660,KXB200MON-26JUL31,b200,mean5,terminal,no,up,0.160285668395,17.3846153846
KXB200MON-26JUL31-6.660,KXB200MON-26JUL31,b200,mean5,terminal,no,down,,
KXB200MON-26JUL31-6.660,KXB200MON-26JUL31,b200,median7,terminal,no,up,,
KXB200MON-26JUL31-6.660,KXB200MON-26JUL31,b200,median7,terminal,no,down,,
KXB200MON-26JUL31-6.660,KXB200MON-26JUL31,b200,month_mean,terminal,no,up,0.621255685117,86.1263736264
KXB200MON-26JUL31-6.660,KXB200MON-26JUL31,b200,month_mean,terminal,no,down,,
KXB200MON-26JUL31-6.660,KXB200MON-26JUL31,b200,touch,terminal,yes,up,,
KXB200MON-26JUL31-6.660,KXB200MON-26JUL31,b200,touch,terminal,yes,down,,
KXB200MON-26JUL31-6.560,KXB200MON-26JUL31,b200,terminal,terminal,no,up,0.0231313320234,2.34009360374
KXB200MON-26JUL31-6.560,KXB200MON-26JUL31,b200,terminal,terminal,no,down,,
KXB200MON-26JUL31-6.560,KXB200MON-26JUL31,b200,mean5,terminal,no,up,0.0925090575246,9.69230769231
KXB200MON-26JUL31-6.560,KXB200MON-26JUL31,b200,mean5,terminal,no,down,,
KXB200MON-26JUL31-6.560,KXB200MON-26JUL31,b200,median7,terminal,no,up,,
KXB200MON-26JUL31-6.560,KXB200MON-26JUL31,b200,median7,terminal,no,down,,
KXB200MON-26JUL31-6.560,KXB200MON-26JUL31,b200,month_mean,terminal,no,up,0.370994997713,44.9175824176
KXB200MON-26JUL31-6.560,KXB200MON-26JUL31,b200,month_mean,terminal,no,down,,
KXB200MON-26JUL31-6.560,KXB200MON-26JUL31,b200,touch,terminal,yes,up,,
KXB200MON-26JUL31-6.560,KXB200MON-26JUL31,b200,touch,terminal,yes,down,,
KXB200MON-26JUL31-6.460,KXB200MON-26JUL31,b200,terminal,terminal,no,up,0.00777004686193,0.780031201248
KXB200MON-26JUL31-6.460,KXB200MON-26JUL31,b200,terminal,terminal,no,down,,
KXB200MON-26JUL31-6.460,KXB200MON-26JUL31,b200,mean5,terminal,no,up,0.0198026272962,2.0
KXB200MON-26JUL31-6.460,KXB200MON-26JUL31,b200,mean5,terminal,no,down,,
KXB200MON-26JUL31-6.460,KXB200MON-26JUL31,b200,median7,terminal,no,up,0.00154918698683,0.15503875969
KXB200MON-26JUL31-6.460,KXB200MON-26JUL31,b200,median7,terminal,no,down,,
KXB200MON-26JUL31-6.460,KXB200MON-26JUL31,b200,month_mean,terminal,no,up,0.0364167010523,3.70879120879
KXB200MON-26JUL31-6.460,KXB200MON-26JUL31,b200,month_mean,terminal,no,down,,
KXB200MON-26JUL31-6.460,KXB200MON-26JUL31,b200,touch,terminal,yes,up,,
KXB200MON-26JUL31-6.460,KXB200MON-26JUL31,b200,touch,terminal,yes,down,,
KXB200MON-26JUL31-6.360,KXB200MON-26JUL31,b200,terminal,terminal,yes,up,,
KXB200MON-26JUL31-6.360,KXB200MON-26JUL31,b200,terminal,terminal,yes,down,0.00783089358055,0.786163522013
KXB200MON-26JUL31-6.360,KXB200MON-26JUL31,b200,mean5,terminal,yes,up,,
KXB200MON-26JUL31-6.360,KXB200MON-26JUL31,b200,mean5,terminal,yes,down,0.0586074269535,6.03588907015
KXB200MON-26JUL31-6.360,KXB200MON-26JUL31,b200,median7,terminal,yes,up,,
KXB200MON-26JUL31-6.360,KXB200MON-26JUL31,b200,median7,terminal,yes,down,,
KXB200MON-26JUL31-6.360,KXB200MON-26JUL31,b200,month_mean,terminal,yes,up,,
KXB200MON-26JUL31-6.360,KXB200MON-26JUL31,b200,month_mean,terminal,yes,down,0.470003629246,60.0
KXB200MON-26JUL31-6.360,KXB200MON-26JUL31,b200,touch,terminal,yes,up,,
KXB200MON-26JUL31-6.360,KXB200MON-26JUL31,b200,touch,terminal,yes,down,,
KXB200MON-26JUL31-6.260,KXB200MON-26JUL31,b200,terminal,terminal,yes,up,,
KXB200MON-26JUL31-6.260,KXB200MON-26JUL31,b200,terminal,terminal,yes,down,0.0236790858206,2.39616613419
KXB200MON-26JUL31-6.260,KXB200MON-26JUL31,b200,mean5,terminal,yes,up,,
KXB200MON-26JUL31-6.260,KXB200MON-26JUL31,b200,mean5,terminal,yes,down,0.14369273475,15.4529307282
KXB200MON-26JUL31-6.260,KXB200MON-26JUL31,b200,median7,terminal,yes,up,,
KXB200MON-26JUL31-6.260,KXB200MON-26JUL31,b200,median7,terminal,yes,down,,
KXB200MON-26JUL31-6.260,KXB200MON-26JUL31,b200,month_mean,terminal,yes,up,,
KXB200MON-26JUL31-6.260,KXB200MON-26JUL31,b200,month_mean,terminal,yes,down,1.54687593128,369.677419355
KXB200MON-26JUL31-6.260,KXB200MON-26JUL31,b200,touch,terminal,yes,up,,
KXB200MON-26JUL31-6.260,KXB200MON-26JUL31,b200,touch,terminal,yes,down,,
KXB200MON-26JUL31-6.160,KXB200MON-26JUL31,b200,terminal,terminal,yes,up,,
KXB200MON-26JUL31-6.160,KXB200MON-26JUL31,b200,terminal,terminal,yes,down,0.0397824933872,4.05844155844
KXB200MON-26JUL31-6.160,KXB200MON-26JUL31,b200,mean5,terminal,yes,up,,
KXB200MON-26JUL31-6.160,KXB200MON-26JUL31,b200,mean5,terminal,yes,down,0.236696517719,26.7056530214
KXB200MON-26JUL31-6.160,KXB200MON-26JUL31,b200,median7,terminal,yes,up,,
KXB200MON-26JUL31-6.160,KXB200MON-26JUL31,b200,median7,terminal,yes,down,,
KXB200MON-26JUL31-6.160,KXB200MON-26JUL31,b200,month_mean,terminal,yes,up,,
KXB200MON-26JUL31-6.160,KXB200MON-26JUL31,b200,month_mean,terminal,yes,down,,
KXB200MON-26JUL31-6.160,KXB200MON-26JUL31,b200,touch,terminal,yes,up,,
KXB200MON-26JUL31-6.160,KXB200MON-26JUL31,b200,touch,terminal,yes,down,,
KXB200MON-26JUL31-6.060,KXB200MON-26JUL31,b200,terminal,terminal,yes,up,,
KXB200MON-26JUL31-6.060,KXB200MON-26JUL31,b200,terminal,terminal,yes,down,0.0561494708514,5.77557755776
KXB200MON-26JUL31-6.060,KXB200MON-26JUL31,b200,mean5,terminal,yes,up,,
KXB200MON-26JUL31-6.060,KXB200MON-26JUL31,b200,mean5,terminal,yes,down,0.339245308803,40.3887688985
KXB200MON-26JUL31-6.060,KXB200MON-26JUL31,b200,median7,terminal,yes,up,,
KXB200MON-26JUL31-6.060,KXB200MON-26JUL31,b200,median7,terminal,yes,down,,
KXB200MON-26JUL31-6.060,KXB200MON-26JUL31,b200,month_mean,terminal,yes,up,,
KXB200MON-26JUL31-6.060,KXB200MON-26JUL31,b200,month_mean,terminal,yes,down,,
KXB200MON-26JUL31-6.060,KXB200MON-26JUL31,b200,touch,terminal,yes,up,,
KXB200MON-26JUL31-6.060,KXB200MON-26JUL31,b200,touch,terminal,yes,down,,
KXB200MON-26JUL31-5.960,KXB200MON-26JUL31,b200,terminal,terminal,yes,up,,
KXB200MON-26JUL31-5.960,KXB200MON-26JUL31,b200,terminal,terminal,yes,down,0.0727887898553,7.55033557047
KXB200MON-26JUL31-5.960,KXB200MON-26JUL31,b200,mean5,terminal,yes,up,,
KXB200MON-26JUL31-5.960,KXB200MON-26JUL31,b200,mean5,terminal,yes,down,0.453524769929,57.3849878935
KXB200MON-26JUL31-5.960,KXB200MON-26JUL31,b200,median7,terminal,yes,up,,
KXB200MON-26JUL31-5.960,KXB200MON-26JUL31,b200,median7,terminal,yes,down,,
KXB200MON-26JUL31-5.960,KXB200MON-26JUL31,b200,month_mean,terminal,yes,up,,
KXB200MON-26JUL31-5.960,KXB200MON-26JUL31,b200,month_mean,terminal,yes,down,,
KXB200MON-26JUL31-5.960,KXB200MON-26JUL31,b200,touch,terminal,yes,up,,
KXB200MON-26JUL31-5.960,KXB200MON-26JUL31,b200,touch,terminal,yes,down,,
KXB200MON-26JUL31-5.860,KXB200MON-26JUL31,b200,terminal,terminal,yes,up,,
KXB200MON-26JUL31-5.860,KXB200MON-26JUL31,b200,terminal,terminal,yes,down,0.0897096673437,9.38566552901
KXB200MON-26JUL31-5.860,KXB200MON-26JUL31,b200,mean5,terminal,yes,up,,
KXB200MON-26JUL31-5.860,KXB200MON-26JUL31,b200,mean5,terminal,yes,down,0.582569528625,79.0633608815
KXB200MON-26JUL31-5.860,KXB200MON-26JUL31,b200,median7,terminal,yes,up,,
KXB200MON-26JUL31-5.860,KXB200MON-26JUL31,b200,median7,terminal,yes,down,,
KXB200MON-26JUL31-5.860,KXB200MON-26JUL31,b200,month_mean,terminal,yes,up,,
KXB200MON-26JUL31-5.860,KXB200MON-26JUL31,b200,month_mean,terminal,yes,down,,
KXB200MON-26JUL31-5.860,KXB200MON-26JUL31,b200,touch,terminal,yes,up,,
KXB200MON-26JUL31-5.860,KXB200MON-26JUL31,b200,touch,terminal,yes,down,,
KXB200MON-26JUL31-5.760,KXB200MON-26JUL31,b200,terminal,terminal,yes,up,,
KXB200MON-26JUL31-5.760,KXB200MON-26JUL31,b200,terminal,terminal,yes,down,0.106921796225,11.2847222222
KXB200MON-26JUL31-5.760,KXB200MON-26JUL31,b200,mean5,terminal,yes,up,,
KXB200MON-26JUL31-5.760,KXB200MON-26JUL31,b200,mean5,terminal,yes,down,0.73076917235,107.667731629
KXB200MON-26JUL31-5.760,KXB200MON-26JUL31,b200,median7,terminal,yes,up,,
KXB200MON-26JUL31-5.760,KXB200MON-26JUL31,b200,median7,terminal,yes,down,,
KXB200MON-26JUL31-5.760,KXB200MON-26JUL31,b200,month_mean,terminal,yes,up,,
KXB200MON-26JUL31-5.760,KXB200MON-26JUL31,b200,month_mean,terminal,yes,down,,
KXB200MON-26JUL31-5.760,KXB200MON-26JUL31,b200,touch,terminal,yes,up,,
KXB200MON-26JUL31-5.760,KXB200MON-26JUL31,b200,touch,terminal,yes,down,,
KXB200MON-26JUL31-5.660,KXB200MON-26JUL31,b200,terminal,terminal,yes,up,,
KXB200MON-26JUL31-5.660,KXB200MON-26JUL31,b200,terminal,terminal,yes,down,0.124435378717,13.2508833922
KXB200MON-26JUL31-5.660,KXB200MON-26JUL31,b200,mean5,terminal,yes,up,,
KXB200MON-26JUL31-5.660,KXB200MON-26JUL31,b200,mean5,terminal,yes,down,0.904818330712,147.148288973
KXB200MON-26JUL31-5.660,KXB200MON-26JUL31,b200,median7,terminal,yes,up,,
KXB200MON-26JUL31-5.660,KXB200MON-26JUL31,b200,median7,terminal,yes,down,,
KXB200MON-26JUL31-5.660,KXB200MON-26JUL31,b200,month_mean,terminal,yes,up,,
KXB200MON-26JUL31-5.660,KXB200MON-26JUL31,b200,month_mean,terminal,yes,down,,
KXB200MON-26JUL31-5.660,KXB200MON-26JUL31,b200,touch,terminal,yes,up,,
KXB200MON-26JUL31-5.660,KXB200MON-26JUL31,b200,touch,terminal,yes,down,,
KXB200MON-26JUL31-5.560,KXB200MON-26JUL31,b200,terminal,terminal,yes,up,,
KXB200MON-26JUL31-5.560,KXB200MON-26JUL31,b200,terminal,terminal,yes,down,0.14226116267,15.2877697842
KXB200MON-26JUL31-5.560,KXB200MON-26JUL31,b200,mean5,terminal,yes,up,,
KXB200MON-26JUL31-5.560,KXB200MON-26JUL31,b200,mean5,terminal,yes,down,1.11568019718,205.164319249
KXB200MON-26JUL31-5.560,KXB200MON-26JUL31,b200,median7,terminal,yes,up,,
KXB200MON-26JUL31-5.560,KXB200MON-26JUL31,b200,median7,terminal,yes,down,,
KXB200MON-26JUL31-5.560,KXB200MON-26JUL31,b200,month_mean,terminal,yes,up,,
KXB200MON-26JUL31-5.560,KXB200MON-26JUL31,b200,month_mean,terminal,yes,down,,
KXB200MON-26JUL31-5.560,KXB200MON-26JUL31,b200,touch,terminal,yes,up,,
KXB200MON-26JUL31-5.560,KXB200MON-26JUL31,b200,touch,terminal,yes,down,,
KXB200MON-26JUL31-5.460,KXB200MON-26JUL31,b200,terminal,terminal,yes,up,,
KXB200MON-26JUL31-5.460,KXB200MON-26JUL31,b200,terminal,terminal,yes,down,0.160410481176,17.3992673993
KXB200MON-26JUL31-5.460,KXB200MON-26JUL31,b200,mean5,terminal,yes,up,,
KXB200MON-26JUL31-5.460,KXB200MON-26JUL31,b200,mean5,terminal,yes,down,1.38322216208,298.773006135
KXB200MON-26JUL31-5.460,KXB200MON-26JUL31,b200,median7,terminal,yes,up,,
KXB200MON-26JUL31-5.460,KXB200MON-26JUL31,b200,median7,terminal,yes,down,,
KXB200MON-26JUL31-5.460,KXB200MON-26JUL31,b200,month_mean,terminal,yes,up,,
KXB200MON-26JUL31-5.460,KXB200MON-26JUL31,b200,month_mean,terminal,yes,down,,
KXB200MON-26JUL31-5.460,KXB200MON-26JUL31,b200,touch,terminal,yes,up,,
KXB200MON-26JUL31-5.460,KXB200MON-26JUL31,b200,touch,terminal,yes,down,,
KXB200MON-26JUL31-5.360,KXB200MON-26JUL31,b200,terminal,terminal,yes,up,,
KXB200MON-26JUL31-5.360,KXB200MON-26JUL31,b200,terminal,terminal,yes,down,0.17889529585,19.5895522388
KXB200MON-26JUL31-5.360,KXB200MON-26JUL31,b200,mean5,terminal,yes,up,,
KXB200MON-26JUL31-5.360,KXB200MON-26JUL31,b200,mean5,terminal,yes,down,1.74958454418,475.221238938
KXB200MON-26JUL31-5.360,KXB200MON-26JUL31,b200,median7,terminal,yes,up,,
KXB200MON-26JUL31-5.360,KXB200MON-26JUL31,b200,median7,terminal,yes,down,,
KXB200MON-26JUL31-5.360,KXB200MON-26JUL31,b200,month_mean,terminal,yes,up,,
KXB200MON-26JUL31-5.360,KXB200MON-26JUL31,b200,month_mean,terminal,yes,down,,
KXB200MON-26JUL31-5.360,KXB200MON-26JUL31,b200,touch,terminal,yes,up,,
KXB200MON-26JUL31-5.360,KXB200MON-26JUL31,b200,touch,terminal,yes,down,,
KXB200MON-26JUL31-5.260,KXB200MON-26JUL31,b200,terminal,terminal,yes,up,,
KXB200MON-26JUL31-5.260,KXB200MON-26JUL31,b200,terminal,terminal,yes,down,0.197728244183,21.8631178707
KXB200MON-26JUL31-5.260,KXB200MON-26JUL31,b200,mean5,terminal,yes,up,,
KXB200MON-26JUL31-5.260,KXB200MON-26JUL31,b200,mean5,terminal,yes,down,2.3338376365,931.746031746
KXB200MON-26JUL31-5.260,KXB200MON-26JUL31,b200,median7,terminal,yes,up,,
KXB200MON-26JUL31-5.260,KXB200MON-26JUL31,b200,median7,terminal,yes,down,,
KXB200MON-26JUL31-5.260,KXB200MON-26JUL31,b200,month_mean,terminal,yes,up,,
KXB200MON-26JUL31-5.260,KXB200MON-26JUL31,b200,month_mean,terminal,yes,down,,
KXB200MON-26JUL31-5.260,KXB200MON-26JUL31,b200,touch,terminal,yes,up,,
KXB200MON-26JUL31-5.260,KXB200MON-26JUL31,b200,touch,terminal,yes,down,,
KXB200MON-26JUL31-5.160,KXB200MON-26JUL31,b200,terminal,terminal,yes,up,,
KXB200MON-26JUL31-5.160,KXB200MON-26JUL31,b200,terminal,terminal,yes,down,0.216922691439,24.2248062016
KXB200MON-26JUL31-5.160,KXB200MON-26JUL31,b200,mean5,terminal,yes,up,,
KXB200MON-26JUL31-5.160,KXB200MON-26JUL31,b200,mean5,terminal,yes,down,3.91202300543,4900.0
KXB200MON-26JUL31-5.160,KXB200MON-26JUL31,b200,median7,terminal,yes,up,,
KXB200MON-26JUL31-5.160,KXB200MON-26JUL31,b200,median7,terminal,yes,down,,
KXB200MON-26JUL31-5.160,KXB200MON-26JUL31,b200,month_mean,terminal,yes,up,,
KXB200MON-26JUL31-5.160,KXB200MON-26JUL31,b200,month_mean,terminal,yes,down,,
KXB200MON-26JUL31-5.160,KXB200MON-26JUL31,b200,touch,terminal,yes,up,,
KXB200MON-26JUL31-5.160,KXB200MON-26JUL31,b200,touch,terminal,yes,down,,
KXB200MON-26JUL31-5.060,KXB200MON-26JUL31,b200,terminal,terminal,yes,up,,
KXB200MON-26JUL31-5.060,KXB200MON-26JUL31,b200,terminal,terminal,yes,down,0.236492787633,26.6798418972
KXB200MON-26JUL31-5.060,KXB200MON-26JUL31,b200,mean5,terminal,yes,up,,
KXB200MON-26JUL31-5.060,KXB200MON-26JUL31,b200,mean5,terminal,yes,down,,
KXB200MON-26JUL31-5.060,KXB200MON-26JUL31,b200,median7,terminal,yes,up,,
KXB200MON-26JUL31-5.060,KXB200MON-26JUL31,b200,median7,terminal,yes,down,,
KXB200MON-26JUL31-5.060,KXB200MON-26JUL31,b200,month_mean,terminal,yes,up,,
KXB200MON-26JUL31-5.060,KXB200MON-26JUL31,b200,month_mean,terminal,yes,down,,
KXB200MON-26JUL31-5.060,KXB200MON-26JUL31,b200,touch,terminal,yes,up,,
KXB200MON-26JUL31-5.060,KXB200MON-26JUL31,b200,touch,terminal,yes,down,,
KXB200MON-26JUL31-4.960,KXB200MON-26JUL31,b200,terminal,terminal,yes,up,,
KXB200MON-26JUL31-4.960,KXB200MON-26JUL31,b200,terminal,terminal,yes,down,0.256453530196,29.2338709677
KXB200MON-26JUL31-4.960,KXB200MON-26JUL31,b200,mean5,terminal,yes,up,,
KXB200MON-26JUL31-4.960,KXB200MON-26JUL31,b200,mean5,terminal,yes,down,,
KXB200MON-26JUL31-4.960,KXB200MON-26JUL31,b200,median7,terminal,yes,up,,
KXB200MON-26JUL31-4.960,KXB200MON-26JUL31,b200,median7,terminal,yes,down,,
KXB200MON-26JUL31-4.960,KXB200MON-26JUL31,b200,month_mean,terminal,yes,up,,
KXB200MON-26JUL31-4.960,KXB200MON-26JUL31,b200,month_mean,terminal,yes,down,,
KXB200MON-26JUL31-4.960,KXB200MON-26JUL31,b200,touch,terminal,yes,up,,
KXB200MON-26JUL31-4.960,KXB200MON-26JUL31,b200,touch,terminal,yes,down,,
KXB200MON-26JUL31-4.860,KXB200MON-26JUL31,b200,terminal,terminal,yes,up,,
KXB200MON-26JUL31-4.860,KXB200MON-26JUL31,b200,terminal,terminal,yes,down,0.27682083302,31.8930041152
KXB200MON-26JUL31-4.860,KXB200MON-26JUL31,b200,mean5,terminal,yes,up,,
KXB200MON-26JUL31-4.860,KXB200MON-26JUL31,b200,mean5,terminal,yes,down,,
KXB200MON-26JUL31-4.860,KXB200MON-26JUL31,b200,median7,terminal,yes,up,,
KXB200MON-26JUL31-4.860,KXB200MON-26JUL31,b200,median7,terminal,yes,down,,
KXB200MON-26JUL31-4.860,KXB200MON-26JUL31,b200,month_mean,terminal,yes,up,,
KXB200MON-26JUL31-4.860,KXB200MON-26JUL31,b200,month_mean,terminal,yes,down,,
KXB200MON-26JUL31-4.860,KXB200MON-26JUL31,b200,touch,terminal,yes,up,,
KXB200MON-26JUL31-4.860,KXB200MON-26JUL31,b200,touch,terminal,yes,down,,
KXB200MON-26JUL31-4.760,KXB200MON-26JUL31,b200,terminal,terminal,yes,up,,
KXB200MON-26JUL31-4.760,KXB200MON-26JUL31,b200,terminal,terminal,yes,down,0.297611602689,34.6638655462
KXB200MON-26JUL31-4.760,KXB200MON-26JUL31,b200,mean5,terminal,yes,up,,
KXB200MON-26JUL31-4.760,KXB200MON-26JUL31,b200,mean5,terminal,yes,down,,
KXB200MON-26JUL31-4.760,KXB200MON-26JUL31,b200,median7,terminal,yes,up,,
KXB200MON-26JUL31-4.760,KXB200MON-26JUL31,b200,median7,terminal,yes,down,,
KXB200MON-26JUL31-4.760,KXB200MON-26JUL31,b200,month_mean,terminal,yes,up,,
KXB200MON-26JUL31-4.760,KXB200MON-26JUL31,b200,month_mean,terminal,yes,down,,
KXB200MON-26JUL31-4.760,KXB200MON-26JUL31,b200,touch,terminal,yes,up,,
KXB200MON-26JUL31-4.760,KXB200MON-26JUL31,b200,touch,terminal,yes,down,,
KXB200MON-26JUL31-4.660,KXB200MON-26JUL31,b200,terminal,terminal,yes,up,,
KXB200MON-26JUL31-4.660,KXB200MON-26JUL31,b200,terminal,terminal,yes,down,0.318843822795,37.5536480687
KXB200MON-26JUL31-4.660,KXB200MON-26JUL31,b200,mean5,terminal,yes,up,,
KXB200MON-26JUL31-4.660,KXB200MON-26JUL31,b200,mean5,terminal,yes,down,,
KXB200MON-26JUL31-4.660,KXB200MON-26JUL31,b200,median7,terminal,yes,up,,
KXB200MON-26JUL31-4.660,KXB200MON-26JUL31,b200,median7,terminal,yes,down,,
KXB200MON-26JUL31-4.660,KXB200MON-26JUL31,b200,month_mean,terminal,yes,up,,
KXB200MON-26JUL31-4.660,KXB200MON-26JUL31,b200,month_mean,terminal,yes,down,,
KXB200MON-26JUL31-4.660,KXB200MON-26JUL31,b200,touch,terminal,yes,up,,
KXB200MON-26JUL31-4.660,KXB200MON-26JUL31,b200,touch,terminal,yes,down,,
KXB200MON-26JUL31-4.560,KXB200MON-26JUL31,b200,terminal,terminal,yes,up,,
KXB200MON-26JUL31-4.560,KXB200MON-26JUL31,b200,terminal,terminal,yes,down,0.340536647406,40.5701754386
KXB200MON-26JUL31-4.560,KXB200MON-26JUL31,b200,mean5,terminal,yes,up,,
KXB200MON-26JUL31-4.560,KXB200MON-26JUL31,b200,mean5,terminal,yes,down,,
KXB200MON-26JUL31-4.560,KXB200MON-26JUL31,b200,median7,terminal,yes,up,,
KXB200MON-26JUL31-4.560,KXB200MON-26JUL31,b200,median7,terminal,yes,down,,
KXB200MON-26JUL31-4.560,KXB200MON-26JUL31,b200,month_mean,terminal,yes,up,,
KXB200MON-26JUL31-4.560,KXB200MON-26JUL31,b200,month_mean,terminal,yes,down,,
KXB200MON-26JUL31-4.560,KXB200MON-26JUL31,b200,touch,terminal,yes,up,,
KXB200MON-26JUL31-4.560,KXB200MON-26JUL31,b200,touch,terminal,yes,down,,
KXB200MON-26JUL31-4.460,KXB200MON-26JUL31,b200,terminal,terminal,yes,up,,
KXB200MON-26JUL31-4.460,KXB200MON-26JUL31,b200,terminal,terminal,yes,down,0.362710504901,43.7219730942
KXB200MON-26JUL31-4.460,KXB200MON-26JUL31,b200,mean5,terminal,yes,up,,
KXB200MON-26JUL31-4.460,KXB200MON-26JUL31,b200,mean5,terminal,yes,down,,
KXB200MON-26JUL31-4.460,KXB200MON-26JUL31,b200,median7,terminal,yes,up,,
KXB200MON-26JUL31-4.460,KXB200MON-26JUL31,b200,median7,terminal,yes,down,,
KXB200MON-26JUL31-4.460,KXB200MON-26JUL31,b200,month_mean,terminal,yes,up,,
KXB200MON-26JUL31-4.460,KXB200MON-26JUL31,b200,month_mean,terminal,yes,down,,
KXB200MON-26JUL31-4.460,KXB200MON-26JUL31,b200,touch,terminal,yes,up,,
KXB200MON-26JUL31-4.460,KXB200MON-26JUL31,b200,touch,terminal,yes,down,,
KXB200MON-26JUL31-4.360,KXB200MON-26JUL31,b200,terminal,terminal,yes,up,,
KXB200MON-26JUL31-4.360,KXB200MON-26JUL31,b200,terminal,terminal,yes,down,0.385387213572,47.0183486239
KXB200MON-26JUL31-4.360,KXB200MON-26JUL31,b200,mean5,terminal,yes,up,,
KXB200MON-26JUL31-4.360,KXB200MON-26JUL31,b200,mean5,terminal,yes,down,,
KXB200MON-26JUL31-4.360,KXB200MON-26JUL31,b200,median7,terminal,yes,up,,
KXB200MON-26JUL31-4.360,KXB200MON-26JUL31,b200,median7,terminal,yes,down,,
KXB200MON-26JUL31-4.360,KXB200MON-26JUL31,b200,month_mean,terminal,yes,up,,
KXB200MON-26JUL31-4.360,KXB200MON-26JUL31,b200,month_mean,terminal,yes,down,,
KXB200MON-26JUL31-4.360,KXB200MON-26JUL31,b200,touch,terminal,yes,up,,
KXB200MON-26JUL31-4.360,KXB200MON-26JUL31,b200,touch,terminal,yes,down,,
KXB200MON-26JUL31-4.260,KXB200MON-26JUL31,b200,terminal,terminal,yes,up,,
KXB200MON-26JUL31-4.260,KXB200MON-26JUL31,b200,terminal,terminal,yes,down,0.408590110651,50.4694835681
KXB200MON-26JUL31-4.260,KXB200MON-26JUL31,b200,mean5,terminal,yes,up,,
KXB200MON-26JUL31-4.260,KXB200MON-26JUL31,b200,mean5,terminal,yes,down,,
KXB200MON-26JUL31-4.260,KXB200MON-26JUL31,b200,median7,terminal,yes,up,,
KXB200MON-26JUL31-4.260,KXB200MON-26JUL31,b200,median7,terminal,yes,down,,
KXB200MON-26JUL31-4.260,KXB200MON-26JUL31,b200,month_mean,terminal,yes,up,,
KXB200MON-26JUL31-4.260,KXB200MON-26JUL31,b200,month_mean,terminal,yes,down,,
KXB200MON-26JUL31-4.260,KXB200MON-26JUL31,b200,touch,terminal,yes,up,,
KXB200MON-26JUL31-4.260,KXB200MON-26JUL31,b200,touch,terminal,yes,down,,
KXB200MON-26JUL31-4.160,KXB200MON-26JUL31,b200,terminal,terminal,yes,up,,
KXB200MON-26JUL31-4.160,KXB200MON-26JUL31,b200,terminal,terminal,yes,down,0.432344196659,54.0865384615
KXB200MON-26JUL31-4.160,KXB200MON-26JUL31,b200,mean5,terminal,yes,up,,
KXB200MON-26JUL31-4.160,KXB200MON-26JUL31,b200,mean5,terminal,yes,down,,
KXB200MON-26JUL31-4.160,KXB200MON-26JUL31,b200,median7,terminal,yes,up,,
KXB200MON-26JUL31-4.160,KXB200MON-26JUL31,b200,median7,terminal,yes,down,,
KXB200MON-26JUL31-4.160,KXB200MON-26JUL31,b200,month_mean,terminal,yes,up,,
KXB200MON-26JUL31-4.160,KXB200MON-26JUL31,b200,month_mean,terminal,yes,down,,
KXB200MON-26JUL31-4.160,KXB200MON-26JUL31,b200,touch,terminal,yes,up,,
KXB200MON-26JUL31-4.160,KXB200MON-26JUL31,b200,touch,terminal,yes,down,,
KXB200MON-26JUL31-4.060,KXB200MON-26JUL31,b200,terminal,terminal,yes,up,,
KXB200MON-26JUL31-4.060,KXB200MON-26JUL31,b200,terminal,terminal,yes,down,0.456676297319,57.881773399
KXB200MON-26JUL31-4.060,KXB200MON-26JUL31,b200,mean5,terminal,yes,up,,
KXB200MON-26JUL31-4.060,KXB200MON-26JUL31,b200,mean5,terminal,yes,down,,
KXB200MON-26JUL31-4.060,KXB200MON-26JUL31,b200,median7,terminal,yes,up,,
KXB200MON-26JUL31-4.060,KXB200MON-26JUL31,b200,median7,terminal,yes,down,,
KXB200MON-26JUL31-4.060,KXB200MON-26JUL31,b200,month_mean,terminal,yes,up,,
KXB200MON-26JUL31-4.060,KXB200MON-26JUL31,b200,month_mean,terminal,yes,down,,
KXB200MON-26JUL31-4.060,KXB200MON-26JUL31,b200,touch,terminal,yes,up,,
KXB200MON-26JUL31-4.060,KXB200MON-26JUL31,b200,touch,terminal,yes,down,,
KXB200MON-26JUL31-3.960,KXB200MON-26JUL31,b200,terminal,terminal,yes,up,,
KXB200MON-26JUL31-3.960,KXB200MON-26JUL31,b200,terminal,terminal,yes,down,0.481615245666,61.8686868687
KXB200MON-26JUL31-3.960,KXB200MON-26JUL31,b200,mean5,terminal,yes,up,,
KXB200MON-26JUL31-3.960,KXB200MON-26JUL31,b200,mean5,terminal,yes,down,,
KXB200MON-26JUL31-3.960,KXB200MON-26JUL31,b200,median7,terminal,yes,up,,
KXB200MON-26JUL31-3.960,KXB200MON-26JUL31,b200,median7,terminal,yes,down,,
KXB200MON-26JUL31-3.960,KXB200MON-26JUL31,b200,month_mean,terminal,yes,up,,
KXB200MON-26JUL31-3.960,KXB200MON-26JUL31,b200,month_mean,terminal,yes,down,,
KXB200MON-26JUL31-3.960,KXB200MON-26JUL31,b200,touch,terminal,yes,up,,
KXB200MON-26JUL31-3.960,KXB200MON-26JUL31,b200,touch,terminal,yes,down,,
KXB200MON-26JUL31-3.860,KXB200MON-26JUL31,b200,terminal,terminal,yes,up,,
KXB200MON-26JUL31-3.860,KXB200MON-26JUL31,b200,terminal,terminal,yes,down,0.507192087456,66.0621761658
KXB200MON-26JUL31-3.860,KXB200MON-26JUL31,b200,mean5,terminal,yes,up,,
KXB200MON-26JUL31-3.860,KXB200MON-26JUL31,b200,mean5,terminal,yes,down,,
KXB200MON-26JUL31-3.860,KXB200MON-26JUL31,b200,median7,terminal,yes,up,,
KXB200MON-26JUL31-3.860,KXB200MON-26JUL31,b200,median7,terminal,yes,down,,
KXB200MON-26JUL31-3.860,KXB200MON-26JUL31,b200,month_mean,terminal,yes,up,,
KXB200MON-26JUL31-3.860,KXB200MON-26JUL31,b200,month_mean,terminal,yes,down,,
KXB200MON-26JUL31-3.860,KXB200MON-26JUL31,b200,touch,terminal,yes,up,,
KXB200MON-26JUL31-3.860,KXB200MON-26JUL31,b200,touch,terminal,yes,down,,
KXB200MON-26JUL31-3.760,KXB200MON-26JUL31,b200,terminal,terminal,yes,up,,
KXB200MON-26JUL31-3.760,KXB200MON-26JUL31,b200,terminal,terminal,yes,down,0.533440313531,70.4787234043
KXB200MON-26JUL31-3.760,KXB200MON-26JUL31,b200,mean5,terminal,yes,up,,
KXB200MON-26JUL31-3.760,KXB200MON-26JUL31,b200,mean5,terminal,yes,down,,
KXB200MON-26JUL31-3.760,KXB200MON-26JUL31,b200,median7,terminal,yes,up,,
KXB200MON-26JUL31-3.760,KXB200MON-26JUL31,b200,median7,terminal,yes,down,,
KXB200MON-26JUL31-3.760,KXB200MON-26JUL31,b200,month_mean,terminal,yes,up,,
KXB200MON-26JUL31-3.760,KXB200MON-26JUL31,b200,month_mean,terminal,yes,down,,
KXB200MON-26JUL31-3.760,KXB200MON-26JUL31,b200,touch,terminal,yes,up,,
KXB200MON-26JUL31-3.760,KXB200MON-26JUL31,b200,touch,terminal,yes,down,,
KXB200MON-26JUL31-3.660,KXB200MON-26JUL31,b200,terminal,terminal,yes,up,,
KXB200MON-26JUL31-3.660,KXB200MON-26JUL31,b200,terminal,terminal,yes,down,0.560396123519,75.1366120219
KXB200MON-26JUL31-3.660,KXB200MON-26JUL31,b200,mean5,terminal,yes,up,,
KXB200MON-26JUL31-3.660,KXB200MON-26JUL31,b200,mean5,terminal,yes,down,,
KXB200MON-26JUL31-3.660,KXB200MON-26JUL31,b200,median7,terminal,yes,up,,
KXB200MON-26JUL31-3.660,KXB200MON-26JUL31,b200,median7,terminal,yes,down,,
KXB200MON-26JUL31-3.660,KXB200MON-26JUL31,b200,month_mean,terminal,yes,up,,
KXB200MON-26JUL31-3.660,KXB200MON-26JUL31,b200,month_mean,terminal,yes,down,,
KXB200MON-26JUL31-3.660,KXB200MON-26JUL31,b200,touch,terminal,yes,up,,
KXB200MON-26JUL31-3.660,KXB200MON-26JUL31,b200,touch,terminal,yes,down,,
KXB200MON-26JUL31-3.560,KXB200MON-26JUL31,b200,terminal,terminal,yes,up,,
KXB200MON-26JUL31-3.560,KXB200MON-26JUL31,b200,terminal,terminal,yes,down,0.588098726069,80.0561797753
KXB200MON-26JUL31-3.560,KXB200MON-26JUL31,b200,mean5,terminal,yes,up,,
KXB200MON-26JUL31-3.560,KXB200MON-26JUL31,b200,mean5,terminal,yes,down,,
KXB200MON-26JUL31-3.560,KXB200MON-26JUL31,b200,median7,terminal,yes,up,,
KXB200MON-26JUL31-3.560,KXB200MON-26JUL31,b200,median7,terminal,yes,down,,
KXB200MON-26JUL31-3.560,KXB200MON-26JUL31,b200,month_mean,terminal,yes,up,,
KXB200MON-26JUL31-3.560,KXB200MON-26JUL31,b200,month_mean,terminal,yes,down,,
KXB200MON-26JUL31-3.560,KXB200MON-26JUL31,b200,touch,terminal,yes,up,,
KXB200MON-26JUL31-3.560,KXB200MON-26JUL31,b200,touch,terminal,yes,down,,
KXB200MON-26JUL31-3.460,KXB200MON-26JUL31,b200,terminal,terminal,yes,up,,
KXB200MON-26JUL31-3.460,KXB200MON-26JUL31,b200,terminal,terminal,yes,down,0.616590681863,85.2601156069
KXB200MON-26JUL31-3.460,KXB200MON-26JUL31,b200,mean5,terminal,yes,up,,
KXB200MON-26JUL31-3.460,KXB200MON-26JUL31,b200,mean5,terminal,yes,down,,
KXB200MON-26JUL31-3.460,KXB200MON-26JUL31,b200,median7,terminal,yes,up,,
KXB200MON-26JUL31-3.460,KXB200MON-26JUL31,b200,median7,terminal,yes,down,,
KXB200MON-26JUL31-3.460,KXB200MON-26JUL31,b200,month_mean,terminal,yes,up,,
KXB200MON-26JUL31-3.460,KXB200MON-26JUL31,b200,month_mean,terminal,yes,down,,
KXB200MON-26JUL31-3.460,KXB200MON-26JUL31,b200,touch,terminal,yes,up,,
KXB200MON-26JUL31-3.460,KXB200MON-26JUL31,b200,touch,terminal,yes,down,,
KXH100MON-26JUL31-2.910,KXH100MON-26JUL31,h100-sxm,terminal,terminal,no,up,0.0529224014543,5.4347826087
KXH100MON-26JUL31-2.910,KXH100MON-26JUL31,h100-sxm,terminal,terminal,no,down,,
KXH100MON-26JUL31-2.910,KXH100MON-26JUL31,h100-sxm,mean5,terminal,no,up,0.266781720574,30.5755395683
KXH100MON-26JUL31-2.910,KXH100MON-26JUL31,h100-sxm,mean5,terminal,no,down,,
KXH100MON-26JUL31-2.910,KXH100MON-26JUL31,h100-sxm,median7,terminal,no,up,,
KXH100MON-26JUL31-2.910,KXH100MON-26JUL31,h100-sxm,median7,terminal,no,down,,
KXH100MON-26JUL31-2.910,KXH100MON-26JUL31,h100-sxm,month_mean,terminal,no,up,1.39791720095,304.676258993
KXH100MON-26JUL31-2.910,KXH100MON-26JUL31,h100-sxm,month_mean,terminal,no,down,,
KXH100MON-26JUL31-2.910,KXH100MON-26JUL31,h100-sxm,touch,terminal,no,up,0.0457021534809,4.67625899281
KXH100MON-26JUL31-2.910,KXH100MON-26JUL31,h100-sxm,touch,terminal,no,down,,
KXH100MON-26JUL31-2.860,KXH100MON-26JUL31,h100-sxm,terminal,terminal,no,up,0.0355909451027,3.6231884058
KXH100MON-26JUL31-2.860,KXH100MON-26JUL31,h100-sxm,terminal,terminal,no,down,,
KXH100MON-26JUL31-2.860,KXH100MON-26JUL31,h100-sxm,mean5,terminal,no,up,0.195424781792,21.5827338129
KXH100MON-26JUL31-2.860,KXH100MON-26JUL31,h100-sxm,mean5,terminal,no,down,,
KXH100MON-26JUL31-2.860,KXH100MON-26JUL31,h100-sxm,median7,terminal,no,up,,
KXH100MON-26JUL31-2.860,KXH100MON-26JUL31,h100-sxm,median7,terminal,no,down,,
KXH100MON-26JUL31-2.860,KXH100MON-26JUL31,h100-sxm,month_mean,terminal,no,up,1.25481635731,250.71942446
KXH100MON-26JUL31-2.860,KXH100MON-26JUL31,h100-sxm,month_mean,terminal,no,down,,
KXH100MON-26JUL31-2.860,KXH100MON-26JUL31,h100-sxm,touch,terminal,no,up,0.0283706971292,2.87769784173
KXH100MON-26JUL31-2.860,KXH100MON-26JUL31,h100-sxm,touch,terminal,no,down,,
KXH100MON-26JUL31-2.810,KXH100MON-26JUL31,h100-sxm,terminal,terminal,no,up,0.0179538036166,1.8115942029
KXH100MON-26JUL31-2.810,KXH100MON-26JUL31,h100-sxm,terminal,terminal,no,down,,
KXH100MON-26JUL31-2.810,KXH100MON-26JUL31,h100-sxm,mean5,terminal,no,up,0.11858207685,12.5899280576
KXH100MON-26JUL31-2.810,KXH100MON-26JUL31,h100-sxm,mean5,terminal,no,down,,
KXH100MON-26JUL31-2.810,KXH100MON-26JUL31,h100-sxm,median7,terminal,no,up,,
KXH100MON-26JUL31-2.810,KXH100MON-26JUL31,h100-sxm,median7,terminal,no,down,,
KXH100MON-26JUL31-2.810,KXH100MON-26JUL31,h100-sxm,month_mean,terminal,no,up,1.08776227264,196.762589928
KXH100MON-26JUL31-2.810,KXH100MON-26JUL31,h100-sxm,month_mean,terminal,no,down,,
KXH100MON-26JUL31-2.810,KXH100MON-26JUL31,h100-sxm,touch,terminal,no,up,0.0107335556431,1.07913669065
KXH100MON-26JUL31-2.810,KXH100MON-26JUL31,h100-sxm,touch,terminal,no,down,,
KXH100MON-26JUL31-2.760,KXH100MON-26JUL31,h100-sxm,terminal,terminal,no,up,1.02255319456e-15,1.02255319456e-13
KXH100MON-26JUL31-2.760,KXH100MON-26JUL31,h100-sxm,terminal,terminal,no,down,,
KXH100MON-26JUL31-2.760,KXH100MON-26JUL31,h100-sxm,mean5,terminal,no,up,0.0353393664453,3.59712230216
KXH100MON-26JUL31-2.760,KXH100MON-26JUL31,h100-sxm,mean5,terminal,no,down,,
KXH100MON-26JUL31-2.760,KXH100MON-26JUL31,h100-sxm,median7,terminal,no,up,,
KXH100MON-26JUL31-2.760,KXH100MON-26JUL31,h100-sxm,median7,terminal,no,down,,
KXH100MON-26JUL31-2.760,KXH100MON-26JUL31,h100-sxm,month_mean,terminal,no,up,0.887091577182,142.805755396
KXH100MON-26JUL31-2.760,KXH100MON-26JUL31,h100-sxm,month_mean,terminal,no,down,,
KXH100MON-26JUL31-2.760,KXH100MON-26JUL31,h100-sxm,touch,terminal,yes,up,,
KXH100MON-26JUL31-2.760,KXH100MON-26JUL31,h100-sxm,touch,terminal,yes,down,0.00722024797349,0.72463768116
KXH100MON-26JUL31-2.710,KXH100MON-26JUL31,h100-sxm,terminal,terminal,yes,up,,
KXH100MON-26JUL31-2.710,KXH100MON-26JUL31,h100-sxm,terminal,terminal,yes,down,0.0182820448374,1.84501845018
KXH100MON-26JUL31-2.710,KXH100MON-26JUL31,h100-sxm,mean5,terminal,yes,up,,
KXH100MON-26JUL31-2.710,KXH100MON-26JUL31,h100-sxm,mean5,terminal,yes,down,0.0554670815129,5.70342205323
KXH100MON-26JUL31-2.710,KXH100MON-26JUL31,h100-sxm,median7,terminal,yes,up,,
KXH100MON-26JUL31-2.710,KXH100MON-26JUL31,h100-sxm,median7,terminal,yes,down,0.0036832454163,0.369003690037
KXH100MON-26JUL31-2.710,KXH100MON-26JUL31,h100-sxm,month_mean,terminal,no,up,0.635777148901,88.8489208633
KXH100MON-26JUL31-2.710,KXH100MON-26JUL31,h100-sxm,month_mean,terminal,no,down,,
KXH100MON-26JUL31-2.710,KXH100MON-26JUL31,h100-sxm,touch,terminal,yes,up,,
KXH100MON-26JUL31-2.710,KXH100MON-26JUL31,h100-sxm,touch,terminal,yes,down,,
KXH100MON-26JUL31-2.660,KXH100MON-26JUL31,h100-sxm,terminal,terminal,yes,up,,
KXH100MON-26JUL31-2.660,KXH100MON-26JUL31,h100-sxm,terminal,terminal,yes,down,0.0369045569355,3.75939849624
KXH100MON-26JUL31-2.660,KXH100MON-26JUL31,h100-sxm,mean5,terminal,yes,up,,
KXH100MON-26JUL31-2.660,KXH100MON-26JUL31,h100-sxm,mean5,terminal,yes,down,0.155350440019,16.8067226891
KXH100MON-26JUL31-2.660,KXH100MON-26JUL31,h100-sxm,median7,terminal,yes,up,,
KXH100MON-26JUL31-2.660,KXH100MON-26JUL31,h100-sxm,median7,terminal,yes,down,,
KXH100MON-26JUL31-2.660,KXH100MON-26JUL31,h100-sxm,month_mean,terminal,no,up,0.29930491228,34.8920863309
KXH100MON-26JUL31-2.660,KXH100MON-26JUL31,h100-sxm,month_mean,terminal,no,down,,
KXH100MON-26JUL31-2.660,KXH100MON-26JUL31,h100-sxm,touch,terminal,yes,up,,
KXH100MON-26JUL31-2.660,KXH100MON-26JUL31,h100-sxm,touch,terminal,yes,down,,
KXH100MON-26JUL31-2.610,KXH100MON-26JUL31,h100-sxm,terminal,terminal,yes,up,,
KXH100MON-26JUL31-2.610,KXH100MON-26JUL31,h100-sxm,terminal,terminal,yes,down,0.0558804583945,5.74712643678
KXH100MON-26JUL31-2.610,KXH100MON-26JUL31,h100-sxm,mean5,terminal,yes,up,,
KXH100MON-26JUL31-2.610,KXH100MON-26JUL31,h100-sxm,mean5,terminal,yes,down,0.266328947981,30.5164319249
KXH100MON-26JUL31-2.610,KXH100MON-26JUL31,h100-sxm,median7,terminal,yes,up,,
KXH100MON-26JUL31-2.610,KXH100MON-26JUL31,h100-sxm,median7,terminal,yes,down,,
KXH100MON-26JUL31-2.610,KXH100MON-26JUL31,h100-sxm,month_mean,terminal,yes,up,,
KXH100MON-26JUL31-2.610,KXH100MON-26JUL31,h100-sxm,month_mean,terminal,yes,down,0.211520711486,23.5555555556
KXH100MON-26JUL31-2.610,KXH100MON-26JUL31,h100-sxm,touch,terminal,yes,up,,
KXH100MON-26JUL31-2.610,KXH100MON-26JUL31,h100-sxm,touch,terminal,yes,down,,
KXH100MON-26JUL31-2.560,KXH100MON-26JUL31,h100-sxm,terminal,terminal,yes,up,,
KXH100MON-26JUL31-2.560,KXH100MON-26JUL31,h100-sxm,terminal,terminal,yes,down,0.0752234212376,7.8125
KXH100MON-26JUL31-2.560,KXH100MON-26JUL31,h100-sxm,mean5,terminal,yes,up,,
KXH100MON-26JUL31-2.560,KXH100MON-26JUL31,h100-sxm,mean5,terminal,yes,down,0.391179150861,47.8723404255
KXH100MON-26JUL31-2.560,KXH100MON-26JUL31,h100-sxm,median7,terminal,yes,up,,
KXH100MON-26JUL31-2.560,KXH100MON-26JUL31,h100-sxm,median7,terminal,yes,down,,
KXH100MON-26JUL31-2.560,KXH100MON-26JUL31,h100-sxm,month_mean,terminal,yes,up,,
KXH100MON-26JUL31-2.560,KXH100MON-26JUL31,h100-sxm,month_mean,terminal,yes,down,1.31013300015,270.666666667
KXH100MON-26JUL31-2.560,KXH100MON-26JUL31,h100-sxm,touch,terminal,yes,up,,
KXH100MON-26JUL31-2.560,KXH100MON-26JUL31,h100-sxm,touch,terminal,yes,down,,
KXH100MON-26JUL31-2.510,KXH100MON-26JUL31,h100-sxm,terminal,terminal,yes,up,,
KXH100MON-26JUL31-2.510,KXH100MON-26JUL31,h100-sxm,terminal,terminal,yes,down,0.0949479265854,9.96015936255
KXH100MON-26JUL31-2.510,KXH100MON-26JUL31,h100-sxm,mean5,terminal,yes,up,,
KXH100MON-26JUL31-2.510,KXH100MON-26JUL31,h100-sxm,mean5,terminal,yes,down,0.533870912884,70.5521472393
KXH100MON-26JUL31-2.510,KXH100MON-26JUL31,h100-sxm,median7,terminal,yes,up,,
KXH100MON-26JUL31-2.510,KXH100MON-26JUL31,h100-sxm,median7,terminal,yes,down,,
KXH100MON-26JUL31-2.510,KXH100MON-26JUL31,h100-sxm,month_mean,terminal,yes,up,,
KXH100MON-26JUL31-2.510,KXH100MON-26JUL31,h100-sxm,month_mean,terminal,yes,down,,
KXH100MON-26JUL31-2.510,KXH100MON-26JUL31,h100-sxm,touch,terminal,yes,up,,
KXH100MON-26JUL31-2.510,KXH100MON-26JUL31,h100-sxm,touch,terminal,yes,down,,
KXH100MON-26JUL31-2.460,KXH100MON-26JUL31,h100-sxm,terminal,terminal,yes,up,,
KXH100MON-26JUL31-2.460,KXH100MON-26JUL31,h100-sxm,terminal,terminal,yes,down,0.115069329785,12.1951219512
KXH100MON-26JUL31-2.460,KXH100MON-26JUL31,h100-sxm,mean5,terminal,yes,up,,
KXH100MON-26JUL31-2.460,KXH100MON-26JUL31,h100-sxm,mean5,terminal,yes,down,0.700367428533,101.449275362
KXH100MON-26JUL31-2.460,KXH100MON-26JUL31,h100-sxm,median7,terminal,yes,up,,
KXH100MON-26JUL31-2.460,KXH100MON-26JUL31,h100-sxm,median7,terminal,yes,down,,
KXH100MON-26JUL31-2.460,KXH100MON-26JUL31,h100-sxm,month_mean,terminal,yes,up,,
KXH100MON-26JUL31-2.460,KXH100MON-26JUL31,h100-sxm,month_mean,terminal,yes,down,,
KXH100MON-26JUL31-2.460,KXH100MON-26JUL31,h100-sxm,touch,terminal,yes,up,,
KXH100MON-26JUL31-2.460,KXH100MON-26JUL31,h100-sxm,touch,terminal,yes,down,,
KXH100MON-26JUL31-2.410,KXH100MON-26JUL31,h100-sxm,terminal,terminal,yes,up,,
KXH100MON-26JUL31-2.410,KXH100MON-26JUL31,h100-sxm,terminal,terminal,yes,down,0.135603932226,14.5228215768
KXH100MON-26JUL31-2.410,KXH100MON-26JUL31,h100-sxm,mean5,terminal,yes,up,,
KXH100MON-26JUL31-2.410,KXH100MON-26JUL31,h100-sxm,mean5,terminal,yes,down,0.900233294978,146.017699115
KXH100MON-26JUL31-2.410,KXH100MON-26JUL31,h100-sxm,median7,terminal,yes,up,,
KXH100MON-26JUL31-2.410,KXH100MON-26JUL31,h100-sxm,median7,terminal,yes,down,,
KXH100MON-26JUL31-2.410,KXH100MON-26JUL31,h100-sxm,month_mean,terminal,yes,up,,
KXH100MON-26JUL31-2.410,KXH100MON-26JUL31,h100-sxm,month_mean,terminal,yes,down,,
KXH100MON-26JUL31-2.410,KXH100MON-26JUL31,h100-sxm,touch,terminal,yes,up,,
KXH100MON-26JUL31-2.410,KXH100MON-26JUL31,h100-sxm,touch,terminal,yes,down,,
KXH100MON-26JUL31-2.360,KXH100MON-26JUL31,h100-sxm,terminal,terminal,yes,up,,
KXH100MON-26JUL31-2.360,KXH100MON-26JUL31,h100-sxm,terminal,terminal,yes,down,0.156569060692,16.9491525424
KXH100MON-26JUL31-2.360,KXH100MON-26JUL31,h100-sxm,mean5,terminal,yes,up,,
KXH100MON-26JUL31-2.360,KXH100MON-26JUL31,h100-sxm,mean5,terminal,yes,down,1.15028429921,215.909090909
KXH100MON-26JUL31-2.360,KXH100MON-26JUL31,h100-sxm,median7,terminal,yes,up,,
KXH100MON-26JUL31-2.360,KXH100MON-26JUL31,h100-sxm,median7,terminal,yes,down,,
KXH100MON-26JUL31-2.360,KXH100MON-26JUL31,h100-sxm,month_mean,terminal,yes,up,,
KXH100MON-26JUL31-2.360,KXH100MON-26JUL31,h100-sxm,month_mean,terminal,yes,down,,
KXH100MON-26JUL31-2.360,KXH100MON-26JUL31,h100-sxm,touch,terminal,yes,up,,
KXH100MON-26JUL31-2.360,KXH100MON-26JUL31,h100-sxm,touch,terminal,yes,down,,
KXH100MON-26JUL31-2.310,KXH100MON-26JUL31,h100-sxm,terminal,terminal,yes,up,,
KXH100MON-26JUL31-2.310,KXH100MON-26JUL31,h100-sxm,terminal,terminal,yes,down,0.177983155195,19.4805194805
KXH100MON-26JUL31-2.310,KXH100MON-26JUL31,h100-sxm,mean5,terminal,yes,up,,
KXH100MON-26JUL31-2.310,KXH100MON-26JUL31,h100-sxm,mean5,terminal,yes,down,1.4844863873,341.26984127
KXH100MON-26JUL31-2.310,KXH100MON-26JUL31,h100-sxm,median7,terminal,yes,up,,
KXH100MON-26JUL31-2.310,KXH100MON-26JUL31,h100-sxm,median7,terminal,yes,down,,
KXH100MON-26JUL31-2.310,KXH100MON-26JUL31,h100-sxm,month_mean,terminal,yes,up,,
KXH100MON-26JUL31-2.310,KXH100MON-26JUL31,h100-sxm,month_mean,terminal,yes,down,,
KXH100MON-26JUL31-2.310,KXH100MON-26JUL31,h100-sxm,touch,terminal,yes,up,,
KXH100MON-26JUL31-2.310,KXH100MON-26JUL31,h100-sxm,touch,terminal,yes,down,,
KXH100MON-26JUL31-2.260,KXH100MON-26JUL31,h100-sxm,terminal,terminal,yes,up,,
KXH100MON-26JUL31-2.260,KXH100MON-26JUL31,h100-sxm,terminal,terminal,yes,down,0.199865866445,22.1238938053
KXH100MON-26JUL31-2.260,KXH100MON-26JUL31,h100-sxm,mean5,terminal,yes,up,,
KXH100MON-26JUL31-2.260,KXH100MON-26JUL31,h100-sxm,mean5,terminal,yes,down,1.99003495396,631.578947368
KXH100MON-26JUL31-2.260,KXH100MON-26JUL31,h100-sxm,median7,terminal,yes,up,,
KXH100MON-26JUL31-2.260,KXH100MON-26JUL31,h100-sxm,median7,terminal,yes,down,,
KXH100MON-26JUL31-2.260,KXH100MON-26JUL31,h100-sxm,month_mean,terminal,yes,up,,
KXH100MON-26JUL31-2.260,KXH100MON-26JUL31,h100-sxm,month_mean,terminal,yes,down,,
KXH100MON-26JUL31-2.260,KXH100MON-26JUL31,h100-sxm,touch,terminal,yes,up,,
KXH100MON-26JUL31-2.260,KXH100MON-26JUL31,h100-sxm,touch,terminal,yes,down,,
KXH100MON-26JUL31-2.210,KXH100MON-26JUL31,h100-sxm,terminal,terminal,yes,up,,
KXH100MON-26JUL31-2.210,KXH100MON-26JUL31,h100-sxm,terminal,terminal,yes,down,0.222238164199,24.8868778281
KXH100MON-26JUL31-2.210,KXH100MON-26JUL31,h100-sxm,mean5,terminal,yes,up,,
KXH100MON-26JUL31-2.210,KXH100MON-26JUL31,h100-sxm,mean5,terminal,yes,down,3.06267175623,2038.46153846
KXH100MON-26JUL31-2.210,KXH100MON-26JUL31,h100-sxm,median7,terminal,yes,up,,
KXH100MON-26JUL31-2.210,KXH100MON-26JUL31,h100-sxm,median7,terminal,yes,down,,
KXH100MON-26JUL31-2.210,KXH100MON-26JUL31,h100-sxm,month_mean,terminal,yes,up,,
KXH100MON-26JUL31-2.210,KXH100MON-26JUL31,h100-sxm,month_mean,terminal,yes,down,,
KXH100MON-26JUL31-2.210,KXH100MON-26JUL31,h100-sxm,touch,terminal,yes,up,,
KXH100MON-26JUL31-2.210,KXH100MON-26JUL31,h100-sxm,touch,terminal,yes,down,,
KXH100MON-26JUL31-2.160,KXH100MON-26JUL31,h100-sxm,terminal,terminal,yes,up,,
KXH100MON-26JUL31-2.160,KXH100MON-26JUL31,h100-sxm,terminal,terminal,yes,down,0.245122458033,27.7777777778
KXH100MON-26JUL31-2.160,KXH100MON-26JUL31,h100-sxm,mean5,terminal,yes,up,,
KXH100MON-26JUL31-2.160,KXH100MON-26JUL31,h100-sxm,mean5,terminal,yes,down,,
KXH100MON-26JUL31-2.160,KXH100MON-26JUL31,h100-sxm,median7,terminal,yes,up,,
KXH100MON-26JUL31-2.160,KXH100MON-26JUL31,h100-sxm,median7,terminal,yes,down,,
KXH100MON-26JUL31-2.160,KXH100MON-26JUL31,h100-sxm,month_mean,terminal,yes,up,,
KXH100MON-26JUL31-2.160,KXH100MON-26JUL31,h100-sxm,month_mean,terminal,yes,down,,
KXH100MON-26JUL31-2.160,KXH100MON-26JUL31,h100-sxm,touch,terminal,yes,up,,
KXH100MON-26JUL31-2.160,KXH100MON-26JUL31,h100-sxm,touch,terminal,yes,down,,
KXH100MON-26JUL31-2.110,KXH100MON-26JUL31,h100-sxm,terminal,terminal,yes,up,,
KXH100MON-26JUL31-2.110,KXH100MON-26JUL31,h100-sxm,terminal,terminal,yes,down,0.268542732241,30.8056872038
KXH100MON-26JUL31-2.110,KXH100MON-26JUL31,h100-sxm,mean5,terminal,yes,up,,
KXH100MON-26JUL31-2.110,KXH100MON-26JUL31,h100-sxm,mean5,terminal,yes,down,,
KXH100MON-26JUL31-2.110,KXH100MON-26JUL31,h100-sxm,median7,terminal,yes,up,,
KXH100MON-26JUL31-2.110,KXH100MON-26JUL31,h100-sxm,median7,terminal,yes,down,,
KXH100MON-26JUL31-2.110,KXH100MON-26JUL31,h100-sxm,month_mean,terminal,yes,up,,
KXH100MON-26JUL31-2.110,KXH100MON-26JUL31,h100-sxm,month_mean,terminal,yes,down,,
KXH100MON-26JUL31-2.110,KXH100MON-26JUL31,h100-sxm,touch,terminal,yes,up,,
KXH100MON-26JUL31-2.110,KXH100MON-26JUL31,h100-sxm,touch,terminal,yes,down,,
KXH100MON-26JUL31-2.060,KXH100MON-26JUL31,h100-sxm,terminal,terminal,yes,up,,
KXH100MON-26JUL31-2.060,KXH100MON-26JUL31,h100-sxm,terminal,terminal,yes,down,0.292524696928,33.9805825243
KXH100MON-26JUL31-2.060,KXH100MON-26JUL31,h100-sxm,mean5,terminal,yes,up,,
KXH100MON-26JUL31-2.060,KXH100MON-26JUL31,h100-sxm,mean5,terminal,yes,down,,
KXH100MON-26JUL31-2.060,KXH100MON-26JUL31,h100-sxm,median7,terminal,yes,up,,
KXH100MON-26JUL31-2.060,KXH100MON-26JUL31,h100-sxm,median7,terminal,yes,down,,
KXH100MON-26JUL31-2.060,KXH100MON-26JUL31,h100-sxm,month_mean,terminal,yes,up,,
KXH100MON-26JUL31-2.060,KXH100MON-26JUL31,h100-sxm,month_mean,terminal,yes,down,,
KXH100MON-26JUL31-2.060,KXH100MON-26JUL31,h100-sxm,touch,terminal,yes,up,,
KXH100MON-26JUL31-2.060,KXH100MON-26JUL31,h100-sxm,touch,terminal,yes,down,,
KXH100MON-26JUL31-2.010,KXH100MON-26JUL31,h100-sxm,terminal,terminal,yes,up,,
KXH100MON-26JUL31-2.010,KXH100MON-26JUL31,h100-sxm,terminal,terminal,yes,down,0.317095957658,37.3134328358
KXH100MON-26JUL31-2.010,KXH100MON-26JUL31,h100-sxm,mean5,terminal,yes,up,,
KXH100MON-26JUL31-2.010,KXH100MON-26JUL31,h100-sxm,mean5,terminal,yes,down,,
KXH100MON-26JUL31-2.010,KXH100MON-26JUL31,h100-sxm,median7,terminal,yes,up,,
KXH100MON-26JUL31-2.010,KXH100MON-26JUL31,h100-sxm,median7,terminal,yes,down,,
KXH100MON-26JUL31-2.010,KXH100MON-26JUL31,h100-sxm,month_mean,terminal,yes,up,,
KXH100MON-26JUL31-2.010,KXH100MON-26JUL31,h100-sxm,month_mean,terminal,yes,down,,
KXH100MON-26JUL31-2.010,KXH100MON-26JUL31,h100-sxm,touch,terminal,yes,up,,
KXH100MON-26JUL31-2.010,KXH100MON-26JUL31,h100-sxm,touch,terminal,yes,down,,
KXH100MON-26JUL31-1.960,KXH100MON-26JUL31,h100-sxm,terminal,terminal,yes,up,,
KXH100MON-26JUL31-1.960,KXH100MON-26JUL31,h100-sxm,terminal,terminal,yes,down,0.342286206487,40.8163265306
KXH100MON-26JUL31-1.960,KXH100MON-26JUL31,h100-sxm,mean5,terminal,yes,up,,
KXH100MON-26JUL31-1.960,KXH100MON-26JUL31,h100-sxm,mean5,terminal,yes,down,,
KXH100MON-26JUL31-1.960,KXH100MON-26JUL31,h100-sxm,median7,terminal,yes,up,,
KXH100MON-26JUL31-1.960,KXH100MON-26JUL31,h100-sxm,median7,terminal,yes,down,,
KXH100MON-26JUL31-1.960,KXH100MON-26JUL31,h100-sxm,month_mean,terminal,yes,up,,
KXH100MON-26JUL31-1.960,KXH100MON-26JUL31,h100-sxm,month_mean,terminal,yes,down,,
KXH100MON-26JUL31-1.960,KXH100MON-26JUL31,h100-sxm,touch,terminal,yes,up,,
KXH100MON-26JUL31-1.960,KXH100MON-26JUL31,h100-sxm,touch,terminal,yes,down,,
KXH200MON-26JUL31-7.550,KXH200MON-26JUL31,h200,terminal,terminal,no,up,0.295215899355,34.3416370107
KXH200MON-26JUL31-7.550,KXH200MON-26JUL31,h200,terminal,terminal,no,down,,
KXH200MON-26JUL31-7.550,KXH200MON-26JUL31,h200,mean5,terminal,no,up,1.11040487816,203.558718861
KXH200MON-26JUL31-7.550,KXH200MON-26JUL31,h200,mean5,terminal,no,down,,
KXH200MON-26JUL31-7.550,KXH200MON-26JUL31,h200,median7,terminal,no,up,,
KXH200MON-26JUL31-7.550,KXH200MON-26JUL31,h200,median7,terminal,no,down,,
KXH200MON-26JUL31-7.550,KXH200MON-26JUL31,h200,month_mean,terminal,no,up,2.81813264697,1574.55516014
KXH200MON-26JUL31-7.550,KXH200MON-26JUL31,h200,month_mean,terminal,no,down,,
KXH200MON-26JUL31-7.550,KXH200MON-26JUL31,h200,touch,terminal,no,up,0.295215899355,34.3416370107
KXH200MON-26JUL31-7.550,KXH200MON-26JUL31,h200,touch,terminal,no,down,,
KXH200MON-26JUL31-7.450,KXH200MON-26JUL31,h200,terminal,terminal,no,up,0.281882368486,32.5622775801
KXH200MON-26JUL31-7.450,KXH200MON-26JUL31,h200,terminal,terminal,no,down,,
KXH200MON-26JUL31-7.450,KXH200MON-26JUL31,h200,mean5,terminal,no,up,1.08065848505,194.661921708
KXH200MON-26JUL31-7.450,KXH200MON-26JUL31,h200,mean5,terminal,no,down,,
KXH200MON-26JUL31-7.450,KXH200MON-26JUL31,h200,median7,terminal,no,up,,
KXH200MON-26JUL31-7.450,KXH200MON-26JUL31,h200,median7,terminal,no,down,,
KXH200MON-26JUL31-7.450,KXH200MON-26JUL31,h200,month_mean,terminal,no,up,2.78573590382,1521.17437722
KXH200MON-26JUL31-7.450,KXH200MON-26JUL31,h200,month_mean,terminal,no,down,,
KXH200MON-26JUL31-7.450,KXH200MON-26JUL31,h200,touch,terminal,no,up,0.281882368486,32.5622775801
KXH200MON-26JUL31-7.450,KXH200MON-26JUL31,h200,touch,terminal,no,down,,
KXH200MON-26JUL31-7.350,KXH200MON-26JUL31,h200,terminal,terminal,no,up,0.268368649319,30.7829181495
KXH200MON-26JUL31-7.350,KXH200MON-26JUL31,h200,terminal,terminal,no,down,,
KXH200MON-26JUL31-7.350,KXH200MON-26JUL31,h200,mean5,terminal,no,up,1.05000004461,185.765124555
KXH200MON-26JUL31-7.350,KXH200MON-26JUL31,h200,mean5,terminal,no,down,,
KXH200MON-26JUL31-7.350,KXH200MON-26JUL31,h200,median7,terminal,no,up,,
KXH200MON-26JUL31-7.350,KXH200MON-26JUL31,h200,median7,terminal,no,down,,
KXH200MON-26JUL31-7.350,KXH200MON-26JUL31,h200,month_mean,terminal,no,up,2.75225436997,1467.79359431
KXH200MON-26JUL31-7.350,KXH200MON-26JUL31,h200,month_mean,terminal,no,down,,
KXH200MON-26JUL31-7.350,KXH200MON-26JUL31,h200,touch,terminal,no,up,0.268368649319,30.7829181495
KXH200MON-26JUL31-7.350,KXH200MON-26JUL31,h200,touch,terminal,no,down,,
KXH200MON-26JUL31-7.250,KXH200MON-26JUL31,h200,terminal,terminal,no,up,0.254669804961,29.0035587189
KXH200MON-26JUL31-7.250,KXH200MON-26JUL31,h200,terminal,terminal,no,down,,
KXH200MON-26JUL31-7.250,KXH200MON-26JUL31,h200,mean5,terminal,no,up,1.01837185484,176.868327402
KXH200MON-26JUL31-7.250,KXH200MON-26JUL31,h200,mean5,terminal,no,down,,
KXH200MON-26JUL31-7.250,KXH200MON-26JUL31,h200,median7,terminal,no,up,,
KXH200MON-26JUL31-7.250,KXH200MON-26JUL31,h200,median7,terminal,no,down,,
KXH200MON-26JUL31-7.250,KXH200MON-26JUL31,h200,month_mean,terminal,no,up,2.71761287358,1414.41281139
KXH200MON-26JUL31-7.250,KXH200MON-26JUL31,h200,month_mean,terminal,no,down,,
KXH200MON-26JUL31-7.250,KXH200MON-26JUL31,h200,touch,terminal,no,up,0.254669804961,29.0035587189
KXH200MON-26JUL31-7.250,KXH200MON-26JUL31,h200,touch,terminal,no,down,,
KXH200MON-26JUL31-7.150,KXH200MON-26JUL31,h200,terminal,terminal,no,up,0.2407806928,27.2241992883
KXH200MON-26JUL31-7.150,KXH200MON-26JUL31,h200,terminal,terminal,no,down,,
KXH200MON-26JUL31-7.150,KXH200MON-26JUL31,h200,mean5,terminal,no,up,0.985710558466,167.971530249
KXH200MON-26JUL31-7.150,KXH200MON-26JUL31,h200,mean5,terminal,no,down,,
KXH200MON-26JUL31-7.150,KXH200MON-26JUL31,h200,median7,terminal,no,up,,
KXH200MON-26JUL31-7.150,KXH200MON-26JUL31,h200,median7,terminal,no,down,,
KXH200MON-26JUL31-7.150,KXH200MON-26JUL31,h200,month_mean,terminal,no,up,2.68172814782,1361.03202847
KXH200MON-26JUL31-7.150,KXH200MON-26JUL31,h200,month_mean,terminal,no,down,,
KXH200MON-26JUL31-7.150,KXH200MON-26JUL31,h200,touch,terminal,no,up,0.2407806928,27.2241992883
KXH200MON-26JUL31-7.150,KXH200MON-26JUL31,h200,touch,terminal,no,down,,
KXH200MON-26JUL31-7.050,KXH200MON-26JUL31,h200,terminal,terminal,no,up,0.226695952919,25.4448398577
KXH200MON-26JUL31-7.050,KXH200MON-26JUL31,h200,terminal,terminal,no,down,,
KXH200MON-26JUL31-7.050,KXH200MON-26JUL31,h200,mean5,terminal,no,up,0.951946378863,159.074733096
KXH200MON-26JUL31-7.050,KXH200MON-26JUL31,h200,mean5,terminal,no,down,,
KXH200MON-26JUL31-7.050,KXH200MON-26JUL31,h200,median7,terminal,no,up,,
KXH200MON-26JUL31-7.050,KXH200MON-26JUL31,h200,median7,terminal,no,down,,
KXH200MON-26JUL31-7.050,KXH200MON-26JUL31,h200,month_mean,terminal,no,up,2.64450762513,1307.65124555
KXH200MON-26JUL31-7.050,KXH200MON-26JUL31,h200,month_mean,terminal,no,down,,
KXH200MON-26JUL31-7.050,KXH200MON-26JUL31,h200,touch,terminal,no,up,0.226695952919,25.4448398577
KXH200MON-26JUL31-7.050,KXH200MON-26JUL31,h200,touch,terminal,no,down,,
KXH200MON-26JUL31-6.950,KXH200MON-26JUL31,h200,terminal,terminal,no,up,0.212409995671,23.665480427
KXH200MON-26JUL31-6.950,KXH200MON-26JUL31,h200,terminal,terminal,no,down,,
KXH200MON-26JUL31-6.950,KXH200MON-26JUL31,h200,mean5,terminal,no,up,0.917002222477,150.177935943
KXH200MON-26JUL31-6.950,KXH200MON-26JUL31,h200,mean5,terminal,no,down,,
KXH200MON-26JUL31-6.950,KXH200MON-26JUL31,h200,median7,terminal,no,up,,
KXH200MON-26JUL31-6.950,KXH200MON-26JUL31,h200,median7,terminal,no,down,,
KXH200MON-26JUL31-6.950,KXH200MON-26JUL31,h200,month_mean,terminal,no,up,2.60584799837,1254.27046263
KXH200MON-26JUL31-6.950,KXH200MON-26JUL31,h200,month_mean,terminal,no,down,,
KXH200MON-26JUL31-6.950,KXH200MON-26JUL31,h200,touch,terminal,no,up,0.212409995671,23.665480427
KXH200MON-26JUL31-6.950,KXH200MON-26JUL31,h200,touch,terminal,no,down,,
KXH200MON-26JUL31-6.850,KXH200MON-26JUL31,h200,terminal,terminal,no,up,0.197916988369,21.8861209964
KXH200MON-26JUL31-6.850,KXH200MON-26JUL31,h200,terminal,terminal,no,down,,
KXH200MON-26JUL31-6.850,KXH200MON-26JUL31,h200,mean5,terminal,no,up,0.880792618607,141.28113879
KXH200MON-26JUL31-6.850,KXH200MON-26JUL31,h200,mean5,terminal,no,down,,
KXH200MON-26JUL31-6.850,KXH200MON-26JUL31,h200,median7,terminal,no,up,,
KXH200MON-26JUL31-6.850,KXH200MON-26JUL31,h200,median7,terminal,no,down,,
KXH200MON-26JUL31-6.850,KXH200MON-26JUL31,h200,month_mean,terminal,no,up,2.5656334924,1200.88967972
KXH200MON-26JUL31-6.850,KXH200MON-26JUL31,h200,month_mean,terminal,no,down,,
KXH200MON-26JUL31-6.850,KXH200MON-26JUL31,h200,touch,terminal,no,up,0.197916988369,21.8861209964
KXH200MON-26JUL31-6.850,KXH200MON-26JUL31,h200,touch,terminal,no,down,,
KXH200MON-26JUL31-6.750,KXH200MON-26JUL31,h200,terminal,terminal,no,up,0.183210840979,20.1067615658
KXH200MON-26JUL31-6.750,KXH200MON-26JUL31,h200,terminal,terminal,no,down,,
KXH200MON-26JUL31-6.750,KXH200MON-26JUL31,h200,mean5,terminal,no,up,0.843222459943,132.384341637
KXH200MON-26JUL31-6.750,KXH200MON-26JUL31,h200,mean5,terminal,no,down,,
KXH200MON-26JUL31-6.750,KXH200MON-26JUL31,h200,median7,terminal,no,up,,
KXH200MON-26JUL31-6.750,KXH200MON-26JUL31,h200,median7,terminal,no,down,,
KXH200MON-26JUL31-6.750,KXH200MON-26JUL31,h200,month_mean,terminal,no,up,2.52373377331,1147.5088968
KXH200MON-26JUL31-6.750,KXH200MON-26JUL31,h200,month_mean,terminal,no,down,,
KXH200MON-26JUL31-6.750,KXH200MON-26JUL31,h200,touch,terminal,no,up,0.183210840979,20.1067615658
KXH200MON-26JUL31-6.750,KXH200MON-26JUL31,h200,touch,terminal,no,down,,
KXH200MON-26JUL31-6.650,KXH200MON-26JUL31,h200,terminal,terminal,no,up,0.168285190762,18.3274021352
KXH200MON-26JUL31-6.650,KXH200MON-26JUL31,h200,terminal,terminal,no,down,,
KXH200MON-26JUL31-6.650,KXH200MON-26JUL31,h200,mean5,terminal,no,up,0.804185497134,123.487544484
KXH200MON-26JUL31-6.650,KXH200MON-26JUL31,h200,mean5,terminal,no,down,,
KXH200MON-26JUL31-6.650,KXH200MON-26JUL31,h200,median7,terminal,no,up,,
KXH200MON-26JUL31-6.650,KXH200MON-26JUL31,h200,median7,terminal,no,down,,
KXH200MON-26JUL31-6.650,KXH200MON-26JUL31,h200,month_mean,terminal,no,up,2.48000140026,1094.12811388
KXH200MON-26JUL31-6.650,KXH200MON-26JUL31,h200,month_mean,terminal,no,down,,
KXH200MON-26JUL31-6.650,KXH200MON-26JUL31,h200,touch,terminal,no,up,0.168285190762,18.3274021352
KXH200MON-26JUL31-6.650,KXH200MON-26JUL31,h200,touch,terminal,no,down,,
KXH200MON-26JUL31-6.550,KXH200MON-26JUL31,h200,terminal,terminal,no,up,0.153133385742,16.5480427046
KXH200MON-26JUL31-6.550,KXH200MON-26JUL31,h200,terminal,terminal,no,down,,
KXH200MON-26JUL31-6.550,KXH200MON-26JUL31,h200,mean5,terminal,no,up,0.763562527393,114.590747331
KXH200MON-26JUL31-6.550,KXH200MON-26JUL31,h200,mean5,terminal,no,down,,
KXH200MON-26JUL31-6.550,KXH200MON-26JUL31,h200,median7,terminal,no,up,,
KXH200MON-26JUL31-6.550,KXH200MON-26JUL31,h200,median7,terminal,no,down,,
KXH200MON-26JUL31-6.550,KXH200MON-26JUL31,h200,month_mean,terminal,no,up,2.43426869409,1040.74733096
KXH200MON-26JUL31-6.550,KXH200MON-26JUL31,h200,month_mean,terminal,no,down,,
KXH200MON-26JUL31-6.550,KXH200MON-26JUL31,h200,touch,terminal,no,up,0.153133385742,16.5480427046
KXH200MON-26JUL31-6.550,KXH200MON-26JUL31,h200,touch,terminal,no,down,,
KXH200MON-26JUL31-6.450,KXH200MON-26JUL31,h200,terminal,terminal,no,up,0.137748466902,14.768683274
KXH200MON-26JUL31-6.450,KXH200MON-26JUL31,h200,terminal,terminal,no,down,,
KXH200MON-26JUL31-6.450,KXH200MON-26JUL31,h200,mean5,terminal,no,up,0.721219199339,105.693950178
KXH200MON-26JUL31-6.450,KXH200MON-26JUL31,h200,mean5,terminal,no,down,,
KXH200MON-26JUL31-6.450,KXH200MON-26JUL31,h200,median7,terminal,no,up,,
KXH200MON-26JUL31-6.450,KXH200MON-26JUL31,h200,median7,terminal,no,down,,
KXH200MON-26JUL31-6.450,KXH200MON-26JUL31,h200,month_mean,terminal,no,up,2.386343855,987.366548043
KXH200MON-26JUL31-6.450,KXH200MON-26JUL31,h200,month_mean,terminal,no,down,,
KXH200MON-26JUL31-6.450,KXH200MON-26JUL31,h200,touch,terminal,no,up,0.137748466902,14.768683274
KXH200MON-26JUL31-6.450,KXH200MON-26JUL31,h200,touch,terminal,no,down,,
KXH200MON-26JUL31-6.350,KXH200MON-26JUL31,h200,terminal,terminal,no,up,0.122123148999,12.9893238434
KXH200MON-26JUL31-6.350,KXH200MON-26JUL31,h200,terminal,terminal,no,down,,
KXH200MON-26JUL31-6.350,KXH200MON-26JUL31,h200,mean5,terminal,no,up,0.677003332189,96.7971530249
KXH200MON-26JUL31-6.350,KXH200MON-26JUL31,h200,mean5,terminal,no,down,,
KXH200MON-26JUL31-6.350,KXH200MON-26JUL31,h200,median7,terminal,no,up,,
KXH200MON-26JUL31-6.350,KXH200MON-26JUL31,h200,median7,terminal,no,down,,
KXH200MON-26JUL31-6.350,KXH200MON-26JUL31,h200,month_mean,terminal,no,up,2.33600610218,933.985765125
KXH200MON-26JUL31-6.350,KXH200MON-26JUL31,h200,month_mean,terminal,no,down,,
KXH200MON-26JUL31-6.350,KXH200MON-26JUL31,h200,touch,terminal,no,up,0.122123148999,12.9893238434
KXH200MON-26JUL31-6.350,KXH200MON-26JUL31,h200,touch,terminal,no,down,,
KXH200MON-26JUL31-6.250,KXH200MON-26JUL31,h200,terminal,terminal,no,up,0.106249799843,11.2099644128
KXH200MON-26JUL31-6.250,KXH200MON-26JUL31,h200,terminal,terminal,no,down,,
KXH200MON-26JUL31-6.250,KXH200MON-26JUL31,h200,mean5,terminal,no,up,0.630741614373,87.9003558719
KXH200MON-26JUL31-6.250,KXH200MON-26JUL31,h200,mean5,terminal,no,down,,
KXH200MON-26JUL31-6.250,KXH200MON-26JUL31,h200,median7,terminal,no,up,,
KXH200MON-26JUL31-6.250,KXH200MON-26JUL31,h200,median7,terminal,no,down,,
KXH200MON-26JUL31-6.250,KXH200MON-26JUL31,h200,month_mean,terminal,no,up,2.28299952399,880.604982206
KXH200MON-26JUL31-6.250,KXH200MON-26JUL31,h200,month_mean,terminal,no,down,,
KXH200MON-26JUL31-6.250,KXH200MON-26JUL31,h200,touch,terminal,no,up,0.106249799843,11.2099644128
KXH200MON-26JUL31-6.250,KXH200MON-26JUL31,h200,touch,terminal,no,down,,
KXH200MON-26JUL31-6.150,KXH200MON-26JUL31,h200,terminal,terminal,no,up,0.0901204179128,9.43060498221
KXH200MON-26JUL31-6.150,KXH200MON-26JUL31,h200,terminal,terminal,no,down,,
KXH200MON-26JUL31-6.150,KXH200MON-26JUL31,h200,mean5,terminal,no,up,0.582235500766,79.0035587189
KXH200MON-26JUL31-6.150,KXH200MON-26JUL31,h200,mean5,terminal,no,down,,
KXH200MON-26JUL31-6.150,KXH200MON-26JUL31,h200,median7,terminal,no,up,,
KXH200MON-26JUL31-6.150,KXH200MON-26JUL31,h200,median7,terminal,no,down,,
KXH200MON-26JUL31-6.150,KXH200MON-26JUL31,h200,month_mean,terminal,no,up,2.22702520502,827.224199288
KXH200MON-26JUL31-6.150,KXH200MON-26JUL31,h200,month_mean,terminal,no,down,,
KXH200MON-26JUL31-6.150,KXH200MON-26JUL31,h200,touch,terminal,no,up,0.0901204179128,9.43060498221
KXH200MON-26JUL31-6.150,KXH200MON-26JUL31,h200,touch,terminal,no,down,,
KXH200MON-26JUL31-6.050,KXH200MON-26JUL31,h200,terminal,terminal,no,up,0.0737266081372,7.6512455516
KXH200MON-26JUL31-6.050,KXH200MON-26JUL31,h200,terminal,terminal,no,down,,
KXH200MON-26JUL31-6.050,KXH200MON-26JUL31,h200,mean5,terminal,no,up,0.531256063158,70.1067615658
KXH200MON-26JUL31-6.050,KXH200MON-26JUL31,h200,mean5,terminal,no,down,,
KXH200MON-26JUL31-6.050,KXH200MON-26JUL31,h200,median7,terminal,no,up,,
KXH200MON-26JUL31-6.050,KXH200MON-26JUL31,h200,median7,terminal,no,down,,
KXH200MON-26JUL31-6.050,KXH200MON-26JUL31,h200,month_mean,terminal,no,up,2.16773101615,773.84341637
KXH200MON-26JUL31-6.050,KXH200MON-26JUL31,h200,month_mean,terminal,no,down,,
KXH200MON-26JUL31-6.050,KXH200MON-26JUL31,h200,touch,terminal,no,up,0.0737266081372,7.6512455516
KXH200MON-26JUL31-6.050,KXH200MON-26JUL31,h200,touch,terminal,no,down,,
KXH200MON-26JUL31-5.950,KXH200MON-26JUL31,h200,terminal,terminal,no,up,0.0570595556519,5.871886121
KXH200MON-26JUL31-5.950,KXH200MON-26JUL31,h200,terminal,terminal,no,down,,
KXH200MON-26JUL31-5.950,KXH200MON-26JUL31,h200,mean5,terminal,no,up,0.477537456149,61.2099644128
KXH200MON-26JUL31-5.950,KXH200MON-26JUL31,h200,mean5,terminal,no,down,,
KXH200MON-26JUL31-5.950,KXH200MON-26JUL31,h200,median7,terminal,no,up,,
KXH200MON-26JUL31-5.950,KXH200MON-26JUL31,h200,median7,terminal,no,down,,
KXH200MON-26JUL31-5.950,KXH200MON-26JUL31,h200,month_mean,terminal,no,up,2.10469818231,720.462633452
KXH200MON-26JUL31-5.950,KXH200MON-26JUL31,h200,month_mean,terminal,no,down,,
KXH200MON-26JUL31-5.950,KXH200MON-26JUL31,h200,touch,terminal,no,up,0.0570595556519,5.871886121
KXH200MON-26JUL31-5.950,KXH200MON-26JUL31,h200,touch,terminal,no,down,,
KXH200MON-26JUL31-5.850,KXH200MON-26JUL31,h200,terminal,terminal,no,up,0.0401099973382,4.09252669039
KXH200MON-26JUL31-5.850,KXH200MON-26JUL31,h200,terminal,terminal,no,down,,
KXH200MON-26JUL31-5.850,KXH200MON-26JUL31,h200,mean5,terminal,no,up,0.420768526248,52.3131672598
KXH200MON-26JUL31-5.850,KXH200MON-26JUL31,h200,mean5,terminal,no,down,,
KXH200MON-26JUL31-5.850,KXH200MON-26JUL31,h200,median7,terminal,no,up,,
KXH200MON-26JUL31-5.850,KXH200MON-26JUL31,h200,median7,terminal,no,down,,
KXH200MON-26JUL31-5.850,KXH200MON-26JUL31,h200,month_mean,terminal,no,up,2.03742332485,667.081850534
KXH200MON-26JUL31-5.850,KXH200MON-26JUL31,h200,month_mean,terminal,no,down,,
KXH200MON-26JUL31-5.850,KXH200MON-26JUL31,h200,touch,terminal,no,up,0.0401099973382,4.09252669039
KXH200MON-26JUL31-5.850,KXH200MON-26JUL31,h200,touch,terminal,no,down,,
KXH200MON-26JUL31-5.750,KXH200MON-26JUL31,h200,terminal,terminal,no,up,0.0228681909037,2.31316725979
KXH200MON-26JUL31-5.750,KXH200MON-26JUL31,h200,terminal,terminal,no,down,,
KXH200MON-26JUL31-5.750,KXH200MON-26JUL31,h200,mean5,terminal,no,up,0.360581892613,43.4163701068
KXH200MON-26JUL31-5.750,KXH200MON-26JUL31,h200,mean5,terminal,no,down,,
KXH200MON-26JUL31-5.750,KXH200MON-26JUL31,h200,median7,terminal,no,up,,
KXH200MON-26JUL31-5.750,KXH200MON-26JUL31,h200,median7,terminal,no,down,,
KXH200MON-26JUL31-5.750,KXH200MON-26JUL31,h200,month_mean,terminal,no,up,1.96529401588,613.701067616
KXH200MON-26JUL31-5.750,KXH200MON-26JUL31,h200,month_mean,terminal,no,down,,
KXH200MON-26JUL31-5.750,KXH200MON-26JUL31,h200,touch,terminal,no,up,0.0228681909037,2.31316725979
KXH200MON-26JUL31-5.750,KXH200MON-26JUL31,h200,touch,terminal,no,down,,
KXH200MON-26JUL31-5.650,KXH200MON-26JUL31,h200,terminal,terminal,no,up,0.00532388125275,0.533807829182
KXH200MON-26JUL31-5.650,KXH200MON-26JUL31,h200,terminal,terminal,no,down,,
KXH200MON-26JUL31-5.650,KXH200MON-26JUL31,h200,mean5,terminal,no,up,0.296539526286,34.5195729537
KXH200MON-26JUL31-5.650,KXH200MON-26JUL31,h200,mean5,terminal,no,down,,
KXH200MON-26JUL31-5.650,KXH200MON-26JUL31,h200,median7,terminal,no,up,,
KXH200MON-26JUL31-5.650,KXH200MON-26JUL31,h200,median7,terminal,no,down,,
KXH200MON-26JUL31-5.650,KXH200MON-26JUL31,h200,month_mean,terminal,no,up,1.88755481117,560.320284698
KXH200MON-26JUL31-5.650,KXH200MON-26JUL31,h200,month_mean,terminal,no,down,,
KXH200MON-26JUL31-5.650,KXH200MON-26JUL31,h200,touch,terminal,no,up,0.00532388125275,0.533807829182
KXH200MON-26JUL31-5.650,KXH200MON-26JUL31,h200,touch,terminal,no,down,,
KXH200MON-26JUL31-5.550,KXH200MON-26JUL31,h200,terminal,terminal,yes,up,,
KXH200MON-26JUL31-5.550,KXH200MON-26JUL31,h200,terminal,terminal,yes,down,0.0125337361473,1.26126126126
KXH200MON-26JUL31-5.550,KXH200MON-26JUL31,h200,mean5,terminal,no,up,0.2281133876,25.6227758007
KXH200MON-26JUL31-5.550,KXH200MON-26JUL31,h200,mean5,terminal,no,down,,
KXH200MON-26JUL31-5.550,KXH200MON-26JUL31,h200,median7,terminal,no,up,,
KXH200MON-26JUL31-5.550,KXH200MON-26JUL31,h200,median7,terminal,no,down,,
KXH200MON-26JUL31-5.550,KXH200MON-26JUL31,h200,month_mean,terminal,no,up,1.80325893252,506.939501779
KXH200MON-26JUL31-5.550,KXH200MON-26JUL31,h200,month_mean,terminal,no,down,,
KXH200MON-26JUL31-5.550,KXH200MON-26JUL31,h200,touch,terminal,yes,up,,
KXH200MON-26JUL31-5.550,KXH200MON-26JUL31,h200,touch,terminal,yes,down,0.0125337361473,1.26126126126
KXH200MON-26JUL31-5.450,KXH200MON-26JUL31,h200,terminal,terminal,yes,up,,
KXH200MON-26JUL31-5.450,KXH200MON-26JUL31,h200,terminal,terminal,yes,down,0.0307160552304,3.11926605505
KXH200MON-26JUL31-5.450,KXH200MON-26JUL31,h200,mean5,terminal,no,up,0.15465893905,16.7259786477
KXH200MON-26JUL31-5.450,KXH200MON-26JUL31,h200,mean5,terminal,no,down,,
KXH200MON-26JUL31-5.450,KXH200MON-26JUL31,h200,median7,terminal,no,up,,
KXH200MON-26JUL31-5.450,KXH200MON-26JUL31,h200,median7,terminal,no,down,,
KXH200MON-26JUL31-5.450,KXH200MON-26JUL31,h200,month_mean,terminal,no,up,1.711197647,453.558718861
KXH200MON-26JUL31-5.450,KXH200MON-26JUL31,h200,month_mean,terminal,no,down,,
KXH200MON-26JUL31-5.450,KXH200MON-26JUL31,h200,touch,terminal,yes,up,,
KXH200MON-26JUL31-5.450,KXH200MON-26JUL31,h200,touch,terminal,yes,down,0.0307160552304,3.11926605505
KXH200MON-26JUL31-5.350,KXH200MON-26JUL31,h200,terminal,terminal,yes,up,,
KXH200MON-26JUL31-5.350,KXH200MON-26JUL31,h200,terminal,terminal,yes,down,0.0492351029977,5.04672897196
KXH200MON-26JUL31-5.350,KXH200MON-26JUL31,h200,mean5,terminal,no,up,0.0753781361756,7.82918149466
KXH200MON-26JUL31-5.350,KXH200MON-26JUL31,h200,mean5,terminal,no,down,,
KXH200MON-26JUL31-5.350,KXH200MON-26JUL31,h200,median7,terminal,no,up,,
KXH200MON-26JUL31-5.350,KXH200MON-26JUL31,h200,median7,terminal,no,down,,
KXH200MON-26JUL31-5.350,KXH200MON-26JUL31,h200,month_mean,terminal,no,up,1.60979372101,400.177935943
KXH200MON-26JUL31-5.350,KXH200MON-26JUL31,h200,month_mean,terminal,no,down,,
KXH200MON-26JUL31-5.350,KXH200MON-26JUL31,h200,touch,terminal,yes,up,,
KXH200MON-26JUL31-5.350,KXH200MON-26JUL31,h200,touch,terminal,yes,down,,
KXH200MON-26JUL31-5.250,KXH200MON-26JUL31,h200,terminal,terminal,yes,up,,
KXH200MON-26JUL31-5.250,KXH200MON-26JUL31,h200,terminal,terminal,yes,down,0.0681035873021,7.04761904762
KXH200MON-26JUL31-5.250,KXH200MON-26JUL31,h200,mean5,terminal,yes,up,,
KXH200MON-26JUL31-5.250,KXH200MON-26JUL31,h200,mean5,terminal,yes,down,0.0107335556431,1.07913669065
KXH200MON-26JUL31-5.250,KXH200MON-26JUL31,h200,median7,terminal,no,up,0.0487901641694,5.0
KXH200MON-26JUL31-5.250,KXH200MON-26JUL31,h200,median7,terminal,no,down,,
KXH200MON-26JUL31-5.250,KXH200MON-26JUL31,h200,month_mean,terminal,no,up,1.49693450926,346.797153025
KXH200MON-26JUL31-5.250,KXH200MON-26JUL31,h200,month_mean,terminal,no,down,,
KXH200MON-26JUL31-5.250,KXH200MON-26JUL31,h200,touch,terminal,yes,up,,
KXH200MON-26JUL31-5.250,KXH200MON-26JUL31,h200,touch,terminal,yes,down,,
KXH200MON-26JUL31-5.150,KXH200MON-26JUL31,h200,terminal,terminal,yes,up,,
KXH200MON-26JUL31-5.150,KXH200MON-26JUL31,h200,terminal,terminal,yes,down,0.08733494923,9.12621359223
KXH200MON-26JUL31-5.150,KXH200MON-26JUL31,h200,mean5,terminal,yes,up,,
KXH200MON-26JUL31-5.150,KXH200MON-26JUL31,h200,mean5,terminal,yes,down,0.104965180606,11.0671936759
KXH200MON-26JUL31-5.150,KXH200MON-26JUL31,h200,median7,terminal,no,up,0.0295588022415,3.0
KXH200MON-26JUL31-5.150,KXH200MON-26JUL31,h200,median7,terminal,no,down,,
KXH200MON-26JUL31-5.150,KXH200MON-26JUL31,h200,month_mean,terminal,no,up,1.36969833096,293.416370107
KXH200MON-26JUL31-5.150,KXH200MON-26JUL31,h200,month_mean,terminal,no,down,,
KXH200MON-26JUL31-5.150,KXH200MON-26JUL31,h200,touch,terminal,yes,up,,
KXH200MON-26JUL31-5.150,KXH200MON-26JUL31,h200,touch,terminal,yes,down,,
KXH200MON-26JUL31-5.050,KXH200MON-26JUL31,h200,terminal,terminal,yes,up,,
KXH200MON-26JUL31-5.050,KXH200MON-26JUL31,h200,terminal,terminal,yes,down,0.106943420618,11.2871287129
KXH200MON-26JUL31-5.050,KXH200MON-26JUL31,h200,mean5,terminal,yes,up,,
KXH200MON-26JUL31-5.050,KXH200MON-26JUL31,h200,mean5,terminal,yes,down,0.209009040379,23.2456140351
KXH200MON-26JUL31-5.050,KXH200MON-26JUL31,h200,median7,terminal,no,up,0.00995033085317,1.0
KXH200MON-26JUL31-5.050,KXH200MON-26JUL31,h200,median7,terminal,no,down,,
KXH200MON-26JUL31-5.050,KXH200MON-26JUL31,h200,month_mean,terminal,no,up,1.22388009435,240.035587189
KXH200MON-26JUL31-5.050,KXH200MON-26JUL31,h200,month_mean,terminal,no,down,,
KXH200MON-26JUL31-5.050,KXH200MON-26JUL31,h200,touch,terminal,yes,up,,
KXH200MON-26JUL31-5.050,KXH200MON-26JUL31,h200,touch,terminal,yes,down,,
KXH200MON-26JUL31-4.950,KXH200MON-26JUL31,h200,terminal,terminal,yes,up,,
KXH200MON-26JUL31-4.950,KXH200MON-26JUL31,h200,terminal,terminal,yes,down,0.126944087325,13.5353535354
KXH200MON-26JUL31-4.950,KXH200MON-26JUL31,h200,mean5,terminal,yes,up,,
KXH200MON-26JUL31-4.950,KXH200MON-26JUL31,h200,mean5,terminal,yes,down,0.325148690292,38.4236453202
KXH200MON-26JUL31-4.950,KXH200MON-26JUL31,h200,median7,terminal,yes,up,,
KXH200MON-26JUL31-4.950,KXH200MON-26JUL31,h200,median7,terminal,yes,down,,
KXH200MON-26JUL31-4.950,KXH200MON-26JUL31,h200,month_mean,terminal,no,up,1.05310853328,186.65480427
KXH200MON-26JUL31-4.950,KXH200MON-26JUL31,h200,month_mean,terminal,no,down,,
KXH200MON-26JUL31-4.950,KXH200MON-26JUL31,h200,touch,terminal,yes,up,,
KXH200MON-26JUL31-4.950,KXH200MON-26JUL31,h200,touch,terminal,yes,down,,
KXH200MON-26JUL31-4.850,KXH200MON-26JUL31,h200,terminal,terminal,yes,up,,
KXH200MON-26JUL31-4.850,KXH200MON-26JUL31,h200,terminal,terminal,yes,down,0.147352958956,15.8762886598
KXH200MON-26JUL31-4.850,KXH200MON-26JUL31,h200,mean5,terminal,yes,up,,
KXH200MON-26JUL31-4.850,KXH200MON-26JUL31,h200,mean5,terminal,yes,down,0.456571119042,57.8651685393
KXH200MON-26JUL31-4.850,KXH200MON-26JUL31,h200,median7,terminal,yes,up,,
KXH200MON-26JUL31-4.850,KXH200MON-26JUL31,h200,median7,terminal,yes,down,,
KXH200MON-26JUL31-4.850,KXH200MON-26JUL31,h200,month_mean,terminal,no,up,0.84704363387,133.274021352
KXH200MON-26JUL31-4.850,KXH200MON-26JUL31,h200,month_mean,terminal,no,down,,
KXH200MON-26JUL31-4.850,KXH200MON-26JUL31,h200,touch,terminal,yes,up,,
KXH200MON-26JUL31-4.850,KXH200MON-26JUL31,h200,touch,terminal,yes,down,,
KXH200MON-26JUL31-4.750,KXH200MON-26JUL31,h200,terminal,terminal,yes,up,,
KXH200MON-26JUL31-4.750,KXH200MON-26JUL31,h200,terminal,terminal,yes,down,0.168187045859,18.3157894737
KXH200MON-26JUL31-4.750,KXH200MON-26JUL31,h200,mean5,terminal,yes,up,,
KXH200MON-26JUL31-4.750,KXH200MON-26JUL31,h200,mean5,terminal,yes,down,0.607916747941,83.660130719
KXH200MON-26JUL31-4.750,KXH200MON-26JUL31,h200,median7,terminal,yes,up,,
KXH200MON-26JUL31-4.750,KXH200MON-26JUL31,h200,median7,terminal,yes,down,,
KXH200MON-26JUL31-4.750,KXH200MON-26JUL31,h200,month_mean,terminal,no,up,0.587193369127,79.8932384342
KXH200MON-26JUL31-4.750,KXH200MON-26JUL31,h200,month_mean,terminal,no,down,,
KXH200MON-26JUL31-4.750,KXH200MON-26JUL31,h200,touch,terminal,yes,up,,
KXH200MON-26JUL31-4.750,KXH200MON-26JUL31,h200,touch,terminal,yes,down,,
KXH200MON-26JUL31-4.650,KXH200MON-26JUL31,h200,terminal,terminal,yes,up,,
KXH200MON-26JUL31-4.650,KXH200MON-26JUL31,h200,terminal,terminal,yes,down,0.189464444306,20.8602150538
KXH200MON-26JUL31-4.650,KXH200MON-26JUL31,h200,mean5,terminal,yes,up,,
KXH200MON-26JUL31-4.650,KXH200MON-26JUL31,h200,mean5,terminal,yes,down,0.786324405414,119.53125
KXH200MON-26JUL31-4.650,KXH200MON-26JUL31,h200,median7,terminal,yes,up,,
KXH200MON-26JUL31-4.650,KXH200MON-26JUL31,h200,median7,terminal,yes,down,,
KXH200MON-26JUL31-4.650,KXH200MON-26JUL31,h200,month_mean,terminal,no,up,0.23517057991,26.512455516
KXH200MON-26JUL31-4.650,KXH200MON-26JUL31,h200,month_mean,terminal,no,down,,
KXH200MON-26JUL31-4.650,KXH200MON-26JUL31,h200,touch,terminal,yes,up,,
KXH200MON-26JUL31-4.650,KXH200MON-26JUL31,h200,touch,terminal,yes,down,,
KXH200MON-26JUL31-4.550,KXH200MON-26JUL31,h200,terminal,terminal,yes,up,,
KXH200MON-26JUL31-4.550,KXH200MON-26JUL31,h200,terminal,terminal,yes,down,0.211204430943,23.5164835165
KXH200MON-26JUL31-4.550,KXH200MON-26JUL31,h200,mean5,terminal,yes,up,,
KXH200MON-26JUL31-4.550,KXH200MON-26JUL31,h200,mean5,terminal,yes,down,1.0036256811,172.815533981
KXH200MON-26JUL31-4.550,KXH200MON-26JUL31,h200,median7,terminal,yes,up,,
KXH200MON-26JUL31-4.550,KXH200MON-26JUL31,h200,median7,terminal,yes,down,,
KXH200MON-26JUL31-4.550,KXH200MON-26JUL31,h200,month_mean,terminal,yes,up,,
KXH200MON-26JUL31-4.550,KXH200MON-26JUL31,h200,month_mean,terminal,yes,down,0.312908635397,36.7396593674
KXH200MON-26JUL31-4.550,KXH200MON-26JUL31,h200,touch,terminal,yes,up,,
KXH200MON-26JUL31-4.550,KXH200MON-26JUL31,h200,touch,terminal,yes,down,,
KXH200MON-26JUL31-4.450,KXH200MON-26JUL31,h200,terminal,terminal,yes,up,,
KXH200MON-26JUL31-4.450,KXH200MON-26JUL31,h200,terminal,terminal,yes,down,0.233427567727,26.2921348315
KXH200MON-26JUL31-4.450,KXH200MON-26JUL31,h200,mean5,terminal,yes,up,,
KXH200MON-26JUL31-4.450,KXH200MON-26JUL31,h200,mean5,terminal,yes,down,1.28164584264,260.256410256
KXH200MON-26JUL31-4.450,KXH200MON-26JUL31,h200,median7,terminal,yes,up,,
KXH200MON-26JUL31-4.450,KXH200MON-26JUL31,h200,median7,terminal,yes,down,,
KXH200MON-26JUL31-4.450,KXH200MON-26JUL31,h200,month_mean,terminal,yes,up,,
KXH200MON-26JUL31-4.450,KXH200MON-26JUL31,h200,month_mean,terminal,yes,down,1.62197164858,406.306306306
KXH200MON-26JUL31-4.450,KXH200MON-26JUL31,h200,touch,terminal,yes,up,,
KXH200MON-26JUL31-4.450,KXH200MON-26JUL31,h200,touch,terminal,yes,down,,
KXH200MON-26JUL31-4.350,KXH200MON-26JUL31,h200,terminal,terminal,yes,up,,
KXH200MON-26JUL31-4.350,KXH200MON-26JUL31,h200,terminal,terminal,yes,down,0.256155818805,29.1954022989
KXH200MON-26JUL31-4.350,KXH200MON-26JUL31,h200,mean5,terminal,yes,up,,
KXH200MON-26JUL31-4.350,KXH200MON-26JUL31,h200,mean5,terminal,yes,down,1.66806275578,430.188679245
KXH200MON-26JUL31-4.350,KXH200MON-26JUL31,h200,median7,terminal,yes,up,,
KXH200MON-26JUL31-4.350,KXH200MON-26JUL31,h200,median7,terminal,yes,down,,
KXH200MON-26JUL31-4.350,KXH200MON-26JUL31,h200,month_mean,terminal,yes,up,,
KXH200MON-26JUL31-4.350,KXH200MON-26JUL31,h200,month_mean,terminal,yes,down,,
KXH200MON-26JUL31-4.350,KXH200MON-26JUL31,h200,touch,terminal,yes,up,,
KXH200MON-26JUL31-4.350,KXH200MON-26JUL31,h200,touch,terminal,yes,down,,
KXH200MON-26JUL31-4.250,KXH200MON-26JUL31,h200,terminal,terminal,yes,up,,
KXH200MON-26JUL31-4.250,KXH200MON-26JUL31,h200,terminal,terminal,yes,down,0.279412680969,32.2352941176
KXH200MON-26JUL31-4.250,KXH200MON-26JUL31,h200,mean5,terminal,yes,up,,
KXH200MON-26JUL31-4.250,KXH200MON-26JUL31,h200,mean5,terminal,yes,down,2.30615015916,903.571428571
KXH200MON-26JUL31-4.250,KXH200MON-26JUL31,h200,median7,terminal,yes,up,,
KXH200MON-26JUL31-4.250,KXH200MON-26JUL31,h200,median7,terminal,yes,down,,
KXH200MON-26JUL31-4.250,KXH200MON-26JUL31,h200,month_mean,terminal,yes,up,,
KXH200MON-26JUL31-4.250,KXH200MON-26JUL31,h200,month_mean,terminal,yes,down,,
KXH200MON-26JUL31-4.250,KXH200MON-26JUL31,h200,touch,terminal,yes,up,,
KXH200MON-26JUL31-4.250,KXH200MON-26JUL31,h200,touch,terminal,yes,down,,
KXH200MON-26JUL31-4.150,KXH200MON-26JUL31,h200,terminal,terminal,yes,up,,
KXH200MON-26JUL31-4.150,KXH200MON-26JUL31,h200,terminal,terminal,yes,down,0.303223329663,35.421686747
KXH200MON-26JUL31-4.150,KXH200MON-26JUL31,h200,mean5,terminal,yes,up,,
KXH200MON-26JUL31-4.150,KXH200MON-26JUL31,h200,mean5,terminal,yes,down,4.53974238067,9266.66666667
KXH200MON-26JUL31-4.150,KXH200MON-26JUL31,h200,median7,terminal,yes,up,,
KXH200MON-26JUL31-4.150,KXH200MON-26JUL31,h200,median7,terminal,yes,down,,
KXH200MON-26JUL31-4.150,KXH200MON-26JUL31,h200,month_mean,terminal,yes,up,,
KXH200MON-26JUL31-4.150,KXH200MON-26JUL31,h200,month_mean,terminal,yes,down,,
KXH200MON-26JUL31-4.150,KXH200MON-26JUL31,h200,touch,terminal,yes,up,,
KXH200MON-26JUL31-4.150,KXH200MON-26JUL31,h200,touch,terminal,yes,down,,
KXH200MON-26JUL31-4.050,KXH200MON-26JUL31,h200,terminal,terminal,yes,up,,
KXH200MON-26JUL31-4.050,KXH200MON-26JUL31,h200,terminal,terminal,yes,down,0.327614782787,38.7654320988
KXH200MON-26JUL31-4.050,KXH200MON-26JUL31,h200,mean5,terminal,yes,up,,
KXH200MON-26JUL31-4.050,KXH200MON-26JUL31,h200,mean5,terminal,yes,down,,
KXH200MON-26JUL31-4.050,KXH200MON-26JUL31,h200,median7,terminal,yes,up,,
KXH200MON-26JUL31-4.050,KXH200MON-26JUL31,h200,median7,terminal,yes,down,,
KXH200MON-26JUL31-4.050,KXH200MON-26JUL31,h200,month_mean,terminal,yes,up,,
KXH200MON-26JUL31-4.050,KXH200MON-26JUL31,h200,month_mean,terminal,yes,down,,
KXH200MON-26JUL31-4.050,KXH200MON-26JUL31,h200,touch,terminal,yes,up,,
KXH200MON-26JUL31-4.050,KXH200MON-26JUL31,h200,touch,terminal,yes,down,,
KXH200MON-26JUL31-3.950,KXH200MON-26JUL31,h200,terminal,terminal,yes,up,,
KXH200MON-26JUL31-3.950,KXH200MON-26JUL31,h200,terminal,terminal,yes,down,0.352616084993,42.2784810127
KXH200MON-26JUL31-3.950,KXH200MON-26JUL31,h200,mean5,terminal,yes,up,,
KXH200MON-26JUL31-3.950,KXH200MON-26JUL31,h200,mean5,terminal,yes,down,,
KXH200MON-26JUL31-3.950,KXH200MON-26JUL31,h200,median7,terminal,yes,up,,
KXH200MON-26JUL31-3.950,KXH200MON-26JUL31,h200,median7,terminal,yes,down,,
KXH200MON-26JUL31-3.950,KXH200MON-26JUL31,h200,month_mean,terminal,yes,up,,
KXH200MON-26JUL31-3.950,KXH200MON-26JUL31,h200,month_mean,terminal,yes,down,,
KXH200MON-26JUL31-3.950,KXH200MON-26JUL31,h200,touch,terminal,yes,up,,
KXH200MON-26JUL31-3.950,KXH200MON-26JUL31,h200,touch,terminal,yes,down,,
KXH200MON-26JUL31-3.850,KXH200MON-26JUL31,h200,terminal,terminal,yes,up,,
KXH200MON-26JUL31-3.850,KXH200MON-26JUL31,h200,terminal,terminal,yes,down,0.378258515606,45.974025974
KXH200MON-26JUL31-3.850,KXH200MON-26JUL31,h200,mean5,terminal,yes,up,,
KXH200MON-26JUL31-3.850,KXH200MON-26JUL31,h200,mean5,terminal,yes,down,,
KXH200MON-26JUL31-3.850,KXH200MON-26JUL31,h200,median7,terminal,yes,up,,
KXH200MON-26JUL31-3.850,KXH200MON-26JUL31,h200,median7,terminal,yes,down,,
KXH200MON-26JUL31-3.850,KXH200MON-26JUL31,h200,month_mean,terminal,yes,up,,
KXH200MON-26JUL31-3.850,KXH200MON-26JUL31,h200,month_mean,terminal,yes,down,,
KXH200MON-26JUL31-3.850,KXH200MON-26JUL31,h200,touch,terminal,yes,up,,
KXH200MON-26JUL31-3.850,KXH200MON-26JUL31,h200,touch,terminal,yes,down,,
KXH200MON-26JUL31-3.750,KXH200MON-26JUL31,h200,terminal,terminal,yes,up,,
KXH200MON-26JUL31-3.750,KXH200MON-26JUL31,h200,terminal,terminal,yes,down,0.404575823923,49.8666666667
KXH200MON-26JUL31-3.750,KXH200MON-26JUL31,h200,mean5,terminal,yes,up,,
KXH200MON-26JUL31-3.750,KXH200MON-26JUL31,h200,mean5,terminal,yes,down,,
KXH200MON-26JUL31-3.750,KXH200MON-26JUL31,h200,median7,terminal,yes,up,,
KXH200MON-26JUL31-3.750,KXH200MON-26JUL31,h200,median7,terminal,yes,down,,
KXH200MON-26JUL31-3.750,KXH200MON-26JUL31,h200,month_mean,terminal,yes,up,,
KXH200MON-26JUL31-3.750,KXH200MON-26JUL31,h200,month_mean,terminal,yes,down,,
KXH200MON-26JUL31-3.750,KXH200MON-26JUL31,h200,touch,terminal,yes,up,,
KXH200MON-26JUL31-3.750,KXH200MON-26JUL31,h200,touch,terminal,yes,down,,
KXH200MON-26JUL31-3.650,KXH200MON-26JUL31,h200,terminal,terminal,yes,up,,
KXH200MON-26JUL31-3.650,KXH200MON-26JUL31,h200,terminal,terminal,yes,down,0.431604496311,53.9726027397
KXH200MON-26JUL31-3.650,KXH200MON-26JUL31,h200,mean5,terminal,yes,up,,
KXH200MON-26JUL31-3.650,KXH200MON-26JUL31,h200,mean5,terminal,yes,down,,
KXH200MON-26JUL31-3.650,KXH200MON-26JUL31,h200,median7,terminal,yes,up,,
KXH200MON-26JUL31-3.650,KXH200MON-26JUL31,h200,median7,terminal,yes,down,,
KXH200MON-26JUL31-3.650,KXH200MON-26JUL31,h200,month_mean,terminal,yes,up,,
KXH200MON-26JUL31-3.650,KXH200MON-26JUL31,h200,month_mean,terminal,yes,down,,
KXH200MON-26JUL31-3.650,KXH200MON-26JUL31,h200,touch,terminal,yes,up,,
KXH200MON-26JUL31-3.650,KXH200MON-26JUL31,h200,touch,terminal,yes,down,,
KXH200MON-26JUL31-3.550,KXH200MON-26JUL31,h200,terminal,terminal,yes,up,,
KXH200MON-26JUL31-3.550,KXH200MON-26JUL31,h200,terminal,terminal,yes,down,0.459384060418,58.3098591549
KXH200MON-26JUL31-3.550,KXH200MON-26JUL31,h200,mean5,terminal,yes,up,,
KXH200MON-26JUL31-3.550,KXH200MON-26JUL31,h200,mean5,terminal,yes,down,,
KXH200MON-26JUL31-3.550,KXH200MON-26JUL31,h200,median7,terminal,yes,up,,
KXH200MON-26JUL31-3.550,KXH200MON-26JUL31,h200,median7,terminal,yes,down,,
KXH200MON-26JUL31-3.550,KXH200MON-26JUL31,h200,month_mean,terminal,yes,up,,
KXH200MON-26JUL31-3.550,KXH200MON-26JUL31,h200,month_mean,terminal,yes,down,,
KXH200MON-26JUL31-3.550,KXH200MON-26JUL31,h200,touch,terminal,yes,up,,
KXH200MON-26JUL31-3.550,KXH200MON-26JUL31,h200,touch,terminal,yes,down,,
KXH200MON-26JUL31-3.450,KXH200MON-26JUL31,h200,terminal,terminal,yes,up,,
KXH200MON-26JUL31-3.450,KXH200MON-26JUL31,h200,terminal,terminal,yes,down,0.487957432862,62.8985507246
KXH200MON-26JUL31-3.450,KXH200MON-26JUL31,h200,mean5,terminal,yes,up,,
KXH200MON-26JUL31-3.450,KXH200MON-26JUL31,h200,mean5,terminal,yes,down,,
KXH200MON-26JUL31-3.450,KXH200MON-26JUL31,h200,median7,terminal,yes,up,,
KXH200MON-26JUL31-3.450,KXH200MON-26JUL31,h200,median7,terminal,yes,down,,
KXH200MON-26JUL31-3.450,KXH200MON-26JUL31,h200,month_mean,terminal,yes,up,,
KXH200MON-26JUL31-3.450,KXH200MON-26JUL31,h200,month_mean,terminal,yes,down,,
KXH200MON-26JUL31-3.450,KXH200MON-26JUL31,h200,touch,terminal,yes,up,,
KXH200MON-26JUL31-3.450,KXH200MON-26JUL31,h200,touch,terminal,yes,down,,
KXH200MON-26JUL31-3.350,KXH200MON-26JUL31,h200,terminal,terminal,yes,up,,
KXH200MON-26JUL31-3.350,KXH200MON-26JUL31,h200,terminal,terminal,yes,down,0.517371318069,67.7611940299
KXH200MON-26JUL31-3.350,KXH200MON-26JUL31,h200,mean5,terminal,yes,up,,
KXH200MON-26JUL31-3.350,KXH200MON-26JUL31,h200,mean5,terminal,yes,down,,
KXH200MON-26JUL31-3.350,KXH200MON-26JUL31,h200,median7,terminal,yes,up,,
KXH200MON-26JUL31-3.350,KXH200MON-26JUL31,h200,median7,terminal,yes,down,,
KXH200MON-26JUL31-3.350,KXH200MON-26JUL31,h200,month_mean,terminal,yes,up,,
KXH200MON-26JUL31-3.350,KXH200MON-26JUL31,h200,month_mean,terminal,yes,down,,
KXH200MON-26JUL31-3.350,KXH200MON-26JUL31,h200,touch,terminal,yes,up,,
KXH200MON-26JUL31-3.350,KXH200MON-26JUL31,h200,touch,terminal,yes,down,,
KXH200MON-26JUL31-3.250,KXH200MON-26JUL31,h200,terminal,terminal,yes,up,,
KXH200MON-26JUL31-3.250,KXH200MON-26JUL31,h200,terminal,terminal,yes,down,0.547676667564,72.9230769231
KXH200MON-26JUL31-3.250,KXH200MON-26JUL31,h200,mean5,terminal,yes,up,,
KXH200MON-26JUL31-3.250,KXH200MON-26JUL31,h200,mean5,terminal,yes,down,,
KXH200MON-26JUL31-3.250,KXH200MON-26JUL31,h200,median7,terminal,yes,up,,
KXH200MON-26JUL31-3.250,KXH200MON-26JUL31,h200,median7,terminal,yes,down,,
KXH200MON-26JUL31-3.250,KXH200MON-26JUL31,h200,month_mean,terminal,yes,up,,
KXH200MON-26JUL31-3.250,KXH200MON-26JUL31,h200,month_mean,terminal,yes,down,,
KXH200MON-26JUL31-3.250,KXH200MON-26JUL31,h200,touch,terminal,yes,up,,
KXH200MON-26JUL31-3.250,KXH200MON-26JUL31,h200,touch,terminal,yes,down,,
KXH200MON-26JUL31-3.150,KXH200MON-26JUL31,h200,terminal,terminal,yes,up,,
KXH200MON-26JUL31-3.150,KXH200MON-26JUL31,h200,terminal,terminal,yes,down,0.578929211068,78.4126984127
KXH200MON-26JUL31-3.150,KXH200MON-26JUL31,h200,mean5,terminal,yes,up,,
KXH200MON-26JUL31-3.150,KXH200MON-26JUL31,h200,mean5,terminal,yes,down,,
KXH200MON-26JUL31-3.150,KXH200MON-26JUL31,h200,median7,terminal,yes,up,,
KXH200MON-26JUL31-3.150,KXH200MON-26JUL31,h200,median7,terminal,yes,down,,
KXH200MON-26JUL31-3.150,KXH200MON-26JUL31,h200,month_mean,terminal,yes,up,,
KXH200MON-26JUL31-3.150,KXH200MON-26JUL31,h200,month_mean,terminal,yes,down,,
KXH200MON-26JUL31-3.150,KXH200MON-26JUL31,h200,touch,terminal,yes,up,,
KXH200MON-26JUL31-3.150,KXH200MON-26JUL31,h200,touch,terminal,yes,down,,
KXH200MON-26JUL31-3.050,KXH200MON-26JUL31,h200,terminal,terminal,yes,up,,
KXH200MON-26JUL31-3.050,KXH200MON-26JUL31,h200,terminal,terminal,yes,down,0.611190073286,84.262295082
KXH200MON-26JUL31-3.050,KXH200MON-26JUL31,h200,mean5,terminal,yes,up,,
KXH200MON-26JUL31-3.050,KXH200MON-26JUL31,h200,mean5,terminal,yes,down,,
KXH200MON-26JUL31-3.050,KXH200MON-26JUL31,h200,median7,terminal,yes,up,,
KXH200MON-26JUL31-3.050,KXH200MON-26JUL31,h200,median7,terminal,yes,down,,
KXH200MON-26JUL31-3.050,KXH200MON-26JUL31,h200,month_mean,terminal,yes,up,,
KXH200MON-26JUL31-3.050,KXH200MON-26JUL31,h200,month_mean,terminal,yes,down,,
KXH200MON-26JUL31-3.050,KXH200MON-26JUL31,h200,touch,terminal,yes,up,,
KXH200MON-26JUL31-3.050,KXH200MON-26JUL31,h200,touch,terminal,yes,down,,
KXH200MON-26JUL31-2.950,KXH200MON-26JUL31,h200,terminal,terminal,yes,up,,
KXH200MON-26JUL31-2.950,KXH200MON-26JUL31,h200,terminal,terminal,yes,down,0.644526493554,90.5084745763
KXH200MON-26JUL31-2.950,KXH200MON-26JUL31,h200,mean5,terminal,yes,up,,
KXH200MON-26JUL31-2.950,KXH200MON-26JUL31,h200,mean5,terminal,yes,down,,
KXH200MON-26JUL31-2.950,KXH200MON-26JUL31,h200,median7,terminal,yes,up,,
KXH200MON-26JUL31-2.950,KXH200MON-26JUL31,h200,median7,terminal,yes,down,,
KXH200MON-26JUL31-2.950,KXH200MON-26JUL31,h200,month_mean,terminal,yes,up,,
KXH200MON-26JUL31-2.950,KXH200MON-26JUL31,h200,month_mean,terminal,yes,down,,
KXH200MON-26JUL31-2.950,KXH200MON-26JUL31,h200,touch,terminal,yes,up,,
KXH200MON-26JUL31-2.950,KXH200MON-26JUL31,h200,touch,terminal,yes,down,,
KXH200MON-26JUL31-2.850,KXH200MON-26JUL31,h200,terminal,terminal,yes,up,,
KXH200MON-26JUL31-2.850,KXH200MON-26JUL31,h200,terminal,terminal,yes,down,0.679012669625,97.1929824561
KXH200MON-26JUL31-2.850,KXH200MON-26JUL31,h200,mean5,terminal,yes,up,,
KXH200MON-26JUL31-2.850,KXH200MON-26JUL31,h200,mean5,terminal,yes,down,,
KXH200MON-26JUL31-2.850,KXH200MON-26JUL31,h200,median7,terminal,yes,up,,
KXH200MON-26JUL31-2.850,KXH200MON-26JUL31,h200,median7,terminal,yes,down,,
KXH200MON-26JUL31-2.850,KXH200MON-26JUL31,h200,month_mean,terminal,yes,up,,
KXH200MON-26JUL31-2.850,KXH200MON-26JUL31,h200,month_mean,terminal,yes,down,,
KXH200MON-26JUL31-2.850,KXH200MON-26JUL31,h200,touch,terminal,yes,up,,
KXH200MON-26JUL31-2.850,KXH200MON-26JUL31,h200,touch,terminal,yes,down,,
KXH200MON-26JUL31-2.750,KXH200MON-26JUL31,h200,terminal,terminal,yes,up,,
KXH200MON-26JUL31-2.750,KXH200MON-26JUL31,h200,terminal,terminal,yes,down,0.714730752227,104.363636364
KXH200MON-26JUL31-2.750,KXH200MON-26JUL31,h200,mean5,terminal,yes,up,,
KXH200MON-26JUL31-2.750,KXH200MON-26JUL31,h200,mean5,terminal,yes,down,,
KXH200MON-26JUL31-2.750,KXH200MON-26JUL31,h200,median7,terminal,yes,up,,
KXH200MON-26JUL31-2.750,KXH200MON-26JUL31,h200,median7,terminal,yes,down,,
KXH200MON-26JUL31-2.750,KXH200MON-26JUL31,h200,month_mean,terminal,yes,up,,
KXH200MON-26JUL31-2.750,KXH200MON-26JUL31,h200,month_mean,terminal,yes,down,,
KXH200MON-26JUL31-2.750,KXH200MON-26JUL31,h200,touch,terminal,yes,up,,
KXH200MON-26JUL31-2.750,KXH200MON-26JUL31,h200,touch,terminal,yes,down,,
KXH200MON-26JUL31-2.650,KXH200MON-26JUL31,h200,terminal,terminal,yes,up,,
KXH200MON-26JUL31-2.650,KXH200MON-26JUL31,h200,terminal,terminal,yes,down,0.751772023907,112.075471698
KXH200MON-26JUL31-2.650,KXH200MON-26JUL31,h200,mean5,terminal,yes,up,,
KXH200MON-26JUL31-2.650,KXH200MON-26JUL31,h200,mean5,terminal,yes,down,,
KXH200MON-26JUL31-2.650,KXH200MON-26JUL31,h200,median7,terminal,yes,up,,
KXH200MON-26JUL31-2.650,KXH200MON-26JUL31,h200,median7,terminal,yes,down,,
KXH200MON-26JUL31-2.650,KXH200MON-26JUL31,h200,month_mean,terminal,yes,up,,
KXH200MON-26JUL31-2.650,KXH200MON-26JUL31,h200,month_mean,terminal,yes,down,,
KXH200MON-26JUL31-2.650,KXH200MON-26JUL31,h200,touch,terminal,yes,up,,
KXH200MON-26JUL31-2.650,KXH200MON-26JUL31,h200,touch,terminal,yes,down,,
KXRTX5090MON-26JUL31-0.980,KXRTX5090MON-26JUL31,rtx-5090,terminal,terminal,no,up,0.69314718056,100.0
KXRTX5090MON-26JUL31-0.980,KXRTX5090MON-26JUL31,rtx-5090,terminal,terminal,no,down,,
KXRTX5090MON-26JUL31-0.980,KXRTX5090MON-26JUL31,rtx-5090,mean5,terminal,no,up,1.79515505823,502.040816327
KXRTX5090MON-26JUL31-0.980,KXRTX5090MON-26JUL31,rtx-5090,mean5,terminal,no,down,,
KXRTX5090MON-26JUL31-0.980,KXRTX5090MON-26JUL31,rtx-5090,median7,terminal,no,up,,
KXRTX5090MON-26JUL31-0.980,KXRTX5090MON-26JUL31,rtx-5090,median7,terminal,no,down,,
KXRTX5090MON-26JUL31-0.980,KXRTX5090MON-26JUL31,rtx-5090,month_mean,terminal,no,up,3.35662906218,2769.23076923
KXRTX5090MON-26JUL31-0.980,KXRTX5090MON-26JUL31,rtx-5090,month_mean,terminal,no,down,,
KXRTX5090MON-26JUL31-0.980,KXRTX5090MON-26JUL31,rtx-5090,touch,terminal,no,up,0.633723760089,88.4615384615
KXRTX5090MON-26JUL31-0.980,KXRTX5090MON-26JUL31,rtx-5090,touch,terminal,no,down,,
KXRTX5090MON-26JUL31-0.930,KXRTX5090MON-26JUL31,rtx-5090,terminal,terminal,no,up,0.640779195043,89.7959183673
KXRTX5090MON-26JUL31-0.930,KXRTX5090MON-26JUL31,rtx-5090,terminal,terminal,no,down,,
KXRTX5090MON-26JUL31-0.930,KXRTX5090MON-26JUL31,rtx-5090,mean5,terminal,no,up,1.70660166089,451.020408163
KXRTX5090MON-26JUL31-0.930,KXRTX5090MON-26JUL31,rtx-5090,mean5,terminal,no,down,,
KXRTX5090MON-26JUL31-0.930,KXRTX5090MON-26JUL31,rtx-5090,median7,terminal,no,up,,
KXRTX5090MON-26JUL31-0.930,KXRTX5090MON-26JUL31,rtx-5090,median7,terminal,no,down,,
KXRTX5090MON-26JUL31-0.930,KXRTX5090MON-26JUL31,rtx-5090,month_mean,terminal,no,up,3.25067259895,2480.76923077
KXRTX5090MON-26JUL31-0.930,KXRTX5090MON-26JUL31,rtx-5090,month_mean,terminal,no,down,,
KXRTX5090MON-26JUL31-0.930,KXRTX5090MON-26JUL31,rtx-5090,touch,terminal,no,up,0.581355774572,78.8461538462
KXRTX5090MON-26JUL31-0.930,KXRTX5090MON-26JUL31,rtx-5090,touch,terminal,no,down,,
KXRTX5090MON-26JUL31-0.880,KXRTX5090MON-26JUL31,rtx-5090,terminal,terminal,no,up,0.585516516368,79.5918367347
KXRTX5090MON-26JUL31-0.880,KXRTX5090MON-26JUL31,rtx-5090,terminal,terminal,no,down,,
KXRTX5090MON-26JUL31-0.880,KXRTX5090MON-26JUL31,rtx-5090,mean5,terminal,no,up,1.60943791243,400.0
KXRTX5090MON-26JUL31-0.880,KXRTX5090MON-26JUL31,rtx-5090,mean5,terminal,no,down,,
KXRTX5090MON-26JUL31-0.880,KXRTX5090MON-26JUL31,rtx-5090,median7,terminal,no,up,,
KXRTX5090MON-26JUL31-0.880,KXRTX5090MON-26JUL31,rtx-5090,median7,terminal,no,down,,
KXRTX5090MON-26JUL31-0.880,KXRTX5090MON-26JUL31,rtx-5090,month_mean,terminal,no,up,3.13214412904,2192.30769231
KXRTX5090MON-26JUL31-0.880,KXRTX5090MON-26JUL31,rtx-5090,month_mean,terminal,no,down,,
KXRTX5090MON-26JUL31-0.880,KXRTX5090MON-26JUL31,rtx-5090,touch,terminal,no,up,0.526093095897,69.2307692308
KXRTX5090MON-26JUL31-0.880,KXRTX5090MON-26JUL31,rtx-5090,touch,terminal,no,down,,
KXRTX5090MON-26JUL31-0.830,KXRTX5090MON-26JUL31,rtx-5090,terminal,terminal,no,up,0.527020309686,69.387755102
KXRTX5090MON-26JUL31-0.830,KXRTX5090MON-26JUL31,rtx-5090,terminal,terminal,no,down,,
KXRTX5090MON-26JUL31-0.830,KXRTX5090MON-26JUL31,rtx-5090,mean5,terminal,no,up,1.50180724824,348.979591837
KXRTX5090MON-26JUL31-0.830,KXRTX5090MON-26JUL31,rtx-5090,mean5,terminal,no,down,,
KXRTX5090MON-26JUL31-0.830,KXRTX5090MON-26JUL31,rtx-5090,median7,terminal,no,up,,
KXRTX5090MON-26JUL31-0.830,KXRTX5090MON-26JUL31,rtx-5090,median7,terminal,no,down,,
KXRTX5090MON-26JUL31-0.830,KXRTX5090MON-26JUL31,rtx-5090,month_mean,terminal,no,up,2.99765350373,1903.84615385
KXRTX5090MON-26JUL31-0.830,KXRTX5090MON-26JUL31,rtx-5090,month_mean,terminal,no,down,,
KXRTX5090MON-26JUL31-0.830,KXRTX5090MON-26JUL31,rtx-5090,touch,terminal,no,up,0.467596889215,59.6153846154
KXRTX5090MON-26JUL31-0.830,KXRTX5090MON-26JUL31,rtx-5090,touch,terminal,no,down,,
KXRTX5090MON-26JUL31-0.780,KXRTX5090MON-26JUL31,rtx-5090,terminal,terminal,no,up,0.464888528579,59.1836734694
KXRTX5090MON-26JUL31-0.780,KXRTX5090MON-26JUL31,rtx-5090,terminal,terminal,no,down,,
KXRTX5090MON-26JUL31-0.780,KXRTX5090MON-26JUL31,rtx-5090,mean5,terminal,no,up,1.38117926045,297.959183673
KXRTX5090MON-26JUL31-0.780,KXRTX5090MON-26JUL31,rtx-5090,mean5,terminal,no,down,,
KXRTX5090MON-26JUL31-0.780,KXRTX5090MON-26JUL31,rtx-5090,median7,terminal,no,up,,
KXRTX5090MON-26JUL31-0.780,KXRTX5090MON-26JUL31,rtx-5090,median7,terminal,no,down,,
KXRTX5090MON-26JUL31-0.780,KXRTX5090MON-26JUL31,rtx-5090,month_mean,terminal,no,up,2.842222414,1615.38461538
KXRTX5090MON-26JUL31-0.780,KXRTX5090MON-26JUL31,rtx-5090,month_mean,terminal,no,down,,
KXRTX5090MON-26JUL31-0.780,KXRTX5090MON-26JUL31,rtx-5090,touch,terminal,no,up,0.405465108108,50.0
KXRTX5090MON-26JUL31-0.780,KXRTX5090MON-26JUL31,rtx-5090,touch,terminal,no,down,,
KXRTX5090MON-26JUL31-0.730,KXRTX5090MON-26JUL31,rtx-5090,terminal,terminal,no,up,0.398639143038,48.9795918367
KXRTX5090MON-26JUL31-0.730,KXRTX5090MON-26JUL31,rtx-5090,terminal,terminal,no,down,,
KXRTX5090MON-26JUL31-0.730,KXRTX5090MON-26JUL31,rtx-5090,mean5,terminal,no,up,1.24397813894,246.93877551
KXRTX5090MON-26JUL31-0.730,KXRTX5090MON-26JUL31,rtx-5090,mean5,terminal,no,down,,
KXRTX5090MON-26JUL31-0.730,KXRTX5090MON-26JUL31,rtx-5090,median7,terminal,no,up,,
KXRTX5090MON-26JUL31-0.730,KXRTX5090MON-26JUL31,rtx-5090,median7,terminal,no,down,,
KXRTX5090MON-26JUL31-0.730,KXRTX5090MON-26JUL31,rtx-5090,month_mean,terminal,no,up,2.65810552459,1326.92307692
KXRTX5090MON-26JUL31-0.730,KXRTX5090MON-26JUL31,rtx-5090,month_mean,terminal,no,down,,
KXRTX5090MON-26JUL31-0.730,KXRTX5090MON-26JUL31,rtx-5090,touch,terminal,no,up,0.339215722567,40.3846153846
KXRTX5090MON-26JUL31-0.730,KXRTX5090MON-26JUL31,rtx-5090,touch,terminal,no,down,,
KXRTX5090MON-26JUL31-0.680,KXRTX5090MON-26JUL31,rtx-5090,terminal,terminal,no,up,0.327687407065,38.7755102041
KXRTX5090MON-26JUL31-0.680,KXRTX5090MON-26JUL31,rtx-5090,terminal,terminal,no,down,,
KXRTX5090MON-26JUL31-0.680,KXRTX5090MON-26JUL31,rtx-5090,mean5,terminal,no,up,1.08491344431,195.918367347
KXRTX5090MON-26JUL31-0.680,KXRTX5090MON-26JUL31,rtx-5090,mean5,terminal,no,down,,
KXRTX5090MON-26JUL31-0.680,KXRTX5090MON-26JUL31,rtx-5090,median7,terminal,no,up,,
KXRTX5090MON-26JUL31-0.680,KXRTX5090MON-26JUL31,rtx-5090,median7,terminal,no,down,,
KXRTX5090MON-26JUL31-0.680,KXRTX5090MON-26JUL31,rtx-5090,month_mean,terminal,no,up,2.4322629163,1038.46153846
KXRTX5090MON-26JUL31-0.680,KXRTX5090MON-26JUL31,rtx-5090,month_mean,terminal,no,down,,
KXRTX5090MON-26JUL31-0.680,KXRTX5090MON-26JUL31,rtx-5090,touch,terminal,no,up,0.268263986595,30.7692307692
KXRTX5090MON-26JUL31-0.680,KXRTX5090MON-26JUL31,rtx-5090,touch,terminal,no,down,,
KXRTX5090MON-26JUL31-0.630,KXRTX5090MON-26JUL31,rtx-5090,terminal,terminal,no,up,0.251314428281,28.5714285714
KXRTX5090MON-26JUL31-0.630,KXRTX5090MON-26JUL31,rtx-5090,terminal,terminal,no,down,,
KXRTX5090MON-26JUL31-0.630,KXRTX5090MON-26JUL31,rtx-5090,mean5,terminal,no,up,0.895671444671,144.897959184
KXRTX5090MON-26JUL31-0.630,KXRTX5090MON-26JUL31,rtx-5090,mean5,terminal,no,down,,
KXRTX5090MON-26JUL31-0.630,KXRTX5090MON-26JUL31,rtx-5090,median7,terminal,no,up,,
KXRTX5090MON-26JUL31-0.630,KXRTX5090MON-26JUL31,rtx-5090,median7,terminal,no,down,,
KXRTX5090MON-26JUL31-0.630,KXRTX5090MON-26JUL31,rtx-5090,month_mean,terminal,no,up,2.1400661635,750.0
KXRTX5090MON-26JUL31-0.630,KXRTX5090MON-26JUL31,rtx-5090,month_mean,terminal,no,down,,
KXRTX5090MON-26JUL31-0.630,KXRTX5090MON-26JUL31,rtx-5090,touch,terminal,no,up,0.19189100781,21.1538461538
KXRTX5090MON-26JUL31-0.630,KXRTX5090MON-26JUL31,rtx-5090,touch,terminal,no,down,,
KXRTX5090MON-26JUL31-0.580,KXRTX5090MON-26JUL31,rtx-5090,terminal,terminal,no,up,0.168622712436,18.3673469388
KXRTX5090MON-26JUL31-0.580,KXRTX5090MON-26JUL31,rtx-5090,terminal,terminal,no,down,,
KXRTX5090MON-26JUL31-0.580,KXRTX5090MON-26JUL31,rtx-5090,mean5,terminal,no,up,0.66205659349,93.8775510204
KXRTX5090MON-26JUL31-0.580,KXRTX5090MON-26JUL31,rtx-5090,mean5,terminal,no,down,,
KXRTX5090MON-26JUL31-0.580,KXRTX5090MON-26JUL31,rtx-5090,median7,terminal,no,up,,
KXRTX5090MON-26JUL31-0.580,KXRTX5090MON-26JUL31,rtx-5090,median7,terminal,no,down,,
KXRTX5090MON-26JUL31-0.580,KXRTX5090MON-26JUL31,rtx-5090,month_mean,terminal,no,up,1.72551008369,461.538461538
KXRTX5090MON-26JUL31-0.580,KXRTX5090MON-26JUL31,rtx-5090,month_mean,terminal,no,down,,
KXRTX5090MON-26JUL31-0.580,KXRTX5090MON-26JUL31,rtx-5090,touch,terminal,no,up,0.109199291965,11.5384615385
KXRTX5090MON-26JUL31-0.580,KXRTX5090MON-26JUL31,rtx-5090,touch,terminal,no,down,,
KXRTX5090MON-26JUL31-0.530,KXRTX5090MON-26JUL31,rtx-5090,terminal,terminal,no,up,0.0784716154415,8.16326530612
KXRTX5090MON-26JUL31-0.530,KXRTX5090MON-26JUL31,rtx-5090,terminal,terminal,no,down,,
KXRTX5090MON-26JUL31-0.530,KXRTX5090MON-26JUL31,rtx-5090,mean5,terminal,no,up,0.356674943939,42.8571428571
KXRTX5090MON-26JUL31-0.530,KXRTX5090MON-26JUL31,rtx-5090,mean5,terminal,no,down,,
KXRTX5090MON-26JUL31-0.530,KXRTX5090MON-26JUL31,rtx-5090,median7,terminal,no,up,,
KXRTX5090MON-26JUL31-0.530,KXRTX5090MON-26JUL31,rtx-5090,median7,terminal,no,down,,
KXRTX5090MON-26JUL31-0.530,KXRTX5090MON-26JUL31,rtx-5090,month_mean,terminal,no,up,1.00458333902,173.076923077
KXRTX5090MON-26JUL31-0.530,KXRTX5090MON-26JUL31,rtx-5090,month_mean,terminal,no,down,,
KXRTX5090MON-26JUL31-0.530,KXRTX5090MON-26JUL31,rtx-5090,touch,terminal,no,up,0.0190481949707,1.92307692308
KXRTX5090MON-26JUL31-0.530,KXRTX5090MON-26JUL31,rtx-5090,touch,terminal,no,down,,
KXRTX5090MON-26JUL31-0.480,KXRTX5090MON-26JUL31,rtx-5090,terminal,terminal,yes,up,,
KXRTX5090MON-26JUL31-0.480,KXRTX5090MON-26JUL31,rtx-5090,terminal,terminal,yes,down,0.0206192872027,2.08333333333
KXRTX5090MON-26JUL31-0.480,KXRTX5090MON-26JUL31,rtx-5090,mean5,terminal,yes,up,,
KXRTX5090MON-26JUL31-0.480,KXRTX5090MON-26JUL31,rtx-5090,mean5,terminal,yes,down,0.0851578083403,8.88888888889
KXRTX5090MON-26JUL31-0.480,KXRTX5090MON-26JUL31,rtx-5090,median7,terminal,yes,up,,
KXRTX5090MON-26JUL31-0.480,KXRTX5090MON-26JUL31,rtx-5090,median7,terminal,yes,down,0.0206192872027,2.08333333333
KXRTX5090MON-26JUL31-0.480,KXRTX5090MON-26JUL31,rtx-5090,month_mean,terminal,yes,up,,
KXRTX5090MON-26JUL31-0.480,KXRTX5090MON-26JUL31,rtx-5090,month_mean,terminal,yes,down,,
KXRTX5090MON-26JUL31-0.480,KXRTX5090MON-26JUL31,rtx-5090,touch,terminal,yes,up,,
KXRTX5090MON-26JUL31-0.480,KXRTX5090MON-26JUL31,rtx-5090,touch,terminal,yes,down,,
KXRTX5090MON-26JUL31-0.430,KXRTX5090MON-26JUL31,rtx-5090,terminal,terminal,yes,up,,
KXRTX5090MON-26JUL31-0.430,KXRTX5090MON-26JUL31,rtx-5090,terminal,terminal,yes,down,0.130620182417,13.9534883721
KXRTX5090MON-26JUL31-0.430,KXRTX5090MON-26JUL31,rtx-5090,mean5,terminal,yes,up,,
KXRTX5090MON-26JUL31-0.430,KXRTX5090MON-26JUL31,rtx-5090,mean5,terminal,yes,down,0.896088024557,145.0
KXRTX5090MON-26JUL31-0.430,KXRTX5090MON-26JUL31,rtx-5090,median7,terminal,yes,up,,
KXRTX5090MON-26JUL31-0.430,KXRTX5090MON-26JUL31,rtx-5090,median7,terminal,yes,down,,
KXRTX5090MON-26JUL31-0.430,KXRTX5090MON-26JUL31,rtx-5090,month_mean,terminal,yes,up,,
KXRTX5090MON-26JUL31-0.430,KXRTX5090MON-26JUL31,rtx-5090,month_mean,terminal,yes,down,,
KXRTX5090MON-26JUL31-0.430,KXRTX5090MON-26JUL31,rtx-5090,touch,terminal,yes,up,,
KXRTX5090MON-26JUL31-0.430,KXRTX5090MON-26JUL31,rtx-5090,touch,terminal,yes,down,,
KXRTX5090MON-26JUL31-0.380,KXRTX5090MON-26JUL31,rtx-5090,terminal,terminal,yes,up,,
KXRTX5090MON-26JUL31-0.380,KXRTX5090MON-26JUL31,rtx-5090,terminal,terminal,yes,down,0.254234138384,28.9473684211
KXRTX5090MON-26JUL31-0.380,KXRTX5090MON-26JUL31,rtx-5090,mean5,terminal,yes,up,,
KXRTX5090MON-26JUL31-0.380,KXRTX5090MON-26JUL31,rtx-5090,mean5,terminal,yes,down,,
KXRTX5090MON-26JUL31-0.380,KXRTX5090MON-26JUL31,rtx-5090,median7,terminal,yes,up,,
KXRTX5090MON-26JUL31-0.380,KXRTX5090MON-26JUL31,rtx-5090,median7,terminal,yes,down,,
KXRTX5090MON-26JUL31-0.380,KXRTX5090MON-26JUL31,rtx-5090,month_mean,terminal,yes,up,,
KXRTX5090MON-26JUL31-0.380,KXRTX5090MON-26JUL31,rtx-5090,month_mean,terminal,yes,down,,
KXRTX5090MON-26JUL31-0.380,KXRTX5090MON-26JUL31,rtx-5090,touch,terminal,yes,up,,
KXRTX5090MON-26JUL31-0.380,KXRTX5090MON-26JUL31,rtx-5090,touch,terminal,yes,down,,
KXRTX5090MON-26JUL31-0.330,KXRTX5090MON-26JUL31,rtx-5090,terminal,terminal,yes,up,,
KXRTX5090MON-26JUL31-0.330,KXRTX5090MON-26JUL31,rtx-5090,terminal,terminal,yes,down,0.395312736644,48.4848484848
KXRTX5090MON-26JUL31-0.330,KXRTX5090MON-26JUL31,rtx-5090,mean5,terminal,yes,up,,
KXRTX5090MON-26JUL31-0.330,KXRTX5090MON-26JUL31,rtx-5090,mean5,terminal,yes,down,,
KXRTX5090MON-26JUL31-0.330,KXRTX5090MON-26JUL31,rtx-5090,median7,terminal,yes,up,,
KXRTX5090MON-26JUL31-0.330,KXRTX5090MON-26JUL31,rtx-5090,median7,terminal,yes,down,,
KXRTX5090MON-26JUL31-0.330,KXRTX5090MON-26JUL31,rtx-5090,month_mean,terminal,yes,up,,
KXRTX5090MON-26JUL31-0.330,KXRTX5090MON-26JUL31,rtx-5090,month_mean,terminal,yes,down,,
KXRTX5090MON-26JUL31-0.330,KXRTX5090MON-26JUL31,rtx-5090,touch,terminal,yes,up,,
KXRTX5090MON-26JUL31-0.330,KXRTX5090MON-26JUL31,rtx-5090,touch,terminal,yes,down,,
KXRTX5090MON-26JUL31-0.280,KXRTX5090MON-26JUL31,rtx-5090,terminal,terminal,yes,up,,
KXRTX5090MON-26JUL31-0.280,KXRTX5090MON-26JUL31,rtx-5090,terminal,terminal,yes,down,0.559615787935,75.0
KXRTX5090MON-26JUL31-0.280,KXRTX5090MON-26JUL31,rtx-5090,mean5,terminal,yes,up,,
KXRTX5090MON-26JUL31-0.280,KXRTX5090MON-26JUL31,rtx-5090,mean5,terminal,yes,down,,
KXRTX5090MON-26JUL31-0.280,KXRTX5090MON-26JUL31,rtx-5090,median7,terminal,yes,up,,
KXRTX5090MON-26JUL31-0.280,KXRTX5090MON-26JUL31,rtx-5090,median7,terminal,yes,down,,
KXRTX5090MON-26JUL31-0.280,KXRTX5090MON-26JUL31,rtx-5090,month_mean,terminal,yes,up,,
KXRTX5090MON-26JUL31-0.280,KXRTX5090MON-26JUL31,rtx-5090,month_mean,terminal,yes,down,,
KXRTX5090MON-26JUL31-0.280,KXRTX5090MON-26JUL31,rtx-5090,touch,terminal,yes,up,,
KXRTX5090MON-26JUL31-0.280,KXRTX5090MON-26JUL31,rtx-5090,touch,terminal,yes,down,,
KXRTX5090MON-26JUL31-0.230,KXRTX5090MON-26JUL31,rtx-5090,terminal,terminal,yes,up,,
KXRTX5090MON-26JUL31-0.230,KXRTX5090MON-26JUL31,rtx-5090,terminal,terminal,yes,down,0.756326082181,113.043478261
KXRTX5090MON-26JUL31-0.230,KXRTX5090MON-26JUL31,rtx-5090,mean5,terminal,yes,up,,
KXRTX5090MON-26JUL31-0.230,KXRTX5090MON-26JUL31,rtx-5090,mean5,terminal,yes,down,,
KXRTX5090MON-26JUL31-0.230,KXRTX5090MON-26JUL31,rtx-5090,median7,terminal,yes,up,,
KXRTX5090MON-26JUL31-0.230,KXRTX5090MON-26JUL31,rtx-5090,median7,terminal,yes,down,,
KXRTX5090MON-26JUL31-0.230,KXRTX5090MON-26JUL31,rtx-5090,month_mean,terminal,yes,up,,
KXRTX5090MON-26JUL31-0.230,KXRTX5090MON-26JUL31,rtx-5090,month_mean,terminal,yes,down,,
KXRTX5090MON-26JUL31-0.230,KXRTX5090MON-26JUL31,rtx-5090,touch,terminal,yes,up,,
KXRTX5090MON-26JUL31-0.230,KXRTX5090MON-26JUL31,rtx-5090,touch,terminal,yes,down,,
KXRTX5090MON-26JUL31-0.180,KXRTX5090MON-26JUL31,rtx-5090,terminal,terminal,yes,up,,
KXRTX5090MON-26JUL31-0.180,KXRTX5090MON-26JUL31,rtx-5090,terminal,terminal,yes,down,1.00144854021,172.222222222
KXRTX5090MON-26JUL31-0.180,KXRTX5090MON-26JUL31,rtx-5090,mean5,terminal,yes,up,,
KXRTX5090MON-26JUL31-0.180,KXRTX5090MON-26JUL31,rtx-5090,mean5,terminal,yes,down,,
KXRTX5090MON-26JUL31-0.180,KXRTX5090MON-26JUL31,rtx-5090,median7,terminal,yes,up,,
KXRTX5090MON-26JUL31-0.180,KXRTX5090MON-26JUL31,rtx-5090,median7,terminal,yes,down,,
KXRTX5090MON-26JUL31-0.180,KXRTX5090MON-26JUL31,rtx-5090,month_mean,terminal,yes,up,,
KXRTX5090MON-26JUL31-0.180,KXRTX5090MON-26JUL31,rtx-5090,month_mean,terminal,yes,down,,
KXRTX5090MON-26JUL31-0.180,KXRTX5090MON-26JUL31,rtx-5090,touch,terminal,yes,up,,
KXRTX5090MON-26JUL31-0.180,KXRTX5090MON-26JUL31,rtx-5090,touch,terminal,yes,down,,
KXRTX5090MON-26JUL31-0.130,KXRTX5090MON-26JUL31,rtx-5090,terminal,terminal,yes,up,,
KXRTX5090MON-26JUL31-0.130,KXRTX5090MON-26JUL31,rtx-5090,terminal,terminal,yes,down,1.32687094065,276.923076923
KXRTX5090MON-26JUL31-0.130,KXRTX5090MON-26JUL31,rtx-5090,mean5,terminal,yes,up,,
KXRTX5090MON-26JUL31-0.130,KXRTX5090MON-26JUL31,rtx-5090,mean5,terminal,yes,down,,
KXRTX5090MON-26JUL31-0.130,KXRTX5090MON-26JUL31,rtx-5090,median7,terminal,yes,up,,
KXRTX5090MON-26JUL31-0.130,KXRTX5090MON-26JUL31,rtx-5090,median7,terminal,yes,down,,
KXRTX5090MON-26JUL31-0.130,KXRTX5090MON-26JUL31,rtx-5090,month_mean,terminal,yes,up,,
KXRTX5090MON-26JUL31-0.130,KXRTX5090MON-26JUL31,rtx-5090,month_mean,terminal,yes,down,,
KXRTX5090MON-26JUL31-0.130,KXRTX5090MON-26JUL31,rtx-5090,touch,terminal,yes,up,,
KXRTX5090MON-26JUL31-0.130,KXRTX5090MON-26JUL31,rtx-5090,touch,terminal,yes,down,,
KXRTX5090MON-26JUL31-0.080,KXRTX5090MON-26JUL31,rtx-5090,terminal,terminal,yes,up,,
KXRTX5090MON-26JUL31-0.080,KXRTX5090MON-26JUL31,rtx-5090,terminal,terminal,yes,down,1.81237875643,512.5
KXRTX5090MON-26JUL31-0.080,KXRTX5090MON-26JUL31,rtx-5090,mean5,terminal,yes,up,,
KXRTX5090MON-26JUL31-0.080,KXRTX5090MON-26JUL31,rtx-5090,mean5,terminal,yes,down,,
KXRTX5090MON-26JUL31-0.080,KXRTX5090MON-26JUL31,rtx-5090,median7,terminal,yes,up,,
KXRTX5090MON-26JUL31-0.080,KXRTX5090MON-26JUL31,rtx-5090,median7,terminal,yes,down,,
KXRTX5090MON-26JUL31-0.080,KXRTX5090MON-26JUL31,rtx-5090,month_mean,terminal,yes,up,,
KXRTX5090MON-26JUL31-0.080,KXRTX5090MON-26JUL31,rtx-5090,month_mean,terminal,yes,down,,
KXRTX5090MON-26JUL31-0.080,KXRTX5090MON-26JUL31,rtx-5090,touch,terminal,yes,up,,
KXRTX5090MON-26JUL31-0.080,KXRTX5090MON-26JUL31,rtx-5090,touch,terminal,yes,down,,
KXRTX5090MON-26JUL31-0.030,KXRTX5090MON-26JUL31,rtx-5090,terminal,terminal,yes,up,,
KXRTX5090MON-26JUL31-0.030,KXRTX5090MON-26JUL31,rtx-5090,terminal,terminal,yes,down,2.79320800944,1533.33333333
KXRTX5090MON-26JUL31-0.030,KXRTX5090MON-26JUL31,rtx-5090,mean5,terminal,yes,up,,
KXRTX5090MON-26JUL31-0.030,KXRTX5090MON-26JUL31,rtx-5090,mean5,terminal,yes,down,,
KXRTX5090MON-26JUL31-0.030,KXRTX5090MON-26JUL31,rtx-5090,median7,terminal,yes,up,,
KXRTX5090MON-26JUL31-0.030,KXRTX5090MON-26JUL31,rtx-5090,median7,terminal,yes,down,,
KXRTX5090MON-26JUL31-0.030,KXRTX5090MON-26JUL31,rtx-5090,month_mean,terminal,yes,up,,
KXRTX5090MON-26JUL31-0.030,KXRTX5090MON-26JUL31,rtx-5090,month_mean,terminal,yes,down,,
KXRTX5090MON-26JUL31-0.030,KXRTX5090MON-26JUL31,rtx-5090,touch,terminal,yes,up,,
KXRTX5090MON-26JUL31-0.030,KXRTX5090MON-26JUL31,rtx-5090,touch,terminal,yes,down,,
KXB200Q-26JUN30-7.070,KXB200Q-26JUN30,b200,terminal,touch,no,up,0.460711713877,58.5201793722
KXB200Q-26JUN30-7.070,KXB200Q-26JUN30,b200,terminal,touch,no,down,,
KXB200Q-26JUN30-7.070,KXB200Q-26JUN30,b200,mean5,touch,no,up,1.36835666043,292.888888889
KXB200Q-26JUN30-7.070,KXB200Q-26JUN30,b200,mean5,touch,no,down,,
KXB200Q-26JUN30-7.070,KXB200Q-26JUN30,b200,median7,touch,no,up,,
KXB200Q-26JUN30-7.070,KXB200Q-26JUN30,b200,median7,touch,no,down,,
KXB200Q-26JUN30-7.070,KXB200Q-26JUN30,b200,month_mean,touch,no,up,2.56661741456,1202.17028381
KXB200Q-26JUN30-7.070,KXB200Q-26JUN30,b200,month_mean,touch,no,down,,
KXB200Q-26JUN30-7.070,KXB200Q-26JUN30,b200,touch,touch,no,up,0.145933706725,15.7119476268
KXB200Q-26JUN30-7.070,KXB200Q-26JUN30,b200,touch,touch,no,down,,
KXB200Q-26JUN30-6.870,KXB200Q-26JUN30,b200,terminal,touch,no,up,0.432015340202,54.0358744395
KXB200Q-26JUN30-6.870,KXB200Q-26JUN30,b200,terminal,touch,no,down,,
KXB200Q-26JUN30-6.870,KXB200Q-26JUN30,b200,mean5,touch,no,up,1.31013300015,270.666666667
KXB200Q-26JUN30-6.870,KXB200Q-26JUN30,b200,mean5,touch,no,down,,
KXB200Q-26JUN30-6.870,KXB200Q-26JUN30,b200,median7,touch,no,up,,
KXB200Q-26JUN30-6.870,KXB200Q-26JUN30,b200,median7,touch,no,down,,
KXB200Q-26JUN30-6.870,KXB200Q-26JUN30,b200,month_mean,touch,no,up,2.48657470689,1102.0033389
KXB200Q-26JUN30-6.870,KXB200Q-26JUN30,b200,month_mean,touch,no,down,,
KXB200Q-26JUN30-6.870,KXB200Q-26JUN30,b200,touch,touch,no,up,0.117237333051,12.4386252046
KXB200Q-26JUN30-6.870,KXB200Q-26JUN30,b200,touch,touch,no,down,,
KXB200Q-26JUN30-6.670,KXB200Q-26JUN30,b200,terminal,touch,no,up,0.402471093896,49.5515695067
KXB200Q-26JUN30-6.670,KXB200Q-26JUN30,b200,terminal,touch,no,down,,
KXB200Q-26JUN30-6.670,KXB200Q-26JUN30,b200,mean5,touch,no,up,1.24830861815,248.444444444
KXB200Q-26JUN30-6.670,KXB200Q-26JUN30,b200,mean5,touch,no,down,,
KXB200Q-26JUN30-6.670,KXB200Q-26JUN30,b200,median7,touch,no,up,,
KXB200Q-26JUN30-6.670,KXB200Q-26JUN30,b200,median7,touch,no,down,,
KXB200Q-26JUN30-6.670,KXB200Q-26JUN30,b200,month_mean,touch,no,up,2.3995633299,1001.83639399
KXB200Q-26JUN30-6.670,KXB200Q-26JUN30,b200,month_mean,touch,no,down,,
KXB200Q-26JUN30-6.670,KXB200Q-26JUN30,b200,touch,touch,no,up,0.087693086744,9.16530278232
KXB200Q-26JUN30-6.670,KXB200Q-26JUN30,b200,touch,touch,no,down,,
KXB200Q-26JUN30-6.470,KXB200Q-26JUN30,b200,terminal,touch,no,up,0.372027342481,45.067264574
KXB200Q-26JUN30-6.470,KXB200Q-26JUN30,b200,terminal,touch,no,down,,
KXB200Q-26JUN30-6.470,KXB200Q-26JUN30,b200,mean5,touch,no,up,1.18240862641,226.222222222
KXB200Q-26JUN30-6.470,KXB200Q-26JUN30,b200,mean5,touch,no,down,,
KXB200Q-26JUN30-6.470,KXB200Q-26JUN30,b200,median7,touch,no,up,,
KXB200Q-26JUN30-6.470,KXB200Q-26JUN30,b200,median7,touch,no,down,,
KXB200Q-26JUN30-6.470,KXB200Q-26JUN30,b200,month_mean,touch,no,up,2.30425315009,901.669449082
KXB200Q-26JUN30-6.470,KXB200Q-26JUN30,b200,month_mean,touch,no,down,,
KXB200Q-26JUN30-6.470,KXB200Q-26JUN30,b200,touch,touch,no,up,0.0572493353293,5.89198036007
KXB200Q-26JUN30-6.470,KXB200Q-26JUN30,b200,touch,touch,no,down,,
KXB200Q-26JUN30-6.270,KXB200Q-26JUN30,b200,terminal,touch,no,up,0.340627588613,40.5829596413
KXB200Q-26JUN30-6.270,KXB200Q-26JUN30,b200,terminal,touch,no,down,,
KXB200Q-26JUN30-6.270,KXB200Q-26JUN30,b200,mean5,touch,no,up,1.11185751542,204.0
KXB200Q-26JUN30-6.270,KXB200Q-26JUN30,b200,mean5,touch,no,down,,
KXB200Q-26JUN30-6.270,KXB200Q-26JUN30,b200,median7,touch,no,up,,
KXB200Q-26JUN30-6.270,KXB200Q-26JUN30,b200,median7,touch,no,down,,
KXB200Q-26JUN30-6.270,KXB200Q-26JUN30,b200,month_mean,touch,no,up,2.19889263444,801.502504174
KXB200Q-26JUN30-6.270,KXB200Q-26JUN30,b200,month_mean,touch,no,down,,
KXB200Q-26JUN30-6.270,KXB200Q-26JUN30,b200,touch,touch,no,up,0.0258495814613,2.61865793781
KXB200Q-26JUN30-6.270,KXB200Q-26JUN30,b200,touch,touch,no,down,,
KXH100Q-26JUN30-3.530,KXH100Q-26JUN30,h100-sxm,terminal,touch,no,up,0.361136521001,43.4959349593
KXH100Q-26JUN30-3.530,KXH100Q-26JUN30,h100-sxm,terminal,touch,no,down,,
KXH100Q-26JUN30-3.530,KXH100Q-26JUN30,h100-sxm,mean5,touch,no,up,1.13229422905,210.276679842
KXH100Q-26JUN30-3.530,KXH100Q-26JUN30,h100-sxm,mean5,touch,no,down,,
KXH100Q-26JUN30-3.530,KXH100Q-26JUN30,h100-sxm,median7,touch,no,up,,
KXH100Q-26JUN30-3.530,KXH100Q-26JUN30,h100-sxm,median7,touch,no,down,,
KXH100Q-26JUN30-3.530,KXH100Q-26JUN30,h100-sxm,month_mean,touch,no,up,2.27605325062,873.8170347
KXH100Q-26JUN30-3.530,KXH100Q-26JUN30,h100-sxm,month_mean,touch,no,down,,
KXH100Q-26JUN30-3.530,KXH100Q-26JUN30,h100-sxm,touch,touch,no,up,0.107566283056,11.356466877
KXH100Q-26JUN30-3.530,KXH100Q-26JUN30,h100-sxm,touch,touch,no,down,,
KXH100Q-26JUN30-3.430,KXH100Q-26JUN30,h100-sxm,terminal,touch,no,up,0.332398911234,39.4308943089
KXH100Q-26JUN30-3.430,KXH100Q-26JUN30,h100-sxm,terminal,touch,no,down,,
KXH100Q-26JUN30-3.430,KXH100Q-26JUN30,h100-sxm,mean5,touch,no,up,1.06648101049,190.513833992
KXH100Q-26JUN30-3.430,KXH100Q-26JUN30,h100-sxm,mean5,touch,no,down,,
KXH100Q-26JUN30-3.430,KXH100Q-26JUN30,h100-sxm,median7,touch,no,up,,
KXH100Q-26JUN30-3.430,KXH100Q-26JUN30,h100-sxm,median7,touch,no,down,,
KXH100Q-26JUN30-3.430,KXH100Q-26JUN30,h100-sxm,month_mean,touch,no,up,2.1738192536,779.179810726
KXH100Q-26JUN30-3.430,KXH100Q-26JUN30,h100-sxm,month_mean,touch,no,down,,
KXH100Q-26JUN30-3.430,KXH100Q-26JUN30,h100-sxm,touch,touch,no,up,0.0788286732887,8.20189274448
KXH100Q-26JUN30-3.430,KXH100Q-26JUN30,h100-sxm,touch,touch,no,down,,
KXH100Q-26JUN30-3.330,KXH100Q-26JUN30,h100-sxm,terminal,touch,no,up,0.302810954048,35.3658536585
KXH100Q-26JUN30-3.330,KXH100Q-26JUN30,h100-sxm,terminal,touch,no,down,,
KXH100Q-26JUN30-3.330,KXH100Q-26JUN30,h100-sxm,mean5,touch,no,up,0.996029349535,170.750988142
KXH100Q-26JUN30-3.330,KXH100Q-26JUN30,h100-sxm,mean5,touch,no,down,,
KXH100Q-26JUN30-3.330,KXH100Q-26JUN30,h100-sxm,median7,touch,no,up,,
KXH100Q-26JUN30-3.330,KXH100Q-26JUN30,h100-sxm,median7,touch,no,down,,
KXH100Q-26JUN30-3.330,KXH100Q-26JUN30,h100-sxm,month_mean,touch,no,up,2.05993066993,684.542586751
KXH100Q-26JUN30-3.330,KXH100Q-26JUN30,h100-sxm,month_mean,touch,no,down,,
KXH100Q-26JUN30-3.330,KXH100Q-26JUN30,h100-sxm,touch,touch,no,up,0.0492407161032,5.04731861199
KXH100Q-26JUN30-3.330,KXH100Q-26JUN30,h100-sxm,touch,touch,no,down,,
KXH100Q-26JUN30-3.230,KXH100Q-26JUN30,h100-sxm,terminal,touch,no,up,0.27232078729,31.3008130081
KXH100Q-26JUN30-3.230,KXH100Q-26JUN30,h100-sxm,terminal,touch,no,down,,
KXH100Q-26JUN30-3.230,KXH100Q-26JUN30,h100-sxm,mean5,touch,no,up,0.920235510165,150.988142292
KXH100Q-26JUN30-3.230,KXH100Q-26JUN30,h100-sxm,mean5,touch,no,down,,
KXH100Q-26JUN30-3.230,KXH100Q-26JUN30,h100-sxm,median7,touch,no,up,,
KXH100Q-26JUN30-3.230,KXH100Q-26JUN30,h100-sxm,median7,touch,no,down,,
KXH100Q-26JUN30-3.230,KXH100Q-26JUN30,h100-sxm,month_mean,touch,no,up,1.9313842468,589.905362776
KXH100Q-26JUN30-3.230,KXH100Q-26JUN30,h100-sxm,month_mean,touch,no,down,,
KXH100Q-26JUN30-3.230,KXH100Q-26JUN30,h100-sxm,touch,touch,no,up,0.0187505493454,1.8927444795
KXH100Q-26JUN30-3.230,KXH100Q-26JUN30,h100-sxm,touch,touch,no,down,,
KXH200Q-26JUN30-5.790,KXH200Q-26JUN30,h200,terminal,touch,no,up,0.461405123991,58.6301369863
KXH200Q-26JUN30-5.790,KXH200Q-26JUN30,h200,terminal,touch,no,down,,
KXH200Q-26JUN30-5.790,KXH200Q-26JUN30,h200,mean5,touch,no,up,1.39380036702,303.01369863
KXH200Q-26JUN30-5.790,KXH200Q-26JUN30,h200,mean5,touch,no,down,,
KXH200Q-26JUN30-5.790,KXH200Q-26JUN30,h200,median7,touch,no,up,,
KXH200Q-26JUN30-5.790,KXH200Q-26JUN30,h200,median7,touch,no,down,,
KXH200Q-26JUN30-5.790,KXH200Q-26JUN30,h200,month_mean,touch,no,up,2.62546829693,1281.10403397
KXH200Q-26JUN30-5.790,KXH200Q-26JUN30,h200,month_mean,touch,no,down,,
KXH200Q-26JUN30-5.790,KXH200Q-26JUN30,h200,touch,touch,no,up,0.140712307473,15.1093439364
KXH200Q-26JUN30-5.790,KXH200Q-26JUN30,h200,touch,touch,no,down,,
KXH200Q-26JUN30-5.590,KXH200Q-26JUN30,h200,terminal,touch,no,up,0.426252119573,53.1506849315
KXH200Q-26JUN30-5.590,KXH200Q-26JUN30,h200,terminal,touch,no,down,,
KXH200Q-26JUN30-5.590,KXH200Q-26JUN30,h200,mean5,touch,no,up,1.32339832598,275.616438356
KXH200Q-26JUN30-5.590,KXH200Q-26JUN30,h200,mean5,touch,no,down,,
KXH200Q-26JUN30-5.590,KXH200Q-26JUN30,h200,median7,touch,no,up,,
KXH200Q-26JUN30-5.590,KXH200Q-26JUN30,h200,median7,touch,no,down,,
KXH200Q-26JUN30-5.590,KXH200Q-26JUN30,h200,month_mean,touch,no,up,2.52869663462,1153.71549894
KXH200Q-26JUN30-5.590,KXH200Q-26JUN30,h200,month_mean,touch,no,down,,
KXH200Q-26JUN30-5.590,KXH200Q-26JUN30,h200,touch,touch,no,up,0.105559303055,11.1332007952
KXH200Q-26JUN30-5.590,KXH200Q-26JUN30,h200,touch,touch,no,down,,
KXH200Q-26JUN30-5.390,KXH200Q-26JUN30,h200,terminal,touch,no,up,0.389818217327,47.6712328767
KXH200Q-26JUN30-5.390,KXH200Q-26JUN30,h200,terminal,touch,no,down,,
KXH200Q-26JUN30-5.390,KXH200Q-26JUN30,h200,mean5,touch,no,up,1.24766191761,248.219178082
KXH200Q-26JUN30-5.390,KXH200Q-26JUN30,h200,mean5,touch,no,down,,
KXH200Q-26JUN30-5.390,KXH200Q-26JUN30,h200,median7,touch,no,up,,
KXH200Q-26JUN30-5.390,KXH200Q-26JUN30,h200,median7,touch,no,down,,
KXH200Q-26JUN30-5.390,KXH200Q-26JUN30,h200,month_mean,touch,no,up,2.42154695703,1026.32696391
KXH200Q-26JUN30-5.390,KXH200Q-26JUN30,h200,month_mean,touch,no,down,,
KXH200Q-26JUN30-5.390,KXH200Q-26JUN30,h200,touch,touch,no,up,0.0691254008093,7.15705765408
KXH200Q-26JUN30-5.390,KXH200Q-26JUN30,h200,touch,touch,no,down,,
KXH200Q-26JUN30-5.190,KXH200Q-26JUN30,h200,terminal,touch,no,up,0.352006529583,42.1917808219
KXH200Q-26JUN30-5.190,KXH200Q-26JUN30,h200,terminal,touch,no,down,,
KXH200Q-26JUN30-5.190,KXH200Q-26JUN30,h200,mean5,touch,no,up,1.16571601002,220.821917808
KXH200Q-26JUN30-5.190,KXH200Q-26JUN30,h200,mean5,touch,no,down,,
KXH200Q-26JUN30-5.190,KXH200Q-26JUN30,h200,median7,touch,no,up,,
KXH200Q-26JUN30-5.190,KXH200Q-26JUN30,h200,median7,touch,no,down,,
KXH200Q-26JUN30-5.190,KXH200Q-26JUN30,h200,month_mean,touch,no,up,2.301522958,898.938428875
KXH200Q-26JUN30-5.190,KXH200Q-26JUN30,h200,month_mean,touch,no,down,,
KXH200Q-26JUN30-5.190,KXH200Q-26JUN30,h200,touch,touch,no,up,0.0313137130662,3.18091451292
KXH200Q-26JUN30-5.190,KXH200Q-26JUN30,h200,touch,touch,no,down,,
KXH200Q-26JUN30-4.990,KXH200Q-26JUN30,h200,terminal,touch,no,up,0.312708742169,36.7123287671
KXH200Q-26JUN30-4.990,KXH200Q-26JUN30,h200,terminal,touch,no,down,,
KXH200Q-26JUN30-4.990,KXH200Q-26JUN30,h200,mean5,touch,no,up,1.07645071687,193.424657534
KXH200Q-26JUN30-4.990,KXH200Q-26JUN30,h200,mean5,touch,no,down,,
KXH200Q-26JUN30-4.990,KXH200Q-26JUN30,h200,median7,touch,no,up,,
KXH200Q-26JUN30-4.990,KXH200Q-26JUN30,h200,median7,touch,no,down,,
KXH200Q-26JUN30-4.990,KXH200Q-26JUN30,h200,month_mean,touch,no,up,2.16510292787,771.549893843
KXH200Q-26JUN30-4.990,KXH200Q-26JUN30,h200,month_mean,touch,no,down,,
KXH200Q-26JUN30-4.990,KXH200Q-26JUN30,h200,touch,touch,yes,up,,
KXH200Q-26JUN30-4.990,KXH200Q-26JUN30,h200,touch,touch,yes,down,0.00798407434822,0.801603206413
KXH200Q-26JUN30-4.790,KXH200Q-26JUN30,h200,terminal,touch,no,up,0.271803243828,31.2328767123
KXH200Q-26JUN30-4.790,KXH200Q-26JUN30,h200,terminal,touch,no,down,,
KXH200Q-26JUN30-4.790,KXH200Q-26JUN30,h200,mean5,touch,no,up,0.978429114709,166.02739726
KXH200Q-26JUN30-4.790,KXH200Q-26JUN30,h200,mean5,touch,no,down,,
KXH200Q-26JUN30-4.790,KXH200Q-26JUN30,h200,median7,touch,no,up,,
KXH200Q-26JUN30-4.790,KXH200Q-26JUN30,h200,median7,touch,no,down,,
KXH200Q-26JUN30-4.790,KXH200Q-26JUN30,h200,month_mean,touch,no,up,2.00708770545,644.161358811
KXH200Q-26JUN30-4.790,KXH200Q-26JUN30,h200,month_mean,touch,no,down,,
KXH200Q-26JUN30-4.790,KXH200Q-26JUN30,h200,touch,touch,yes,up,,
KXH200Q-26JUN30-4.790,KXH200Q-26JUN30,h200,touch,touch,yes,down,0.0488895726888,5.01043841336
KXH200Q-26JUN30-4.590,KXH200Q-26JUN30,h200,terminal,touch,no,up,0.229152856478,25.7534246575
KXH200Q-26JUN30-4.590,KXH200Q-26JUN30,h200,terminal,touch,no,down,,
KXH200Q-26JUN30-4.590,KXH200Q-26JUN30,h200,mean5,touch,no,up,0.86974462327,138.630136986
KXH200Q-26JUN30-4.590,KXH200Q-26JUN30,h200,mean5,touch,no,down,,
KXH200Q-26JUN30-4.590,KXH200Q-26JUN30,h200,median7,touch,no,up,,
KXH200Q-26JUN30-4.590,KXH200Q-26JUN30,h200,median7,touch,no,down,,
KXH200Q-26JUN30-4.590,KXH200Q-26JUN30,h200,month_mean,touch,no,up,1.81933057527,516.772823779
KXH200Q-26JUN30-4.590,KXH200Q-26JUN30,h200,month_mean,touch,no,down,,
KXH200Q-26JUN30-4.590,KXH200Q-26JUN30,h200,touch,touch,yes,up,,
KXH200Q-26JUN30-4.590,KXH200Q-26JUN30,h200,touch,touch,yes,down,,
KXH200Q-26JUN30-4.390,KXH200Q-26JUN30,h200,terminal,touch,no,up,0.184602059493,20.2739726027
KXH200Q-26JUN30-4.390,KXH200Q-26JUN30,h200,terminal,touch,no,down,,
KXH200Q-26JUN30-4.390,KXH200Q-26JUN30,h200,mean5,touch,no,up,0.747791019981,111.232876712
KXH200Q-26JUN30-4.390,KXH200Q-26JUN30,h200,mean5,touch,no,down,,
KXH200Q-26JUN30-4.390,KXH200Q-26JUN30,h200,median7,touch,no,up,,
KXH200Q-26JUN30-4.390,KXH200Q-26JUN30,h200,median7,touch,no,down,,
KXH200Q-26JUN30-4.390,KXH200Q-26JUN30,h200,month_mean,touch,no,up,1.58797786141,389.384288747
KXH200Q-26JUN30-4.390,KXH200Q-26JUN30,h200,month_mean,touch,no,down,,
KXH200Q-26JUN30-4.390,KXH200Q-26JUN30,h200,touch,touch,yes,up,,
KXH200Q-26JUN30-4.390,KXH200Q-26JUN30,h200,touch,touch,yes,down,,
KXH200Q-26JUN30-4.190,KXH200Q-26JUN30,h200,terminal,touch,no,up,0.13797356634,14.7945205479
KXH200Q-26JUN30-4.190,KXH200Q-26JUN30,h200,terminal,touch,no,down,,
KXH200Q-26JUN30-4.190,KXH200Q-26JUN30,h200,mean5,touch,no,up,0.608871783389,83.8356164384
KXH200Q-26JUN30-4.190,KXH200Q-26JUN30,h200,mean5,touch,no,down,,
KXH200Q-26JUN30-4.190,KXH200Q-26JUN30,h200,median7,touch,no,up,,
KXH200Q-26JUN30-4.190,KXH200Q-26JUN30,h200,median7,touch,no,down,,
KXH200Q-26JUN30-4.190,KXH200Q-26JUN30,h200,month_mean,touch,no,up,1.2864622957,261.995753715
KXH200Q-26JUN30-4.190,KXH200Q-26JUN30,h200,month_mean,touch,no,down,,
KXH200Q-26JUN30-4.190,KXH200Q-26JUN30,h200,touch,touch,yes,up,,
KXH200Q-26JUN30-4.190,KXH200Q-26JUN30,h200,touch,touch,yes,down,,
KXH200Q-26JUN30-3.990,KXH200Q-26JUN30,h200,terminal,touch,no,up,0.0890640633074,9.31506849315
KXH200Q-26JUN30-3.990,KXH200Q-26JUN30,h200,terminal,touch,no,down,,
KXH200Q-26JUN30-3.990,KXH200Q-26JUN30,h200,mean5,touch,no,up,0.447491856074,56.4383561644
KXH200Q-26JUN30-3.990,KXH200Q-26JUN30,h200,mean5,touch,no,down,,
KXH200Q-26JUN30-3.990,KXH200Q-26JUN30,h200,median7,touch,no,up,,
KXH200Q-26JUN30-3.990,KXH200Q-26JUN30,h200,median7,touch,no,down,,
KXH200Q-26JUN30-3.990,KXH200Q-26JUN30,h200,month_mean,touch,no,up,0.852742519935,134.607218684
KXH200Q-26JUN30-3.990,KXH200Q-26JUN30,h200,month_mean,touch,no,down,,
KXH200Q-26JUN30-3.990,KXH200Q-26JUN30,h200,touch,touch,yes,up,,
KXH200Q-26JUN30-3.990,KXH200Q-26JUN30,h200,touch,touch,yes,down,,
KXH200Q-26JUN30-3.790,KXH200Q-26JUN30,h200,terminal,touch,no,up,0.0376388514999,3.83561643836
KXH200Q-26JUN30-3.790,KXH200Q-26JUN30,h200,terminal,touch,no,down,,
KXH200Q-26JUN30-3.790,KXH200Q-26JUN30,h200,mean5,touch,no,up,0.254960740434,29.0410958904
KXH200Q-26JUN30-3.790,KXH200Q-26JUN30,h200,mean5,touch,no,down,,
KXH200Q-26JUN30-3.790,KXH200Q-26JUN30,h200,median7,touch,no,up,,
KXH200Q-26JUN30-3.790,KXH200Q-26JUN30,h200,median7,touch,no,down,,
KXH200Q-26JUN30-3.790,KXH200Q-26JUN30,h200,month_mean,touch,no,up,0.0697003352589,7.2186836518
KXH200Q-26JUN30-3.790,KXH200Q-26JUN30,h200,month_mean,touch,no,down,,
KXH200Q-26JUN30-3.790,KXH200Q-26JUN30,h200,touch,touch,yes,up,,
KXH200Q-26JUN30-3.790,KXH200Q-26JUN30,h200,touch,touch,yes,down,,
KXH200Q-26JUN30-3.590,KXH200Q-26JUN30,h200,terminal,touch,yes,up,,
KXH200Q-26JUN30-3.590,KXH200Q-26JUN30,h200,terminal,touch,yes,down,0.0165749650942,1.6713091922
KXH200Q-26JUN30-3.590,KXH200Q-26JUN30,h200,mean5,touch,no,up,0.0163047090249,1.64383561644
KXH200Q-26JUN30-3.590,KXH200Q-26JUN30,h200,mean5,touch,no,down,,
KXH200Q-26JUN30-3.590,KXH200Q-26JUN30,h200,median7,touch,no,up,,
KXH200Q-26JUN30-3.590,KXH200Q-26JUN30,h200,median7,touch,no,down,,
KXH200Q-26JUN30-3.590,KXH200Q-26JUN30,h200,month_mean,touch,yes,up,,
KXH200Q-26JUN30-3.590,KXH200Q-26JUN30,h200,month_mean,touch,yes,down,,
KXH200Q-26JUN30-3.590,KXH200Q-26JUN30,h200,touch,touch,yes,up,,
KXH200Q-26JUN30-3.590,KXH200Q-26JUN30,h200,touch,touch,yes,down,,
KXH200Q-26JUN30-3.390,KXH200Q-26JUN30,h200,terminal,touch,yes,up,,
KXH200Q-26JUN30-3.390,KXH200Q-26JUN30,h200,terminal,touch,yes,down,0.073897246202,7.66961651917
KXH200Q-26JUN30-3.390,KXH200Q-26JUN30,h200,mean5,touch,yes,up,,
KXH200Q-26JUN30-3.390,KXH200Q-26JUN30,h200,mean5,touch,yes,down,0.297778532703,34.6863468635
KXH200Q-26JUN30-3.390,KXH200Q-26JUN30,h200,median7,touch,yes,up,,
KXH200Q-26JUN30-3.390,KXH200Q-26JUN30,h200,median7,touch,yes,down,,
KXH200Q-26JUN30-3.390,KXH200Q-26JUN30,h200,month_mean,touch,yes,up,,
KXH200Q-26JUN30-3.390,KXH200Q-26JUN30,h200,month_mean,touch,yes,down,,
KXH200Q-26JUN30-3.390,KXH200Q-26JUN30,h200,touch,touch,yes,up,,
KXH200Q-26JUN30-3.390,KXH200Q-26JUN30,h200,touch,touch,yes,down,,
KXH200Q-26JUN30-3.190,KXH200Q-26JUN30,h200,terminal,touch,yes,up,,
KXH200Q-26JUN30-3.190,KXH200Q-26JUN30,h200,terminal,touch,yes,down,0.134706250798,14.4200626959
KXH200Q-26JUN30-3.190,KXH200Q-26JUN30,h200,mean5,touch,yes,up,,
KXH200Q-26JUN30-3.190,KXH200Q-26JUN30,h200,mean5,touch,yes,down,0.75823379708,113.450292398
KXH200Q-26JUN30-3.190,KXH200Q-26JUN30,h200,median7,touch,yes,up,,
KXH200Q-26JUN30-3.190,KXH200Q-26JUN30,h200,median7,touch,yes,down,,
KXH200Q-26JUN30-3.190,KXH200Q-26JUN30,h200,month_mean,touch,yes,up,,
KXH200Q-26JUN30-3.190,KXH200Q-26JUN30,h200,month_mean,touch,yes,down,,
KXH200Q-26JUN30-3.190,KXH200Q-26JUN30,h200,touch,touch,yes,up,,
KXH200Q-26JUN30-3.190,KXH200Q-26JUN30,h200,touch,touch,yes,down,,
KXH200Q-26JUN30-2.990,KXH200Q-26JUN30,h200,terminal,touch,yes,up,,
KXH200Q-26JUN30-2.990,KXH200Q-26JUN30,h200,terminal,touch,yes,down,0.199453780192,22.0735785953
KXH200Q-26JUN30-2.990,KXH200Q-26JUN30,h200,mean5,touch,yes,up,,
KXH200Q-26JUN30-2.990,KXH200Q-26JUN30,h200,mean5,touch,yes,down,1.63721747654,414.084507042
KXH200Q-26JUN30-2.990,KXH200Q-26JUN30,h200,median7,touch,yes,up,,
KXH200Q-26JUN30-2.990,KXH200Q-26JUN30,h200,median7,touch,yes,down,,
KXH200Q-26JUN30-2.990,KXH200Q-26JUN30,h200,month_mean,touch,yes,up,,
KXH200Q-26JUN30-2.990,KXH200Q-26JUN30,h200,month_mean,touch,yes,down,,
KXH200Q-26JUN30-2.990,KXH200Q-26JUN30,h200,touch,touch,yes,up,,
KXH200Q-26JUN30-2.990,KXH200Q-26JUN30,h200,touch,touch,yes,down,,
KXH200Q-26JUN30-2.790,KXH200Q-26JUN30,h200,terminal,touch,yes,up,,
KXH200Q-26JUN30-2.790,KXH200Q-26JUN30,h200,terminal,touch,yes,down,0.268685571761,30.8243727599
KXH200Q-26JUN30-2.790,KXH200Q-26JUN30,h200,mean5,touch,yes,up,,
KXH200Q-26JUN30-2.790,KXH200Q-26JUN30,h200,mean5,touch,yes,down,,
KXH200Q-26JUN30-2.790,KXH200Q-26JUN30,h200,median7,touch,yes,up,,
KXH200Q-26JUN30-2.790,KXH200Q-26JUN30,h200,median7,touch,yes,down,,
KXH200Q-26JUN30-2.790,KXH200Q-26JUN30,h200,month_mean,touch,yes,up,,
KXH200Q-26JUN30-2.790,KXH200Q-26JUN30,h200,month_mean,touch,yes,down,,
KXH200Q-26JUN30-2.790,KXH200Q-26JUN30,h200,touch,touch,yes,up,,
KXH200Q-26JUN30-2.790,KXH200Q-26JUN30,h200,touch,touch,yes,down,,
KXH200Q-26JUN30-2.590,KXH200Q-26JUN30,h200,terminal,touch,yes,up,,
KXH200Q-26JUN30-2.590,KXH200Q-26JUN30,h200,terminal,touch,yes,down,0.343069291883,40.9266409266
KXH200Q-26JUN30-2.590,KXH200Q-26JUN30,h200,mean5,touch,yes,up,,
KXH200Q-26JUN30-2.590,KXH200Q-26JUN30,h200,mean5,touch,yes,down,,
KXH200Q-26JUN30-2.590,KXH200Q-26JUN30,h200,median7,touch,yes,up,,
KXH200Q-26JUN30-2.590,KXH200Q-26JUN30,h200,median7,touch,yes,down,,
KXH200Q-26JUN30-2.590,KXH200Q-26JUN30,h200,month_mean,touch,yes,up,,
KXH200Q-26JUN30-2.590,KXH200Q-26JUN30,h200,month_mean,touch,yes,down,,
KXH200Q-26JUN30-2.590,KXH200Q-26JUN30,h200,touch,touch,yes,up,,
KXH200Q-26JUN30-2.590,KXH200Q-26JUN30,h200,touch,touch,yes,down,,
KXH200Q-26JUN30-2.390,KXH200Q-26JUN30,h200,terminal,touch,yes,up,,
KXH200Q-26JUN30-2.390,KXH200Q-26JUN30,h200,terminal,touch,yes,down,0.423433801651,52.719665272
KXH200Q-26JUN30-2.390,KXH200Q-26JUN30,h200,mean5,touch,yes,up,,
KXH200Q-26JUN30-2.390,KXH200Q-26JUN30,h200,mean5,touch,yes,down,,
KXH200Q-26JUN30-2.390,KXH200Q-26JUN30,h200,median7,touch,yes,up,,
KXH200Q-26JUN30-2.390,KXH200Q-26JUN30,h200,median7,touch,yes,down,,
KXH200Q-26JUN30-2.390,KXH200Q-26JUN30,h200,month_mean,touch,yes,up,,
KXH200Q-26JUN30-2.390,KXH200Q-26JUN30,h200,month_mean,touch,yes,down,,
KXH200Q-26JUN30-2.390,KXH200Q-26JUN30,h200,touch,touch,yes,up,,
KXH200Q-26JUN30-2.390,KXH200Q-26JUN30,h200,touch,touch,yes,down,,
KXH200Q-26JUN30-2.190,KXH200Q-26JUN30,h200,terminal,touch,yes,up,,
KXH200Q-26JUN30-2.190,KXH200Q-26JUN30,h200,terminal,touch,yes,down,0.510825623766,66.6666666667
KXH200Q-26JUN30-2.190,KXH200Q-26JUN30,h200,mean5,touch,yes,up,,
KXH200Q-26JUN30-2.190,KXH200Q-26JUN30,h200,mean5,touch,yes,down,,
KXH200Q-26JUN30-2.190,KXH200Q-26JUN30,h200,median7,touch,yes,up,,
KXH200Q-26JUN30-2.190,KXH200Q-26JUN30,h200,median7,touch,yes,down,,
KXH200Q-26JUN30-2.190,KXH200Q-26JUN30,h200,month_mean,touch,yes,up,,
KXH200Q-26JUN30-2.190,KXH200Q-26JUN30,h200,month_mean,touch,yes,down,,
KXH200Q-26JUN30-2.190,KXH200Q-26JUN30,h200,touch,touch,yes,up,,
KXH200Q-26JUN30-2.190,KXH200Q-26JUN30,h200,touch,touch,yes,down,,
KXH200Q-26JUN30-1.990,KXH200Q-26JUN30,h200,terminal,touch,yes,up,,
KXH200Q-26JUN30-1.990,KXH200Q-26JUN30,h200,terminal,touch,yes,down,0.606592528858,83.4170854271
KXH200Q-26JUN30-1.990,KXH200Q-26JUN30,h200,mean5,touch,yes,up,,
KXH200Q-26JUN30-1.990,KXH200Q-26JUN30,h200,mean5,touch,yes,down,,
KXH200Q-26JUN30-1.990,KXH200Q-26JUN30,h200,median7,touch,yes,up,,
KXH200Q-26JUN30-1.990,KXH200Q-26JUN30,h200,median7,touch,yes,down,,
KXH200Q-26JUN30-1.990,KXH200Q-26JUN30,h200,month_mean,touch,yes,up,,
KXH200Q-26JUN30-1.990,KXH200Q-26JUN30,h200,month_mean,touch,yes,down,,
KXH200Q-26JUN30-1.990,KXH200Q-26JUN30,h200,touch,touch,yes,up,,
KXH200Q-26JUN30-1.990,KXH200Q-26JUN30,h200,touch,touch,yes,down,,
