gpu,strike,hour,touch_price,terminal_tail_upper_normalized,wedge_lower_bound
B200,8.0,495931,0.32,0.04990925589836661,0.2700907441016334
B200,8.0,495932,0.32,0.049239033124440466,0.27076096687555956
B200,8.0,495933,0.32,0.053595355069227336,0.26640464493077265
B200,8.0,495934,0.32,0.054570259208731244,0.26542974079126874
B200,8.0,495935,0.32,0.049349484073575596,0.2706505159264244
B200,8.0,495936,0.32,0.04939380332285586,0.27060619667714414
B200,8.0,495937,0.32,0.05434782608695653,0.26565217391304347
B200,8.0,495938,0.32,0.05429864253393665,0.2657013574660634
B200,8.0,495939,0.32,0.04943820224719101,0.270561797752809
B200,8.0,495940,0.32,0.049616599007668016,0.270383400992332
B200,8.0,495941,0.32,0.05489478499542543,0.26510521500457457
B200,8.0,495942,0.32,0.054249547920434,0.265750452079566
B200,8.0,495943,0.32,0.08853474988933158,0.23146525011066843
B200,8.0,495944,0.32,0.0746268656716418,0.24537313432835822
B200,8.0,495945,0.32,0.06596306068601583,0.2540369393139842
B200,8.0,495946,0.32,0.07293007293007293,0.2470699270699271
B200,8.0,495947,0.32,0.06584723441615452,0.2541527655838455
B200,8.0,495948,0.32,0.07060900264783761,0.2493909973521624
B200,8.0,495949,0.32,0.0752212389380531,0.2447787610619469
B200,8.0,495950,0.32,0.08381120423467138,0.23618879576532864
B200,8.0,495951,0.32,0.07898200965335674,0.24101799034664328
B200,8.0,495952,0.32,0.06547359231776517,0.25452640768223483
B200,8.0,495953,0.32,0.07400957771005659,0.24599042228994342
B200,8.0,495954,0.32,0.07971656333038087,0.24028343666961915
B200,8.0,495955,0.32,0.08601177003168854,0.23398822996831148
B200,8.0,495956,0.32,0.08644222020018198,0.233557779799818
B200,8.0,495957,0.32,0.06696428571428571,0.2530357142857143
B200,8.0,495958,0.32,0.05371530886302596,0.26628469113697406
B200,8.0,495959,0.32,0.04514672686230249,0.27485327313769753
B200,8.0,495960,0.32,0.05025125628140703,0.269748743718593
B200,8.0,495961,0.32,0.04986400725294651,0.27013599274705347
B200,8.0,495962,0.32,0.04564125969876769,0.2743587403012323
B200,8.0,495963,0.32,0.04986400725294651,0.27013599274705347
B200,8.0,495964,0.32,0.05011389521640092,0.2698861047835991
B200,8.0,495965,0.32,0.04906333630686887,0.27093666369313113
B200,8.0,495966,0.32,0.05429864253393665,0.2657013574660634
B200,8.0,495967,0.32,0.050597976080956765,0.2694020239190432
B200,8.0,495968,0.32,0.06410256410256411,0.2558974358974359
B200,8.0,495969,0.32,0.05977011494252874,0.26022988505747124
B200,8.0,495970,0.32,0.0636074511585643,0.2563925488414357
B200,8.0,495971,0.32,0.05879692446856626,0.26120307553143374
B200,8.0,495972,0.32,0.05437245129134572,0.2656275487086543
B200,8.0,495973,0.325,0.08873114463176575,0.23626885536823428
B200,8.0,495974,0.325,0.08955223880597016,0.23544776119402985
B200,8.0,495975,0.32,0.07789678675754626,0.24210321324245376
B200,8.0,495976,0.32,0.07792207792207792,0.2420779220779221
B200,8.0,495977,0.32,0.08790072388831438,0.23209927611168563
B200,8.0,495978,0.32,0.08771929824561404,0.23228070175438598
B200,8.0,495979,0.32,0.08209338122113904,0.23790661877886096
B200,8.0,495980,0.32,0.08346374543557643,0.23653625456442356
B200,8.0,495981,0.325,0.09763617677286743,0.22736382322713258
B200,8.0,495982,0.325,0.08799171842650104,0.23700828157349896
B200,8.0,495983,0.325,0.08320332813312532,0.2417966718668747
B200,8.0,495984,0.325,0.07849293563579278,0.24650706436420722
B200,8.0,495985,0.325,0.09733606557377049,0.2276639344262295
B200,8.0,495986,0.325,0.08822003113648158,0.23677996886351843
B200,8.0,495987,0.325,0.09574468085106383,0.22925531914893618
B200,8.0,495988,0.325,0.10084033613445378,0.22415966386554623
B200,8.0,495989,0.325,0.09609949123798757,0.22890050876201246
B200,8.0,495990,0.325,0.08045977011494254,0.24454022988505747
B200,8.0,495991,0.325,0.08571428571428572,0.2392857142857143
B200,8.0,495992,0.325,0.09090909090909091,0.2340909090909091
B200,8.0,495993,0.325,0.09609949123798757,0.22890050876201246
B200,8.0,495994,0.325,0.09096077316657192,0.2340392268334281
B200,8.0,495995,0.325,0.08576329331046312,0.2392367066895369
B200,8.0,495996,0.325,0.10620458356623813,0.21879541643376188
B200,8.0,495997,0.325,0.106323447118075,0.218676552881925
B200,8.0,495998,0.325,0.106323447118075,0.218676552881925
B200,8.0,495999,0.325,0.10638297872340426,0.21861702127659577
B200,8.0,496000,0.325,0.10596765197992192,0.2190323480200781
B200,8.0,496001,0.325,0.10596765197992192,0.2190323480200781
B200,8.0,496002,0.325,0.10602678571428571,0.2189732142857143
B200,8.0,496003,0.325,0.10101010101010101,0.22398989898989902
B200,8.0,496004,0.325,0.11086474501108648,0.21413525498891353
B200,8.0,496005,0.325,0.10608598548297041,0.2189140145170296
B200,8.0,496006,0.325,0.10089686098654709,0.2241031390134529
B200,8.0,496007,0.325,0.09572072072072073,0.22927927927927927
B200,8.0,496008,0.325,0.10084033613445378,0.22415966386554623
B200,8.0,496009,0.325,0.10555555555555556,0.21944444444444444
B200,8.0,496010,0.325,0.10579064587973273,0.21920935412026726
B200,8.0,496011,0.325,0.1056142301278488,0.2193857698721512
B200,8.0,496012,0.325,0.1056142301278488,0.2193857698721512
B200,8.0,496013,0.325,0.1105583195135434,0.21444168048645662
B200,8.0,496014,0.325,0.11570247933884298,0.20929752066115703
B200,8.0,496015,0.325,0.120415982484948,0.204584017515052
B200,8.0,496016,0.325,0.11595803423522916,0.20904196576477085
B200,8.0,496017,0.325,0.1206140350877193,0.20438596491228073
B200,8.0,496018,0.325,0.11989100817438693,0.2051089918256131
B200,8.0,496019,0.325,0.12054794520547946,0.20445205479452055
B200,8.0,496020,0.325,0.10106681639528355,0.22393318360471648
B200,8.0,496021,0.325,0.11117287381878822,0.2138271261812118
B200,8.0,496022,0.325,0.110803324099723,0.21419667590027702
B200,8.0,496023,0.325,0.109717868338558,0.215282131661442
B200,8.0,496024,0.325,0.09508716323296354,0.22991283676703647
B200,8.0,496025,0.325,0.11311053984575835,0.21188946015424165
B200,8.0,496026,0.325,0.10875194199896426,0.21624805800103575
B200,8.0,496027,0.325,0.11782786885245902,0.207172131147541
B200,8.0,496028,0.325,0.10858324715615306,0.21641675284384695
B200,8.0,496029,0.325,0.1080802882141019,0.2169197117858981
B200,8.0,496030,0.325,0.10819165378670788,0.21680834621329215
B200,8.0,496031,0.325,0.10769230769230768,0.2173076923076923
B200,8.0,496032,0.325,0.10763710917478216,0.21736289082521787
B200,8.0,496033,0.325,0.10111223458038424,0.22388776541961578
B200,8.0,496034,0.325,0.1096163428001993,0.2153836571998007
B200,8.0,496035,0.325,0.10885700148441366,0.21614299851558635
B200,8.0,496036,0.325,0.10178117048346057,0.22321882951653943
B200,8.0,496037,0.325,0.10152284263959392,0.22347715736040608
B200,8.0,496038,0.325,0.11049723756906078,0.21450276243093924
B200,8.0,496039,0.325,0.11946241911398706,0.20553758088601295
B200,8.0,496040,0.325,0.11988011988011989,0.20511988011988014
B200,8.0,496041,0.325,0.10643689812468321,0.2185631018753168
B200,8.0,496042,0.325,0.10649087221095334,0.2185091277890467
B200,8.0,496043,0.325,0.1107754279959718,0.21422457200402822
B200,8.0,496044,0.325,0.1017293997965412,0.2232706002034588
B200,8.0,496045,0.325,0.11898859692612791,0.2060114030738721
B200,8.0,496046,0.325,0.11910669975186103,0.20589330024813898
B200,8.0,496047,0.325,0.11022044088176353,0.21477955911823648
B200,8.0,496048,0.325,0.1101652478718077,0.2148347521281923
B200,8.0,496049,0.325,0.11465603190428714,0.21034396809571287
B200,8.0,496050,0.325,0.10773751224289912,0.21726248775710089
B200,8.0,496051,0.325,0.1102588686481304,0.21474113135186962
B200,8.0,496052,0.32,0.11241446725317694,0.20758553274682306
B200,8.0,496053,0.335,0.1045816733067729,0.23041832669322712
B200,8.0,496054,0.345,0.10447761194029852,0.24052238805970144
B200,8.0,496055,0.345,0.10494752623688156,0.24005247376311842
B200,8.0,496056,0.345,0.10714285714285714,0.23785714285714282
B200,8.0,496057,0.33,0.10676156583629892,0.2232384341637011
B200,8.0,496058,0.33,0.11178861788617886,0.21821138211382116
B200,8.0,496059,0.33,0.11604439959636731,0.2139556004036327
B200,8.0,496060,0.33,0.11610297829379101,0.213897021706209
B200,8.0,496061,0.32,0.10703363914373089,0.21296636085626913
B200,8.0,496062,0.32,0.10670731707317073,0.2132926829268293
B200,8.0,496063,0.32,0.11639676113360324,0.20360323886639675
B200,8.0,496064,0.32,0.11639676113360324,0.20360323886639675
B200,8.0,496065,0.315,0.1107754279959718,0.20422457200402822
B200,8.0,496066,0.315,0.10725229826353422,0.20774770173646578
B200,8.0,496067,0.315,0.10638297872340426,0.20861702127659576
B200,8.0,496068,0.315,0.11633788568538189,0.1986621143146181
B200,8.0,496069,0.315,0.1110550227158001,0.2039449772841999
B200,8.0,496070,0.315,0.10584677419354839,0.20915322580645163
B200,8.0,496071,0.315,0.10643689812468321,0.2085631018753168
B200,8.0,496072,0.315,0.1107754279959718,0.20422457200402822
B200,8.0,496073,0.315,0.10785824345146379,0.20714175654853623
B200,8.0,496074,0.315,0.10769230769230768,0.2073076923076923
B200,8.0,496075,0.315,0.10697911360163015,0.20802088639836985
B200,8.0,496076,0.315,0.12531328320802004,0.18968671679197996
B200,8.0,496077,0.315,0.12188928390045707,0.19311071609954295
B200,8.0,496078,0.315,0.12588116817724068,0.18911883182275932
B200,8.0,496079,0.315,0.12613521695257315,0.18886478304742685
B200,8.0,496080,0.315,0.12170385395537525,0.19329614604462475
B200,8.0,496081,0.315,0.12188928390045707,0.19311071609954295
B200,8.0,496082,0.315,0.12158054711246201,0.19341945288753798
B200,8.0,496083,0.315,0.1214574898785425,0.1935425101214575
B200,8.0,496084,0.32,0.12133468149646107,0.19866531850353894
B200,8.0,496085,0.315,0.12158054711246201,0.19341945288753798
B200,8.0,496086,0.315,0.12158054711246201,0.19341945288753798
B200,8.0,496087,0.315,0.12164216928535225,0.19335783071464774
B200,8.0,496088,0.315,0.12133468149646107,0.19366531850353894
B200,8.0,496089,0.32,0.12213740458015267,0.19786259541984735
B200,8.0,496090,0.32,0.12207527975584943,0.1979247202441506
B200,8.0,496091,0.32,0.11100832562442182,0.2089916743755782
B200,8.0,496092,0.32,0.10904134484325306,0.21095865515674694
B200,8.0,496093,0.32,0.10999083409715857,0.21000916590284144
B200,8.0,496094,0.32,0.10709504685408298,0.212904953145917
B200,8.0,496095,0.33,0.1075268817204301,0.22247311827956992
B200,8.0,496096,0.32,0.10610079575596816,0.21389920424403186
B200,8.0,496097,0.32,0.1038511466897447,0.2161488533102553
B200,8.0,496098,0.335,0.10521701008329679,0.22978298991670323
B200,8.0,496099,0.24,0.10507880910683012,0.13492119089316987
B200,8.0,496100,0.24,0.10572687224669602,0.13427312775330397
B200,8.0,496101,0.24,0.10439321444106132,0.13560678555893868
B200,8.0,496102,0.24,0.10738255033557047,0.1326174496644295
B200,8.0,496103,0.24,0.10240427426536064,0.13759572573463935
B200,8.0,496104,0.255,0.10145566828407589,0.15354433171592413
B200,8.0,496105,0.255,0.10267857142857142,0.15232142857142858
B200,8.0,496106,0.255,0.10132158590308371,0.1536784140969163
B200,8.0,496107,0.265,0.1003052769297863,0.1646947230702137
B200,8.0,496108,0.26,0.10043668122270742,0.15956331877729257
B200,8.0,496109,0.265,0.10043668122270742,0.16456331877729258
B200,8.0,496110,0.315,0.09286618826509074,0.22213381173490926
B200,8.0,496111,0.265,0.0982066609735269,0.16679333902647311
B200,8.0,496112,0.275,0.09799554565701558,0.17700445434298445
B200,8.0,496113,0.275,0.09932279909706547,0.17567720090293454
B200,8.0,496114,0.275,0.09404388714733541,0.1809561128526646
B200,8.0,496115,0.275,0.09194395796847636,0.18305604203152365
B200,8.0,496116,0.26,0.09743135518157661,0.1625686448184234
B200,8.0,496117,0.28,0.09725906277630415,0.1827409372236959
B200,8.0,496118,0.26,0.09325985587113184,0.16674014412886817
B200,8.0,496119,0.24,0.08936170212765956,0.15063829787234043
B200,8.0,496120,0.265,0.09267059814658803,0.172329401853412
B200,8.0,496121,0.275,0.09193480986209779,0.18306519013790223
B200,8.0,496122,0.265,0.0879765395894428,0.17702346041055722
B200,8.0,496123,0.265,0.09282700421940927,0.17217299578059075
B200,8.0,496124,0.265,0.0935374149659864,0.17146258503401363
B200,8.0,496125,0.265,0.09442060085836909,0.17057939914163092
B200,8.0,496126,0.29,0.09653356735410268,0.1934664326458973
B200,8.0,496127,0.23,0.09619588981198077,0.13380411018801924
B200,8.0,496128,0.23,0.09945750452079566,0.13054249547920435
B200,8.0,496129,0.24,0.09409751924721985,0.14590248075278014
B200,8.0,496130,0.23,0.0912863070539419,0.13871369294605812
B200,8.0,496131,0.225,0.09064688916357642,0.1343531108364236
B200,8.0,496132,0.235,0.09263157894736843,0.14236842105263156
B200,8.0,496133,0.235,0.09310198899703767,0.14189801100296232
B200,8.0,496134,0.235,0.09318085556967386,0.14181914443032612
B200,8.0,496135,0.235,0.09657594381035997,0.13842405618964002
B200,8.0,496136,0.235,0.0968736239542052,0.13812637604579478
B200,8.0,496137,0.235,0.09615384615384615,0.13884615384615384
B200,8.0,496138,0.255,0.09218612818261633,0.16281387181738366
B200,8.0,496139,0.295,0.09102730819245773,0.20397269180754224
B200,8.0,496140,0.275,0.09373668512995313,0.18126331487004688
B200,8.0,496141,0.27,0.09636443276390715,0.17363556723609286
B200,8.0,496142,0.265,0.09067357512953368,0.17432642487046635
B200,8.0,496143,0.26,0.09657594381035997,0.16342405618964004
B200,8.0,496144,0.205,0.09300265721877768,0.11199734278122231
B200,8.0,496145,0.245,0.09251101321585903,0.15248898678414097
B200,8.0,496146,0.25,0.09247027741083223,0.15752972258916775
B200,8.0,496147,0.245,0.09316770186335403,0.15183229813664595
B200,8.0,496148,0.255,0.09354120267260578,0.1614587973273942
B200,8.0,496149,0.255,0.09429726088908846,0.16070273911091154
B200,8.0,496150,0.235,0.09429726088908846,0.14070273911091152
B200,8.0,496151,0.245,0.09287925696594426,0.15212074303405573
B200,8.0,496152,0.245,0.09349955476402493,0.15150044523597506
B200,8.0,496153,0.245,0.09391771019677995,0.15108228980322003
B200,8.0,496154,0.245,0.09450945094509451,0.1504905490549055
B200,8.0,496155,0.245,0.09840674789128398,0.14659325210871602
B200,8.0,496156,0.255,0.09655172413793103,0.15844827586206897
B200,8.0,496157,0.24,0.09758364312267657,0.1424163568773234
B200,8.0,496158,0.25,0.09910335063709297,0.15089664936290703
B200,8.0,496159,0.23,0.0982686008423023,0.13173139915769772
B200,8.0,496160,0.23,0.09389671361502348,0.13610328638497654
B200,8.0,496161,0.225,0.09298000929800092,0.1320199907019991
B200,8.0,496162,0.255,0.09280742459396751,0.1621925754060325
B200,8.0,496163,0.245,0.09293680297397769,0.1520631970260223
B200,8.0,496164,0.245,0.09425070688030161,0.15074929311969837
B200,8.0,496165,0.215,0.09407337723424272,0.12092662276575727
B200,8.0,496166,0.255,0.09376465072667604,0.16123534927332395
B200,8.0,496167,0.275,0.09425070688030161,0.1807492931196984
B200,8.0,496168,0.24,0.09583133684714902,0.14416866315285098
B200,8.0,496169,0.245,0.09592326139088729,0.1490767386091127
B200,8.0,496170,0.25,0.09483167377904221,0.15516832622095778
B200,8.0,496171,0.235,0.09569377990430623,0.13930622009569377
B200,8.0,496172,0.225,0.09541984732824428,0.1295801526717557
B200,8.0,496173,0.22,0.09460737937559131,0.1253926206244087
B200,8.0,496174,0.215,0.0949667616334283,0.12003323836657169
B200,8.0,496175,0.215,0.09727626459143969,0.1177237354085603
B200,8.0,496176,0.215,0.09528346831824679,0.11971653168175321
B200,8.0,496177,0.19,0.0984251968503937,0.0915748031496063
B200,8.0,496178,0.215,0.09751340809361286,0.11748659190638713
B200,8.0,496179,0.235,0.09629272989889263,0.13870727010110734
B200,8.0,496180,0.235,0.09376465072667604,0.14123534927332393
B200,8.0,496181,0.24,0.09398496240601503,0.14601503759398496
B200,8.0,496182,0.24,0.09191176470588235,0.14808823529411763
B200,8.0,496183,0.245,0.09569377990430623,0.14930622009569378
B200,8.0,496184,0.245,0.09519276534983342,0.14980723465016657
B200,8.0,496185,0.245,0.0964785335262904,0.1485214664737096
B200,8.0,496186,0.24,0.097323600973236,0.142676399026764
B200,8.0,496187,0.235,0.09638554216867469,0.1386144578313253
B200,8.0,496188,0.23,0.0962000962000962,0.1337999037999038
B200,8.0,496189,0.225,0.09666505558240697,0.12833494441759302
B200,8.0,496190,0.225,0.09564801530368244,0.12935198469631756
B200,8.0,496191,0.225,0.09492168960607499,0.13007831039392503
B200,8.0,496192,0.225,0.09523809523809523,0.12976190476190477
B200,8.0,496193,0.225,0.09652509652509653,0.12847490347490348
B200,8.0,496194,0.265,0.09573958831977024,0.16926041168022976
B200,8.0,496195,0.24,0.09583133684714902,0.14416866315285098
B200,8.0,496196,0.26,0.09596928982725528,0.16403071017274473
B200,8.0,496197,0.265,0.097323600973236,0.167676399026764
B200,8.0,496198,0.27,0.09661835748792272,0.1733816425120773
B200,8.0,496199,0.255,0.09537434430138293,0.15962565569861709
B200,8.0,496200,0.245,0.09592326139088729,0.1490767386091127
B200,8.0,496201,0.215,0.09592326139088729,0.1190767386091127
B200,8.0,496202,0.205,0.09564801530368244,0.10935198469631754
B200,8.0,496203,0.22,0.09601536245799328,0.12398463754200673
B200,8.0,496204,0.2,0.09592326139088729,0.10407673860911272
B200,8.0,496205,0.21,0.09564801530368244,0.11435198469631755
B200,8.0,496206,0.21,0.09573958831977024,0.11426041168022975
B200,8.0,496207,0.22,0.09606147934678196,0.12393852065321805
B200,8.0,496208,0.205,0.09615384615384616,0.10884615384615383
B200,8.0,496209,0.21,0.09610764055742432,0.11389235944257567
B200,8.0,496210,0.205,0.09551098376313277,0.10948901623686721
B200,8.0,496211,0.255,0.09560229445506692,0.1593977055449331
B200,8.0,496212,0.265,0.09569377990430623,0.1693062200956938
B200,8.0,496213,0.235,0.09578544061302682,0.13921455938697316
B200,8.0,496214,0.24,0.09573958831977024,0.14426041168022974
B200,8.0,496215,0.245,0.09569377990430623,0.14930622009569378
B200,8.0,496216,0.25,0.09555661729574774,0.15444338270425226
B200,8.0,496217,0.25,0.09555661729574774,0.15444338270425226
B200,8.0,496218,0.25,0.09578544061302682,0.15421455938697318
B200,8.0,496219,0.24,0.09532888465204958,0.1446711153479504
B200,8.0,496220,0.245,0.09541984732824428,0.14958015267175573
B200,8.0,496221,0.25,0.09537434430138293,0.15462565569861708
B200,8.0,496222,0.245,0.09541984732824428,0.14958015267175573
B200,8.0,496223,0.26,0.09592326139088729,0.1640767386091127
B200,8.0,496224,0.26,0.09555661729574774,0.16444338270425227
B200,8.0,496225,0.24,0.09551098376313277,0.14448901623686722
B200,8.0,496226,0.235,0.0954653937947494,0.1395346062052506
B200,8.0,496227,0.235,0.09657170449058426,0.1384282955094157
B200,8.0,496228,0.235,0.09596928982725528,0.1390307101727447
B200,8.0,496229,0.235,0.0958772770853308,0.1391227229146692
B200,8.0,496230,0.235,0.09756097560975611,0.13743902439024386
B200,8.0,496231,0.235,0.09741841207988311,0.13758158792011688
B200,8.0,496232,0.2,0.097323600973236,0.10267639902676401
B200,8.0,496233,0.18,0.0984251968503937,0.08157480314960629
B200,8.0,496234,0.175,0.09799118079372858,0.07700881920627141
B200,8.0,496235,0.19,0.09760858955588092,0.09239141044411908
B200,8.0,496236,0.185,0.09799118079372858,0.08700881920627142
B200,8.0,496237,0.185,0.09737098344693283,0.08762901655306717
B200,8.0,496238,0.235,0.09794319294809012,0.13705680705190987
B200,8.0,496239,0.2,0.09765625,0.10234375000000001
B200,8.0,496240,0.185,0.09760858955588092,0.08739141044411908
B200,8.0,496241,0.175,0.09891196834817012,0.07608803165182987
B200,8.0,496242,0.19,0.09828009828009827,0.09171990171990173
B200,8.0,496243,0.185,0.09832841691248773,0.08667158308751227
B200,8.0,496244,0.19,0.09891196834817012,0.09108803165182988
B200,8.0,496245,0.185,0.0984251968503937,0.08657480314960629
B200,8.0,496246,0.2,0.09891196834817012,0.10108803165182989
B200,8.0,496247,0.18,0.09837678307919331,0.08162321692080668
B200,8.0,496248,0.17,0.09789525208027411,0.0721047479197259
B200,8.0,496249,0.205,0.09789525208027411,0.10710474791972588
B200,8.0,496250,0.195,0.09784735812133073,0.09715264187866927
B200,8.0,496251,0.195,0.10223953261927946,0.09276046738072055
B200,8.0,496252,0.175,0.1027900146842878,0.07220998531571218
B200,8.0,496253,0.175,0.10228933268387726,0.07271066731612273
B200,8.0,496254,0.18,0.1023391812865497,0.07766081871345029
B200,8.0,496255,0.175,0.1023391812865497,0.07266081871345029
B200,8.0,496256,0.185,0.10284035259549462,0.08215964740450538
B200,8.0,496257,0.18,0.10284035259549462,0.07715964740450537
B200,8.0,496258,0.18,0.10284035259549462,0.07715964740450537
B200,8.0,496259,0.18,0.10263929618768329,0.0773607038123167
B200,8.0,496260,0.18,0.10214007782101167,0.07785992217898832
B200,8.0,496261,0.185,0.10164569215876089,0.08335430784123911
B200,8.0,496262,0.18,0.10329562223315297,0.07670437776684702
B200,8.0,496263,0.18,0.10334645669291338,0.07665354330708661
B200,8.0,496264,0.18,0.10339734121122598,0.07660265878877401
B200,8.0,496265,0.18,0.10344827586206898,0.07655172413793102
B200,8.0,496266,0.19,0.10355029585798817,0.08644970414201184
B200,8.0,496267,0.19,0.10360138135175134,0.08639861864824866
B200,8.0,496268,0.19,0.10416666666666666,0.08583333333333334
B200,8.0,496269,0.25,0.10432190760059612,0.14567809239940388
B200,8.0,496270,0.255,0.10452961672473868,0.15047038327526133
B200,8.0,496271,0.25,0.10452961672473868,0.14547038327526132
B200,8.0,496272,0.25,0.10437375745526839,0.1456262425447316
B200,8.0,496273,0.25,0.10432190760059612,0.14567809239940388
B200,8.0,496274,0.25,0.10437375745526839,0.1456262425447316
B200,8.0,496275,0.235,0.10452961672473868,0.1304703832752613
B200,8.0,496276,0.24,0.1045816733067729,0.1354183266932271
B200,8.0,496277,0.25,0.1046337817638266,0.1453662182361734
B200,8.0,496278,0.245,0.1046337817638266,0.1403662182361734
B200,8.0,496279,0.25,0.10473815461346633,0.14526184538653367
B200,8.0,496280,0.25,0.10473815461346633,0.14526184538653367
B200,8.0,496281,0.25,0.1051051051051051,0.1448948948948949
B200,8.0,496282,0.245,0.10505252626313155,0.13994747373686844
B200,8.0,496283,0.245,0.105,0.14
B200,8.0,496284,0.245,0.10243902439024391,0.14256097560975609
B200,8.0,496285,0.245,0.10096153846153845,0.14403846153846156
B200,8.0,496286,0.245,0.10062290368950645,0.14437709631049356
B200,8.0,496287,0.245,0.10228933268387726,0.14271066731612275
B200,8.0,496288,0.24,0.10299166257969591,0.13700833742030408
B200,8.0,496289,0.24,0.10329562223315297,0.13670437776684702
B200,8.0,496290,0.24,0.10401188707280831,0.13598811292719168
B200,8.0,496291,0.24,0.10294117647058823,0.13705882352941176
B200,8.0,496292,0.245,0.10263929618768329,0.1423607038123167
B200,8.0,496293,0.245,0.10273972602739725,0.14226027397260274
B200,8.0,496294,0.245,0.10365251727541955,0.14134748272458045
B200,8.0,496295,0.245,0.1027900146842878,0.1422099853157122
B200,8.0,496296,0.245,0.10258915486077184,0.14241084513922814
B200,8.0,496297,0.25,0.10268948655256724,0.14731051344743276
B200,8.0,496298,0.25,0.10258915486077184,0.14741084513922814
B200,8.0,496299,0.25,0.1025390625,0.1474609375
B200,8.0,496300,0.25,0.10273972602739725,0.14726027397260275
B200,8.0,496301,0.24,0.10263929618768329,0.1373607038123167
B200,8.0,496302,0.225,0.10334645669291338,0.12165354330708662
B200,8.0,496303,0.24,0.1025390625,0.1374609375
B200,8.0,496304,0.225,0.10299166257969591,0.12200833742030409
B200,8.0,496305,0.215,0.10268948655256724,0.11231051344743276
B200,8.0,496306,0.235,0.102890739833415,0.13210926016658497
B200,8.0,496307,0.23,0.10304219823356232,0.12695780176643767
B200,8.0,496308,0.225,0.10294117647058823,0.12205882352941178
B200,8.0,496309,0.22,0.10299166257969591,0.11700833742030409
B200,8.0,496310,0.205,0.1037037037037037,0.10129629629629629
B200,8.0,496311,0.22,0.09190371991247263,0.12809628008752738
B200,8.0,496312,0.2,0.09366636931311328,0.10633363068688673
B200,8.0,496313,0.205,0.09024495058014612,0.11475504941985387
B200,8.0,496314,0.205,0.09020618556701031,0.11479381443298968
B200,8.0,496315,0.21,0.09226713532513181,0.11773286467486818
B200,8.0,496316,0.21,0.09593421653723161,0.11406578346276838
B200,8.0,496317,0.205,0.09446693657219973,0.11053306342780025
B200,8.0,496318,0.21,0.09032258064516129,0.11967741935483871
B200,8.0,496319,0.205,0.08985879332477534,0.11514120667522465
B200,8.0,496320,0.215,0.09206488382288469,0.1229351161771153
B200,8.0,496321,0.22,0.09263343625937362,0.12736656374062638
B200,8.0,496322,0.21,0.09182334936598163,0.11817665063401836
B200,8.0,496323,0.21,0.09247027741083223,0.11752972258916776
B200,8.0,496324,0.21,0.09325044404973355,0.11674955595026644
B200,8.0,496325,0.21,0.09247027741083223,0.11752972258916776
B200,8.0,496326,0.22,0.09358288770053474,0.12641711229946526
B200,8.0,496327,0.22,0.08978195810175288,0.13021804189824712
B200,8.0,496328,0.22,0.09051724137931033,0.12948275862068967
B200,8.0,496329,0.22,0.09094846253789518,0.12905153746210482
B200,8.0,496330,0.27,0.09222661396574439,0.17777338603425563
B200,8.0,496331,0.27,0.09433962264150943,0.1756603773584906
B200,8.0,496332,0.27,0.09312638580931264,0.17687361419068737
B200,8.0,496333,0.245,0.09234828496042216,0.15265171503957783
B200,8.0,496334,0.33,0.09259259259259257,0.23740740740740746
B200,8.0,496335,0.355,0.09287925696594426,0.26212074303405575
B200,8.0,496336,0.35,0.09263343625937362,0.2573665637406264
B200,8.0,496337,0.35,0.09218612818261633,0.25781387181738363
B200,8.0,496338,0.35,0.09300265721877768,0.2569973427812223
B200,8.0,496339,0.35,0.09304386353566681,0.2569561364643332
B200,8.0,496340,0.355,0.09218612818261633,0.26281387181738364
B200,8.0,496341,0.355,0.09222661396574439,0.2627733860342556
B200,8.0,496342,0.355,0.09329187027987561,0.26170812972012436
B200,8.0,496343,0.355,0.09267431597528684,0.2623256840247131
B200,8.0,496344,0.355,0.09304386353566681,0.2619561364643332
B200,8.0,496345,0.35,0.09316770186335403,0.25683229813664593
B200,8.0,496346,0.355,0.09316770186335403,0.26183229813664594
B200,8.0,496347,0.355,0.09400179051029543,0.26099820948970454
B200,8.0,496348,0.355,0.09425493716337521,0.2607450628366248
B200,8.0,496349,0.355,0.09349955476402493,0.26150044523597504
B200,8.0,496350,0.355,0.09395973154362416,0.26104026845637585
B200,8.0,496351,0.355,0.09283819628647215,0.2621618037135278
B200,8.0,496352,0.355,0.09341637010676156,0.2615836298932384
B200,8.0,496353,0.355,0.0938337801608579,0.26116621983914207
B200,8.0,496354,0.355,0.09283819628647215,0.2621618037135278
B200,8.0,496355,0.37,0.09370816599732261,0.2762918340026774
B200,8.0,496356,0.37,0.09320905459387482,0.27679094540612514
B200,8.0,496357,0.365,0.09138381201044386,0.2736161879895561
B200,8.0,496358,0.37,0.09247027741083223,0.27752972258916775
B200,8.0,496359,0.37,0.09325044404973358,0.2767495559502664
B200,8.0,496360,0.37,0.09362460989745876,0.27637539010254125
B200,8.0,496361,0.375,0.09218612818261633,0.28281387181738366
B200,8.0,496362,0.375,0.09304386353566681,0.2819561364643332
B200,8.0,496363,0.375,0.09354120267260578,0.2814587973273942
B200,8.0,496364,0.375,0.09259259259259257,0.28240740740740744
B200,8.0,496365,0.375,0.09279717189571365,0.2822028281042863
B200,8.0,496366,0.375,0.09362460989745876,0.28137539010254126
B200,8.0,496367,0.37,0.09362460989745876,0.27637539010254125
B200,8.0,496368,0.37,0.09425493716337521,0.2757450628366248
B200,8.0,496369,0.375,0.0943820224719101,0.2806179775280899
B200,8.0,496370,0.37,0.09300265721877768,0.27699734278122234
B200,8.0,496371,0.375,0.0938337801608579,0.2811662198391421
B200,8.0,496372,0.375,0.09502262443438914,0.27997737556561086
B200,8.0,496373,0.375,0.09400179051029543,0.28099820948970455
B200,8.0,496374,0.375,0.09349955476402493,0.28150044523597506
B200,8.0,496375,0.37,0.09417040358744394,0.27582959641255606
B200,8.0,496376,0.37,0.09283819628647215,0.27716180371352783
B200,8.0,496377,0.37,0.09433962264150943,0.2756603773584906
B200,8.0,496378,0.37,0.0898069151324652,0.2801930848675348
B200,8.0,496379,0.37,0.09017132551848513,0.2798286744815149
B200,8.0,496380,0.37,0.08597285067873303,0.28402714932126694
B200,8.0,496381,0.37,0.08968609865470853,0.28031390134529144
B200,8.0,496382,0.37,0.08679762448606669,0.2832023755139333
B200,8.0,496383,0.37,0.08558558558558559,0.2844144144144144
B200,8.0,496384,0.37,0.08593396653098147,0.28406603346901854
B200,8.0,496385,0.37,0.08608971454463073,0.2839102854553693
B200,8.0,496386,0.37,0.08960573476702509,0.2803942652329749
B200,8.0,496387,0.37,0.09161704076958316,0.27838295923041684
B200,8.0,496388,0.37,0.09132420091324202,0.278675799086758
B200,8.0,496389,0.37,0.09057971014492754,0.27942028985507245
B200,8.0,496390,0.37,0.08589511754068715,0.28410488245931287
B200,8.0,496391,0.37,0.09017132551848513,0.2798286744815149
B200,8.0,496392,0.37,0.08608971454463073,0.2839102854553693
B200,8.0,496393,0.37,0.08543165467625899,0.284568345323741
B200,8.0,496394,0.37,0.09025270758122743,0.27974729241877255
B200,8.0,496395,0.365,0.08940545373267769,0.27559454626732227
B200,8.0,496396,0.365,0.0898876404494382,0.2751123595505618
B200,8.0,496397,0.365,0.09013068949977468,0.27486931050022534
B200,8.0,496398,0.36,0.09009009009009009,0.26990990990990993
B200,8.0,496399,0.365,0.09033423667570009,0.2746657633242999
B200,8.0,496400,0.365,0.09149130832570906,0.2735086916742909
B200,8.0,496401,0.36,0.090049527239982,0.269950472760018
B200,8.0,496402,0.36,0.090049527239982,0.269950472760018
B200,8.0,496403,0.365,0.09021199819576003,0.27478800180423996
B200,8.0,496404,0.365,0.09009009009009009,0.27490990990990993
B200,8.0,496405,0.37,0.090049527239982,0.279950472760018
B200,8.0,496406,0.37,0.0898876404494382,0.2801123595505618
B200,8.0,496407,0.37,0.08984725965858043,0.28015274034141957
B200,8.0,496408,0.37,0.08996851102114262,0.2800314889788574
B200,8.0,496409,0.37,0.09000900090009001,0.27999099909991
B200,8.0,496410,0.37,0.09157509157509157,0.2784249084249084
B200,8.0,496411,0.37,0.0898876404494382,0.2801123595505618
B200,8.0,496412,0.37,0.09000900090009001,0.27999099909991
B200,8.0,496413,0.37,0.09021199819576003,0.27978800180423996
B200,8.0,496414,0.37,0.08996851102114262,0.2800314889788574
B200,8.0,496415,0.37,0.08972633467922836,0.28027366532077164
B200,8.0,496416,0.37,0.08968609865470853,0.28031390134529144
B200,8.0,496417,0.365,0.0898876404494382,0.2751123595505618
B200,8.0,496418,0.37,0.09025270758122743,0.27974729241877255
B200,8.0,496419,0.37,0.09025270758122743,0.27974729241877255
B200,8.0,496420,0.365,0.08928571428571429,0.2757142857142857
B200,8.0,496421,0.365,0.09033423667570009,0.2746657633242999
B200,8.0,496422,0.37,0.08984725965858043,0.28015274034141957
B200,8.0,496423,0.37,0.08992805755395683,0.28007194244604317
B200,8.0,496424,0.37,0.0898876404494382,0.2801123595505618
B200,8.0,496425,0.37,0.08976660682226212,0.2802333931777379
B200,8.0,496426,0.37,0.08940545373267769,0.2805945462673223
B200,8.0,496427,0.37,0.08944543828264759,0.2805545617173524
B200,8.0,496428,0.355,0.08968609865470853,0.2653139013452914
B200,8.0,496429,0.37,0.08956560680698612,0.2804343931930139
B200,8.0,496430,0.37,0.08984725965858043,0.28015274034141957
B200,8.0,496431,0.37,0.0894854586129754,0.2805145413870246
B200,8.0,496432,0.37,0.08968609865470853,0.28031390134529144
B200,8.0,496433,0.37,0.08972633467922836,0.28027366532077164
B200,8.0,496434,0.37,0.09000900090009001,0.27999099909991
B200,8.0,496435,0.37,0.08936550491510277,0.28063449508489724
B200,8.0,496436,0.365,0.08952551477170995,0.27547448522829004
B200,8.0,496437,0.37,0.08972633467922836,0.28027366532077164
B200,8.0,496438,0.27,0.08916629514043692,0.1808337048595631
B200,8.0,496439,0.32,0.08884940026654821,0.2311505997334518
B200,8.0,496440,0.32,0.08791208791208792,0.23208791208791207
B200,8.0,496441,0.325,0.08845643520566121,0.2365435647943388
B200,8.0,496442,0.325,0.0880281690140845,0.2369718309859155
B200,8.0,496443,0.32,0.08798944126704795,0.23201055873295207
B200,8.0,496444,0.335,0.0882223202470225,0.2467776797529775
B200,8.0,496445,0.34,0.08853474988933158,0.25146525011066845
B200,8.0,496446,0.34,0.08845643520566121,0.2515435647943388
B200,8.0,496447,0.34,0.08853474988933158,0.25146525011066845
B200,8.0,496448,0.345,0.08841732979664015,0.25658267020335984
B200,8.0,496449,0.34,0.08916629514043692,0.25083370485956313
B200,8.0,496450,0.34,0.08853474988933158,0.25146525011066845
B200,8.0,496451,0.34,0.08888888888888889,0.2511111111111111
B200,8.0,496452,0.335,0.08857395925597875,0.24642604074402127
B200,8.0,496453,0.335,0.08904719501335709,0.24595280498664293
B200,8.0,496454,0.335,0.08057296329453895,0.2544270367054611
B200,8.0,496455,0.335,0.08014247551202137,0.25485752448797866
B200,8.0,496456,0.34,0.0801068090787717,0.2598931909212283
B200,8.0,496457,0.335,0.08014247551202137,0.25485752448797866
B200,8.0,496458,0.335,0.0796812749003984,0.25531872509960163
B200,8.0,496459,0.335,0.0844069302532208,0.2505930697467792
B200,8.0,496460,0.335,0.08455718736092568,0.2504428126390743
B200,8.0,496461,0.335,0.08410801239486498,0.25089198760513504
B200,8.0,496462,0.335,0.08414526129317981,0.2508547387068202
B200,8.0,496463,0.345,0.08399646330680814,0.2610035366931918
B200,8.0,496464,0.345,0.08436944937833037,0.2606305506216696
B200,8.0,496465,0.335,0.08410801239486498,0.25089198760513504
B200,8.0,496466,0.335,0.08395934600088378,0.25104065399911624
B200,8.0,496467,0.335,0.07954043305346885,0.25545956694653116
B200,8.0,496468,0.335,0.07971656333038087,0.25528343666961917
B200,8.0,496469,0.335,0.08111762054979721,0.2538823794502028
B200,8.0,496470,0.335,0.08039303260384101,0.254606967396159
B200,8.0,496471,0.335,0.08075370121130551,0.25424629878869454
B200,8.0,496472,0.335,0.08057296329453895,0.2544270367054611
B200,8.0,496473,0.335,0.08021390374331551,0.2547860962566845
B200,8.0,496474,0.335,0.08075370121130551,0.25424629878869454
B200,8.0,496475,0.335,0.08082622361921868,0.2541737763807813
B200,8.0,496476,0.335,0.08086253369272237,0.2541374663072776
B200,8.0,496477,0.335,0.08097165991902834,0.2540283400809717
B200,8.0,496478,0.335,0.08097165991902834,0.2540283400809717
B200,8.0,496479,0.335,0.08104457451598379,0.25395542548401623
B200,8.0,496480,0.34,0.07975188303057155,0.26024811696942846
B200,8.0,496481,0.345,0.08130081300813008,0.2636991869918699
B200,8.0,496482,0.335,0.07961079168509508,0.25538920831490497
B200,8.0,496483,0.335,0.08144796380090498,0.25355203619909505
B200,8.0,496484,0.33,0.08093525179856116,0.24906474820143887
B200,8.0,496485,0.33,0.08068130883012102,0.24931869116987898
B200,8.0,496486,0.33,0.08104457451598379,0.24895542548401622
B200,8.0,496487,0.33,0.08075370121130551,0.2492462987886945
B200,8.0,496488,0.345,0.08126410835214447,0.2637358916478555
B200,8.0,496489,0.335,0.08089887640449438,0.25410112359550563
B200,8.0,496490,0.335,0.08097165991902834,0.2540283400809717
B200,8.0,496491,0.335,0.08097165991902834,0.2540283400809717
B200,8.0,496492,0.335,0.08082622361921868,0.2541737763807813
B200,8.0,496493,0.335,0.08082622361921868,0.2541737763807813
B200,8.0,496494,0.335,0.08075370121130551,0.25424629878869454
B200,8.0,496495,0.335,0.08078994614003591,0.2542100538599641
B200,8.0,496496,0.335,0.08082622361921868,0.2541737763807813
B200,8.0,496497,0.335,0.081008100810081,0.25399189918991905
B200,8.0,496498,0.335,0.08108108108108109,0.25391891891891893
B200,8.0,496499,0.335,0.081008100810081,0.25399189918991905
B200,8.0,496500,0.335,0.08093525179856116,0.2540647482014389
B200,8.0,496501,0.335,0.0811541929666366,0.2538458070333634
B200,8.0,496502,0.335,0.08,0.255
B200,8.0,496503,0.335,0.0800711743772242,0.2549288256227758
B200,8.0,496504,0.335,0.07647323436797122,0.2585267656320288
B200,8.0,496505,0.335,0.07723761926397092,0.2577623807360291
B200,8.0,496506,0.335,0.07737824305871643,0.2576217569412836
B200,8.0,496507,0.335,0.07727272727272727,0.25772727272727275
B200,8.0,496508,0.34,0.07720254314259764,0.2627974568574024
B200,8.0,496509,0.335,0.07692307692307693,0.2580769230769231
B200,8.0,496510,0.335,0.07678410117434509,0.25821589882565493
B200,8.0,496511,0.335,0.07737824305871643,0.2576217569412836
B200,8.0,496512,0.335,0.07723761926397092,0.2577623807360291
B200,8.0,496513,0.335,0.07716749886518386,0.25783250113481615
B200,8.0,496514,0.335,0.07737824305871643,0.2576217569412836
B200,8.0,496515,0.335,0.08111762054979721,0.2538823794502028
B200,8.0,496516,0.335,0.08050089445438283,0.25449910554561717
B200,8.0,496517,0.335,0.08126410835214447,0.25373589164785554
B200,8.0,496518,0.335,0.08093525179856115,0.2540647482014389
B200,8.0,496519,0.335,0.08075370121130551,0.25424629878869454
B200,8.0,496520,0.335,0.08130081300813008,0.25369918699186994
B200,8.0,496521,0.335,0.081008100810081,0.25399189918991905
B200,8.0,496522,0.335,0.08035714285714285,0.25464285714285717
B200,8.0,496523,0.335,0.08050089445438283,0.25449910554561717
B200,8.0,496524,0.335,0.08086253369272237,0.2541374663072776
B200,8.0,496525,0.335,0.08108108108108107,0.25391891891891893
B200,8.0,496526,0.335,0.07274283269148481,0.2622571673085152
B200,8.0,496527,0.335,0.07678410117434509,0.25821589882565493
B200,8.0,496528,0.335,0.07216959855660803,0.262830401443392
B200,8.0,496529,0.335,0.07239819004524888,0.26260180995475113
B200,8.0,496530,0.335,0.07269422989550205,0.26230577010449796
B200,8.0,496531,0.335,0.07032967032967033,0.26467032967032966
B200,8.0,496532,0.335,0.07479102507699076,0.26020897492300926
B200,8.0,496534,0.335,0.07498897220996913,0.2600110277900309
B200,8.0,496535,0.335,0.08248423095584669,0.25251576904415335
B200,8.0,496536,0.33,0.07981220657276997,0.2501877934272301
B200,8.0,496537,0.33,0.07709750566893424,0.25290249433106576
B200,8.0,496538,0.33,0.07692307692307693,0.2530769230769231
B200,8.0,496539,0.33,0.07727272727272727,0.25272727272727274
B200,8.0,496540,0.335,0.07664562669071236,0.2583543733092877
B200,8.0,496541,0.335,0.07596067917783736,0.25903932082216263
B200,8.0,496542,0.34,0.08076009501187649,0.25923990498812355
B200,8.0,496543,0.345,0.07981220657276997,0.26518779342723
B200,8.0,496544,0.36,0.07984969469234383,0.28015030530765617
B200,8.0,496545,0.36,0.08011310084825637,0.2798868991517436
B200,8.0,496546,0.35,0.0794021485287249,0.2705978514712751
B200,8.0,496547,0.35,0.07910656119125176,0.2708934388087482
B200,8.0,496548,0.35,0.07884972170686456,0.2711502782931354
B200,8.0,496549,0.35,0.0795507721104352,0.27044922788956477
B200,8.0,496550,0.35,0.08,0.26999999999999996
B200,8.0,496551,0.35,0.07966260543580132,0.27033739456419864
B200,8.0,496552,0.35,0.07973733583489681,0.27026266416510314
B200,8.0,496553,0.35,0.0800376647834275,0.2699623352165725
B200,8.0,496554,0.35,0.0800376647834275,0.2699623352165725
B200,8.0,496555,0.35,0.08015087223008016,0.2698491277699198
B200,8.0,496556,0.35,0.07996237064910632,0.27003762935089365
B200,8.0,496557,0.35,0.07984969469234383,0.27015030530765616
B200,8.0,496558,0.35,0.0804162724692526,0.2695837275307474
B200,8.0,496559,0.35,0.08049242424242424,0.2695075757575757
B200,8.0,496560,0.35,0.08118433619866286,0.26881566380133715
B200,8.0,496561,0.35,0.08045433033601515,0.26954566966398485
B200,8.0,496562,0.35,0.08053055423969682,0.2694694457603032
B200,8.0,496563,0.35,0.08064516129032258,0.2693548387096774
B200,8.0,496564,0.35,0.08068343616516374,0.26931656383483626
B200,8.0,496565,0.355,0.08426966292134831,0.2707303370786517
B200,8.0,496566,0.355,0.0841514726507714,0.2708485273492286
B200,8.0,496567,0.355,0.08387698042870456,0.2711230195712954
B200,8.0,496568,0.355,0.0839160839160839,0.2710839160839161
B200,8.0,496569,0.355,0.08368200836820085,0.27131799163179915
B200,8.0,496570,0.355,0.08383791336748952,0.27116208663251046
B200,8.0,496571,0.355,0.08470588235294117,0.2702941176470588
B200,8.0,496572,0.355,0.08383791336748951,0.27116208663251046
B200,8.0,496573,0.355,0.08438818565400844,0.2706118143459916
B200,8.0,496574,0.355,0.08399440037330845,0.2710055996266915
B200,8.0,496575,0.355,0.08458646616541353,0.27041353383458644
B200,8.0,496576,0.355,0.0839160839160839,0.2710839160839161
B200,8.0,496577,0.355,0.08368200836820085,0.27131799163179915
B200,8.0,496578,0.355,0.08419083255378859,0.2708091674462114
B200,8.0,496579,0.355,0.08434864104967198,0.270651358950328
B200,8.0,496580,0.355,0.0839160839160839,0.2710839160839161
B200,8.0,496581,0.355,0.0847856806406029,0.2702143193593971
B200,8.0,496582,0.355,0.08526764566556133,0.26973235433443865
B200,8.0,496583,0.355,0.08514664143803218,0.2698533585619678
B200,8.0,496584,0.355,0.08510638297872339,0.26989361702127657
B200,8.0,496585,0.355,0.08486562942008487,0.27013437057991513
B200,8.0,496586,0.355,0.08454673555659933,0.2704532644434007
B200,8.0,496587,0.355,0.08329477093937991,0.27170522906062006
B200,8.0,496588,0.355,0.0839160839160839,0.2710839160839161
B200,8.0,496589,0.355,0.08337193144974525,0.27162806855025473
B200,8.0,496590,0.355,0.08337193144974525,0.27162806855025473
B200,8.0,496591,0.355,0.08337193144974525,0.27162806855025473
B200,8.0,496592,0.355,0.08337193144974525,0.27162806855025473
B200,8.0,496593,0.355,0.08287292817679558,0.2721270718232044
B200,8.0,496594,0.355,0.08325624421831637,0.27174375578168364
B200,8.0,496595,0.355,0.08356545961002786,0.2714345403899721
B200,8.0,496596,0.355,0.08368200836820085,0.27131799163179915
B200,8.0,496597,0.355,0.0839160839160839,0.2710839160839161
B200,8.0,496598,0.355,0.08411214953271028,0.2708878504672897
B200,8.0,496599,0.355,0.08458646616541353,0.27041353383458644
B200,8.0,496600,0.355,0.08344923504867871,0.27155076495132124
B200,8.0,496601,0.355,0.08430913348946137,0.27069086651053864
B200,8.0,496602,0.355,0.08430913348946137,0.27069086651053864
B200,8.0,496603,0.355,0.08379888268156424,0.27120111731843577
B200,8.0,496604,0.355,0.08298755186721991,0.2720124481327801
B200,8.0,496605,0.355,0.08434864104967198,0.270651358950328
B200,8.0,496606,0.355,0.08415147265077137,0.2708485273492286
B200,8.0,496607,0.355,0.08415147265077137,0.2708485273492286
B200,8.0,496608,0.355,0.08559201141226817,0.2694079885877318
B200,8.0,496609,0.355,0.08438818565400844,0.2706118143459916
B200,8.0,496610,0.355,0.08563273073263558,0.26936726926736443
B200,8.0,496611,0.36,0.08595988538681949,0.2740401146131805
B200,8.0,496612,0.46,0.08510638297872339,0.37489361702127666
B200,8.0,496613,0.465,0.08600095556617296,0.37899904443382704
B200,8.0,496614,0.49,0.08658008658008656,0.40341991341991346
B200,8.0,496615,0.475,0.08526764566556135,0.38973235433443865
B200,8.0,496616,0.48,0.08470588235294117,0.3952941176470588
B200,8.0,496617,0.48,0.08526764566556135,0.39473235433443865
B200,8.0,496618,0.48,0.08750607681088965,0.39249392318911036
B200,8.0,496619,0.48,0.08522727272727272,0.3947727272727273
B200,8.0,496620,0.48,0.08674698795180721,0.39325301204819274
B200,8.0,496621,0.48,0.08637236084452975,0.3936276391554702
B200,8.0,496622,0.48,0.08695652173913043,0.39304347826086955
B200,8.0,496623,0.48,0.08526764566556135,0.39473235433443865
B200,8.0,496624,0.48,0.08555133079847908,0.3944486692015209
B200,8.0,496625,0.48,0.08662175168431184,0.39337824831568813
B200,8.0,496626,0.48,0.08530805687203792,0.3946919431279621
B200,8.0,496627,0.48,0.0857551214864221,0.39424487851357787
B200,8.0,496628,0.48,0.09125840537944285,0.38874159462055713
B200,8.0,496629,0.48,0.0911708253358925,0.3888291746641075
B200,8.0,496630,0.48,0.09125840537944285,0.38874159462055713
B200,8.0,496631,0.48,0.0911708253358925,0.3888291746641075
B200,8.0,496632,0.48,0.08962264150943396,0.39037735849056604
B200,8.0,496633,0.48,0.08949599623174752,0.39050400376825245
B200,8.0,496634,0.48,0.08871365204534254,0.39128634795465744
B200,8.0,496635,0.48,0.0896414342629482,0.3903585657370518
B200,8.0,496636,0.48,0.08906481939633845,0.3909351806036615
B200,8.0,496637,0.48,0.08937437934458789,0.39062562065541206
B200,8.0,496638,0.48,0.0875912408759124,0.39240875912408757
B200,8.0,496639,0.48,0.08941877794336811,0.39058122205663187
B200,8.0,496640,0.48,0.08845208845208845,0.3915479115479115
B200,8.0,496641,0.48,0.08845208845208845,0.3915479115479115
B200,8.0,496642,0.48,0.08915304606240712,0.39084695393759283
B200,8.0,496643,0.48,0.08583690987124463,0.39416309012875533
B200,8.0,496644,0.48,0.08750607681088965,0.39249392318911036
B200,8.0,496645,0.48,0.08583690987124463,0.39416309012875533
B200,8.0,496646,0.48,0.08793356130923301,0.39206643869076696
B200,8.0,496647,0.48,0.08683068017366136,0.3931693198263386
B200,8.0,496648,0.48,0.0854295206454675,0.3945704793545325
B200,8.0,496649,0.48,0.08720930232558138,0.3927906976744186
B200,8.0,496650,0.48,0.08478568064060292,0.39521431935939705
B200,8.0,496651,0.48,0.08595988538681949,0.3940401146131805
B200,8.0,496652,0.48,0.08658008658008656,0.39341991341991345
B200,8.0,496653,0.48,0.08737864077669902,0.392621359223301
B200,8.0,496654,0.48,0.08674698795180721,0.39325301204819274
B200,8.0,496655,0.48,0.08678881388621022,0.39321118611378975
B200,8.0,496656,0.48,0.08666345690900337,0.39333654309099664
B200,8.0,496657,0.48,0.08670520231213873,0.39329479768786124
B200,8.0,496658,0.48,0.08729388942774007,0.3927061105722599
B200,8.0,496659,0.48,0.08620689655172413,0.39379310344827584
B200,8.0,496660,0.48,0.08810572687224669,0.39189427312775327
B200,8.0,496661,0.48,0.08666345690900337,0.39333654309099664
B200,8.0,496662,0.48,0.08534850640113797,0.394651493598862
B200,8.0,496663,0.48,0.0855920114122682,0.3944079885877318
B200,8.0,496664,0.48,0.08620689655172413,0.39379310344827584
B200,8.0,496665,0.48,0.08547008547008547,0.3945299145299145
B200,8.0,496666,0.48,0.08559201141226817,0.3944079885877318
B200,8.0,496667,0.475,0.0847856806406029,0.3902143193593971
B200,8.0,496668,0.475,0.08587786259541984,0.3891221374045801
B200,8.0,496669,0.475,0.08514664143803218,0.3898533585619678
B200,8.0,496670,0.475,0.08506616257088846,0.38993383742911153
B200,8.0,496671,0.475,0.08514664143803218,0.3898533585619678
B200,8.0,496672,0.475,0.08542952064546748,0.3895704793545325
B200,8.0,496673,0.475,0.08514664143803218,0.3898533585619678
B200,8.0,496674,0.475,0.08514664143803218,0.3898533585619678
B200,7.5,495931,0.4955,0.04990925589836661,0.4455907441016334
B200,7.5,495932,0.4965,0.049239033124440466,0.44726096687555955
B200,7.5,495933,0.4965,0.053595355069227336,0.44290464493077264
B200,7.5,495934,0.4975,0.054570259208731244,0.44292974079126873
B200,7.5,495935,0.4975,0.049349484073575596,0.4481505159264244
B200,7.5,495936,0.498,0.04939380332285586,0.44860619667714413
B200,7.5,495937,0.498,0.05434782608695653,0.44365217391304346
B200,7.5,495938,0.4985,0.05429864253393665,0.4442013574660634
B200,7.5,495939,0.4985,0.04943820224719101,0.44906179775280897
B200,7.5,495940,0.499,0.049616599007668016,0.449383400992332
B200,7.5,495941,0.5595,0.05489478499542543,0.5046052150045746
B200,7.5,495942,0.5595,0.054249547920434,0.505250452079566
B200,7.5,495943,0.5595,0.08853474988933158,0.4709652501106684
B200,7.5,495944,0.5595,0.0746268656716418,0.4848731343283582
B200,7.5,495945,0.5595,0.06596306068601583,0.4935369393139842
B200,7.5,495946,0.5595,0.07293007293007293,0.4865699270699271
B200,7.5,495947,0.56,0.06584723441615452,0.4941527655838455
B200,7.5,495948,0.56,0.07060900264783761,0.48939099735216246
B200,7.5,495949,0.56,0.0752212389380531,0.48477876106194695
B200,7.5,495950,0.56,0.08381120423467138,0.4761887957653287
B200,7.5,495951,0.5165,0.07898200965335674,0.43751799034664324
B200,7.5,495952,0.5165,0.06547359231776517,0.4510264076822348
B200,7.5,495953,0.5165,0.07400957771005659,0.4424904222899434
B200,7.5,495954,0.5165,0.07971656333038087,0.4367834366696191
B200,7.5,495955,0.516,0.08601177003168854,0.4299882299683115
B200,7.5,495956,0.549,0.08644222020018198,0.46255777979981805
B200,7.5,495957,0.549,0.06696428571428571,0.48203571428571435
B200,7.5,495958,0.5925,0.05371530886302596,0.538784691136974
B200,7.5,495959,0.5925,0.04514672686230249,0.5473532731376975
B200,7.5,495960,0.5925,0.05025125628140703,0.542248743718593
B200,7.5,495961,0.5925,0.04986400725294651,0.5426359927470535
B200,7.5,495962,0.592,0.04564125969876769,0.5463587403012323
B200,7.5,495963,0.4675,0.04986400725294651,0.41763599274705354
B200,7.5,495964,0.4675,0.05011389521640092,0.4173861047835991
B200,7.5,495965,0.4675,0.04906333630686887,0.41843666369313115
B200,7.5,495966,0.601,0.05429864253393665,0.5467013574660633
B200,7.5,495967,0.4675,0.050597976080956765,0.41690202391904324
B200,7.5,495968,0.4675,0.06410256410256411,0.40339743589743593
B200,7.5,495969,0.4235,0.05977011494252874,0.3637298850574712
B200,7.5,495970,0.422,0.0636074511585643,0.3583925488414357
B200,7.5,495971,0.423,0.05879692446856626,0.3642030755314337
B200,7.5,495972,0.4265,0.05437245129134572,0.3721275487086543
B200,7.5,495973,0.4255,0.08873114463176575,0.33676885536823425
B200,7.5,495974,0.424,0.08955223880597016,0.33444776119402986
B200,7.5,495975,0.423,0.07789678675754626,0.34510321324245374
B200,7.5,495976,0.4245,0.07792207792207792,0.34657792207792204
B200,7.5,495977,0.4235,0.08790072388831438,0.3355992761116856
B200,7.5,495978,0.422,0.08771929824561404,0.33428070175438596
B200,7.5,495979,0.4125,0.08209338122113904,0.3304066187788609
B200,7.5,495980,0.419,0.08346374543557643,0.33553625456442354
B200,7.5,495981,0.422,0.09763617677286743,0.32436382322713253
B200,7.5,495982,0.4215,0.08799171842650104,0.33350828157349893
B200,7.5,495983,0.4165,0.08320332813312532,0.33329667186687467
B200,7.5,495984,0.4205,0.07849293563579278,0.3420070643642072
B200,7.5,495985,0.4215,0.09733606557377049,0.3241639344262295
B200,7.5,495986,0.4215,0.08822003113648158,0.3332799688635184
B200,7.5,495987,0.423,0.09574468085106383,0.32725531914893613
B200,7.5,495988,0.4225,0.10084033613445378,0.32165966386554623
B200,7.5,495989,0.4235,0.09609949123798757,0.32740050876201243
B200,7.5,495990,0.4245,0.08045977011494254,0.34404022988505745
B200,7.5,495991,0.425,0.08571428571428572,0.3392857142857143
B200,7.5,495992,0.4245,0.09090909090909091,0.33359090909090905
B200,7.5,495993,0.4235,0.09609949123798757,0.32740050876201243
B200,7.5,495994,0.554,0.09096077316657192,0.46303922683342813
B200,7.5,495995,0.423,0.08576329331046312,0.33723670668953687
B200,7.5,495996,0.4235,0.10620458356623813,0.31729541643376186
B200,7.5,495997,0.415,0.106323447118075,0.30867655288192497
B200,7.5,495998,0.421,0.106323447118075,0.314676552881925
B200,7.5,495999,0.422,0.10638297872340426,0.31561702127659574
B200,7.5,496000,0.421,0.10596765197992192,0.31503234802007807
B200,7.5,496001,0.4255,0.10596765197992192,0.31953234802007807
B200,7.5,496002,0.5625,0.10602678571428571,0.4564732142857143
B200,7.5,496003,0.547,0.10101010101010101,0.44598989898989905
B200,7.5,496004,0.5435,0.11086474501108648,0.43263525498891353
B200,7.5,496005,0.4755,0.10608598548297041,0.3694140145170296
B200,7.5,496006,0.4755,0.10089686098654709,0.3746031390134529
B200,7.5,496007,0.4755,0.09572072072072073,0.37977927927927924
B200,7.5,496008,0.4755,0.10084033613445378,0.37465966386554617
B200,7.5,496009,0.4755,0.10555555555555556,0.3699444444444444
B200,7.5,496010,0.4755,0.10579064587973273,0.36970935412026723
B200,7.5,496011,0.4755,0.1056142301278488,0.36988576987215116
B200,7.5,496012,0.4755,0.1056142301278488,0.36988576987215116
B200,7.5,496013,0.4755,0.1105583195135434,0.3649416804864566
B200,7.5,496014,0.4755,0.11570247933884298,0.359797520661157
B200,7.5,496015,0.4755,0.120415982484948,0.355084017515052
B200,7.5,496016,0.4755,0.11595803423522916,0.3595419657647708
B200,7.5,496017,0.4755,0.1206140350877193,0.3548859649122807
B200,7.5,496018,0.4755,0.11989100817438693,0.35560899182561306
B200,7.5,496019,0.4755,0.12054794520547946,0.3549520547945205
B200,7.5,496020,0.4755,0.10106681639528355,0.37443318360471645
B200,7.5,496021,0.4755,0.11117287381878822,0.36432712618121177
B200,7.5,496022,0.4755,0.110803324099723,0.364696675900277
B200,7.5,496023,0.4755,0.109717868338558,0.36578213166144197
B200,7.5,496024,0.4755,0.09508716323296354,0.3804128367670364
B200,7.5,496025,0.4755,0.11311053984575835,0.3623894601542416
B200,7.5,496026,0.4125,0.10875194199896426,0.3037480580010357
B200,7.5,496027,0.417,0.11782786885245902,0.29917213114754093
B200,7.5,496028,0.415,0.10858324715615306,0.30641675284384695
B200,7.5,496029,0.418,0.1080802882141019,0.30991971178589806
B200,7.5,496030,0.422,0.10819165378670788,0.3138083462132921
B200,7.5,496031,0.4235,0.10769230769230768,0.3158076923076923
B200,7.5,496032,0.4235,0.10763710917478216,0.31586289082521785
B200,7.5,496033,0.465,0.10111223458038424,0.36388776541961576
B200,7.5,496034,0.4165,0.1096163428001993,0.3068836571998007
B200,7.5,496035,0.4215,0.10885700148441366,0.3126429985155863
B200,7.5,496036,0.423,0.10178117048346057,0.3212188295165394
B200,7.5,496037,0.422,0.10152284263959392,0.32047715736040605
B200,7.5,496038,0.4255,0.11049723756906078,0.3150027624309392
B200,7.5,496039,0.4265,0.11946241911398706,0.30703758088601296
B200,7.5,496040,0.4265,0.11988011988011989,0.3066198801198801
B200,7.5,496041,0.4265,0.10643689812468321,0.3200631018753168
B200,7.5,496042,0.4265,0.10649087221095334,0.32000912778904667
B200,7.5,496043,0.4255,0.1107754279959718,0.3147245720040282
B200,7.5,496044,0.4265,0.1017293997965412,0.32477060020345877
B200,7.5,496045,0.428,0.11898859692612791,0.3090114030738721
B200,7.5,496046,0.4445,0.11910669975186103,0.32539330024813895
B200,7.5,496047,0.43,0.11022044088176353,0.31977955911823647
B200,7.5,496048,0.4465,0.1101652478718077,0.3363347521281923
B200,7.5,496049,0.417,0.11465603190428714,0.30234396809571285
B200,7.5,496050,0.4225,0.10773751224289912,0.31476248775710086
B200,7.5,496051,0.425,0.1102588686481304,0.3147411313518696
B200,7.5,496052,0.4265,0.11241446725317694,0.31408553274682305
B200,7.5,496053,0.428,0.1045816733067729,0.3234183266932271
B200,7.5,496054,0.4285,0.10447761194029852,0.32402238805970146
B200,7.5,496055,0.4245,0.10494752623688156,0.31955247376311846
B200,7.5,496056,0.4245,0.10714285714285714,0.31735714285714284
B200,7.5,496057,0.425,0.10676156583629892,0.31823843416370107
B200,7.5,496058,0.442,0.11178861788617886,0.3302113821138212
B200,7.5,496059,0.429,0.11604439959636731,0.3129556004036327
B200,7.5,496060,0.4305,0.11610297829379101,0.314397021706209
B200,7.5,496061,0.4305,0.10703363914373089,0.3234663608562691
B200,7.5,496062,0.435,0.10670731707317073,0.3282926829268293
B200,7.5,496063,0.4255,0.11639676113360324,0.30910323886639673
B200,7.5,496064,0.428,0.11639676113360324,0.31160323886639674
B200,7.5,496065,0.4285,0.1107754279959718,0.3177245720040282
B200,7.5,496066,0.4285,0.10725229826353422,0.3212477017364658
B200,7.5,496067,0.4315,0.10638297872340426,0.32511702127659575
B200,7.5,496068,0.435,0.11633788568538189,0.3186621143146181
B200,7.5,496069,0.417,0.1110550227158001,0.3059449772841999
B200,7.5,496070,0.408,0.10584677419354839,0.3021532258064516
B200,7.5,496071,0.416,0.10643689812468321,0.30956310187531677
B200,7.5,496072,0.417,0.1107754279959718,0.3062245720040282
B200,7.5,496073,0.425,0.10785824345146379,0.3171417565485362
B200,7.5,496074,0.422,0.10769230769230768,0.3143076923076923
B200,7.5,496075,0.42,0.10697911360163015,0.31302088639836984
B200,7.5,496076,0.564,0.12531328320802004,0.4386867167919799
B200,7.5,496077,0.5635,0.12188928390045707,0.44161071609954294
B200,7.5,496078,0.5705,0.12588116817724068,0.4446188318227593
B200,7.5,496079,0.571,0.12613521695257315,0.4448647830474268
B200,7.5,496080,0.5635,0.12170385395537525,0.44179614604462475
B200,7.5,496081,0.5625,0.12188928390045707,0.44061071609954294
B200,7.5,496082,0.562,0.12158054711246201,0.44041945288753803
B200,7.5,496083,0.563,0.1214574898785425,0.44154251012145745
B200,7.5,496084,0.568,0.12133468149646107,0.44666531850353886
B200,7.5,496085,0.5695,0.12158054711246201,0.447919452887538
B200,7.5,496086,0.595,0.12158054711246201,0.47341945288753795
B200,7.5,496087,0.595,0.12164216928535225,0.4733578307146477
B200,7.5,496088,0.595,0.12133468149646107,0.4736653185035389
B200,7.5,496089,0.6055,0.12213740458015267,0.4833625954198474
B200,7.5,496090,0.608,0.12207527975584943,0.48592472024415057
B200,7.5,496091,0.61,0.11100832562442182,0.4989916743755782
B200,7.5,496092,0.61,0.10904134484325306,0.5009586551567469
B200,7.5,496093,0.6115,0.10999083409715857,0.5015091659028414
B200,7.5,496094,0.6115,0.10709504685408298,0.504404953145917
B200,7.5,496095,0.6115,0.1075268817204301,0.5039731182795699
B200,7.5,496096,0.6115,0.10610079575596816,0.5053992042440318
B200,7.5,496097,0.6115,0.1038511466897447,0.5076488533102553
B200,7.5,496098,0.5695,0.10521701008329679,0.46428298991670325
B200,7.5,496099,0.57,0.10507880910683012,0.46492119089316986
B200,7.5,496100,0.57,0.10572687224669602,0.4642731277533039
B200,7.5,496101,0.5805,0.10439321444106132,0.4761067855589387
B200,7.5,496102,0.5965,0.10738255033557047,0.48911744966442955
B200,7.5,496103,0.598,0.10240427426536064,0.49559572573463934
B200,7.5,496104,0.602,0.10145566828407589,0.500544331715924
B200,7.5,496105,0.6,0.10267857142857142,0.4973214285714286
B200,7.5,496106,0.613,0.10132158590308371,0.5116784140969163
B200,7.5,496107,0.6005,0.1003052769297863,0.5001947230702137
B200,7.5,496108,0.6035,0.10043668122270742,0.5030633187772926
B200,7.5,496109,0.6095,0.10043668122270742,0.5090633187772926
B200,7.5,496110,0.6085,0.09286618826509074,0.5156338117349093
B200,7.5,496111,0.527,0.0982066609735269,0.4287933390264731
B200,7.5,496112,0.5465,0.09799554565701558,0.4485044543429844
B200,7.5,496113,0.5645,0.09932279909706547,0.4651772009029345
B200,7.5,496114,0.576,0.09404388714733541,0.48195611285266454
B200,7.5,496115,0.5765,0.09194395796847636,0.48455604203152364
B200,7.5,496116,0.5775,0.09743135518157661,0.4800686448184234
B200,7.5,496117,0.5815,0.09725906277630415,0.4842409372236959
B200,7.5,496118,0.5815,0.09325985587113184,0.4882401441288682
B200,7.5,496119,0.582,0.08936170212765956,0.49263829787234037
B200,7.5,496120,0.582,0.09267059814658803,0.48932940185341195
B200,7.5,496121,0.582,0.09193480986209779,0.4900651901379022
B200,7.5,496122,0.582,0.0879765395894428,0.49402346041055717
B200,7.5,496123,0.582,0.09282700421940927,0.4891729957805907
B200,7.5,496124,0.582,0.0935374149659864,0.4884625850340136
B200,7.5,496125,0.5775,0.09442060085836909,0.4830793991416309
B200,7.5,496126,0.5785,0.09653356735410268,0.48196643264589734
B200,7.5,496127,0.599,0.09619588981198077,0.5028041101880192
B200,7.5,496128,0.501,0.09945750452079566,0.40154249547920434
B200,7.5,496129,0.523,0.09409751924721985,0.42890248075278015
B200,7.5,496130,0.5385,0.0912863070539419,0.44721369294605806
B200,7.5,496131,0.5355,0.09064688916357642,0.44485311083642354
B200,7.5,496132,0.541,0.09263157894736843,0.44836842105263164
B200,7.5,496133,0.542,0.09310198899703767,0.44889801100296234
B200,7.5,496134,0.5465,0.09318085556967386,0.4533191444303261
B200,7.5,496135,0.5485,0.09657594381035997,0.45192405618964004
B200,7.5,496136,0.5485,0.0968736239542052,0.4516263760457948
B200,7.5,496137,0.5495,0.09615384615384615,0.45334615384615384
B200,7.5,496138,0.5495,0.09218612818261633,0.45731387181738364
B200,7.5,496139,0.5505,0.09102730819245773,0.45947269180754224
B200,7.5,496140,0.5505,0.09373668512995313,0.45676331487004684
B200,7.5,496141,0.564,0.09636443276390715,0.4676355672360928
B200,7.5,496142,0.5645,0.09067357512953368,0.47382642487046633
B200,7.5,496143,0.578,0.09657594381035997,0.48142405618964
B200,7.5,496144,0.5835,0.09300265721877768,0.49049734278122237
B200,7.5,496145,0.5825,0.09251101321585903,0.489988986784141
B200,7.5,496146,0.5825,0.09247027741083223,0.49002972258916777
B200,7.5,496147,0.521,0.09316770186335403,0.42783229813664597
B200,7.5,496148,0.5215,0.09354120267260578,0.42795879732739417
B200,7.5,496149,0.5215,0.09429726088908846,0.4272027391109115
B200,7.5,496150,0.5215,0.09429726088908846,0.4272027391109115
B200,7.5,496151,0.5215,0.09287925696594426,0.42862074303405573
B200,7.5,496152,0.5215,0.09349955476402493,0.428000445235975
B200,7.5,496153,0.5755,0.09391771019677995,0.48158228980322004
B200,7.5,496154,0.5735,0.09450945094509451,0.4789905490549055
B200,7.5,496155,0.5715,0.09840674789128398,0.473093252108716
B200,7.5,496156,0.57,0.09655172413793103,0.47344827586206895
B200,7.5,496157,0.568,0.09758364312267657,0.47041635687732336
B200,7.5,496158,0.5665,0.09910335063709297,0.46739664936290704
B200,7.5,496159,0.5665,0.0982686008423023,0.46823139915769774
B200,7.5,496160,0.5665,0.09389671361502348,0.4726032863849765
B200,7.5,496161,0.5665,0.09298000929800092,0.47351999070199907
B200,7.5,496162,0.564,0.09280742459396751,0.47119257540603243
B200,7.5,496163,0.5215,0.09293680297397769,0.4285631970260223
B200,7.5,496164,0.522,0.09425070688030161,0.4277492931196984
B200,7.5,496165,0.52,0.09407337723424272,0.4259266227657573
B200,7.5,496166,0.5235,0.09376465072667604,0.4297353492733239
B200,7.5,496167,0.524,0.09425070688030161,0.4297492931196984
B200,7.5,496168,0.526,0.09583133684714902,0.430168663152851
B200,7.5,496169,0.553,0.09592326139088729,0.45707673860911274
B200,7.5,496170,0.5535,0.09483167377904221,0.45866832622095777
B200,7.5,496171,0.5535,0.09569377990430623,0.45780622009569377
B200,7.5,496172,0.5545,0.09541984732824428,0.4590801526717557
B200,7.5,496173,0.5785,0.09460737937559131,0.4838926206244087
B200,7.5,496174,0.584,0.0949667616334283,0.48903323836657164
B200,7.5,496175,0.584,0.09727626459143969,0.4867237354085603
B200,7.5,496176,0.5545,0.09528346831824679,0.4592165316817532
B200,7.5,496177,0.554,0.0984251968503937,0.45557480314960636
B200,7.5,496178,0.555,0.09751340809361286,0.4574865919063872
B200,7.5,496179,0.5555,0.09629272989889263,0.45920727010110735
B200,7.5,496180,0.556,0.09376465072667604,0.462235349273324
B200,7.5,496181,0.556,0.09398496240601503,0.462015037593985
B200,7.5,496182,0.557,0.09191176470588235,0.4650882352941177
B200,7.5,496183,0.568,0.09569377990430623,0.47230622009569373
B200,7.5,496184,0.5685,0.09519276534983342,0.47330723465016655
B200,7.5,496185,0.57,0.0964785335262904,0.4735214664737095
B200,7.5,496186,0.521,0.097323600973236,0.423676399026764
B200,7.5,496187,0.5215,0.09638554216867469,0.4251144578313253
B200,7.5,496188,0.5215,0.0962000962000962,0.4252999037999038
B200,7.5,496189,0.5215,0.09666505558240697,0.424834944417593
B200,7.5,496190,0.5215,0.09564801530368244,0.4258519846963175
B200,7.5,496191,0.5215,0.09492168960607499,0.42657831039392496
B200,7.5,496192,0.5215,0.09523809523809523,0.42626190476190473
B200,7.5,496193,0.5215,0.09652509652509653,0.4249749034749034
B200,7.5,496194,0.5215,0.09573958831977024,0.4257604116802297
B200,7.5,496195,0.5215,0.09583133684714902,0.42566866315285096
B200,7.5,496196,0.5215,0.09596928982725528,0.4255307101727447
B200,7.5,496197,0.5215,0.097323600973236,0.42417639902676396
B200,7.5,496198,0.5215,0.09661835748792272,0.4248816425120773
B200,7.5,496199,0.5215,0.09537434430138293,0.42612565569861705
B200,7.5,496200,0.5215,0.09592326139088729,0.42557673860911266
B200,7.5,496201,0.55,0.09592326139088729,0.45407673860911274
B200,7.5,496202,0.5515,0.09564801530368244,0.45585198469631755
B200,7.5,496203,0.552,0.09601536245799328,0.4559846375420068
B200,7.5,496204,0.553,0.09592326139088729,0.45707673860911274
B200,7.5,496205,0.553,0.09564801530368244,0.4573519846963176
B200,7.5,496206,0.553,0.09573958831977024,0.4572604116802298
B200,7.5,496207,0.553,0.09606147934678196,0.4569385206532181
B200,7.5,496208,0.553,0.09615384615384616,0.4568461538461539
B200,7.5,496209,0.553,0.09610764055742432,0.4568923594425757
B200,7.5,496210,0.553,0.09551098376313277,0.4574890162368673
B200,7.5,496211,0.553,0.09560229445506692,0.45739770554493314
B200,7.5,496212,0.553,0.09569377990430623,0.4573062200956938
B200,7.5,496213,0.553,0.09578544061302682,0.4572145593869732
B200,7.5,496214,0.5525,0.09573958831977024,0.45676041168022974
B200,7.5,496215,0.553,0.09569377990430623,0.4573062200956938
B200,7.5,496216,0.5535,0.09555661729574774,0.4579433827042523
B200,7.5,496217,0.553,0.09555661729574774,0.45744338270425233
B200,7.5,496218,0.553,0.09578544061302682,0.4572145593869732
B200,7.5,496219,0.553,0.09532888465204958,0.45767111534795046
B200,7.5,496220,0.553,0.09541984732824428,0.4575801526717558
B200,7.5,496221,0.553,0.09537434430138293,0.45762565569861713
B200,7.5,496222,0.553,0.09541984732824428,0.4575801526717558
B200,7.5,496223,0.553,0.09592326139088729,0.45707673860911274
B200,7.5,496224,0.5535,0.09555661729574774,0.4579433827042523
B200,7.5,496225,0.5085,0.09551098376313277,0.4129890162368672
B200,7.5,496226,0.51,0.0954653937947494,0.4145346062052506
B200,7.5,496227,0.5095,0.09657170449058426,0.4129282955094157
B200,7.5,496228,0.5105,0.09596928982725528,0.4145307101727447
B200,7.5,496229,0.5115,0.0958772770853308,0.4156227229146692
B200,7.5,496230,0.5105,0.09756097560975611,0.4129390243902438
B200,7.5,496231,0.5105,0.09741841207988311,0.41308158792011684
B200,7.5,496232,0.5115,0.097323600973236,0.41417639902676395
B200,7.5,496233,0.5095,0.0984251968503937,0.41107480314960626
B200,7.5,496234,0.51,0.09799118079372858,0.4120088192062714
B200,7.5,496235,0.5105,0.09760858955588092,0.41289141044411903
B200,7.5,496236,0.5145,0.09799118079372858,0.41650881920627136
B200,7.5,496237,0.5135,0.09737098344693283,0.4161290165530671
B200,7.5,496238,0.5125,0.09794319294809012,0.41455680705190984
B200,7.5,496239,0.511,0.09765625,0.41334375
B200,7.5,496240,0.5125,0.09760858955588092,0.41489141044411904
B200,7.5,496241,0.5135,0.09891196834817012,0.41458803165182984
B200,7.5,496242,0.5135,0.09828009828009827,0.4152199017199017
B200,7.5,496243,0.5125,0.09832841691248773,0.41417158308751223
B200,7.5,496244,0.5135,0.09891196834817012,0.41458803165182984
B200,7.5,496245,0.514,0.0984251968503937,0.4155748031496063
B200,7.5,496246,0.513,0.09891196834817012,0.4140880316518299
B200,7.5,496247,0.5135,0.09837678307919331,0.41512321692080667
B200,7.5,496248,0.512,0.09789525208027411,0.4141047479197259
B200,7.5,496249,0.534,0.09789525208027411,0.4361047479197259
B200,7.5,496250,0.5305,0.09784735812133073,0.43265264187866925
B200,7.5,496251,0.536,0.10223953261927946,0.4337604673807206
B200,7.5,496252,0.5335,0.1027900146842878,0.43070998531571214
B200,7.5,496253,0.531,0.10228933268387726,0.4287106673161228
B200,7.5,496254,0.5315,0.1023391812865497,0.42916081871345024
B200,7.5,496255,0.5315,0.1023391812865497,0.42916081871345024
B200,7.5,496256,0.5235,0.10284035259549462,0.42065964740450534
B200,7.5,496257,0.5295,0.10284035259549462,0.42665964740450535
B200,7.5,496258,0.5295,0.10284035259549462,0.42665964740450535
B200,7.5,496259,0.533,0.10263929618768329,0.4303607038123167
B200,7.5,496260,0.5315,0.10214007782101167,0.42935992217898833
B200,7.5,496261,0.53,0.10164569215876089,0.4283543078412391
B200,7.5,496262,0.531,0.10329562223315297,0.42770437776684705
B200,7.5,496263,0.532,0.10334645669291338,0.42865354330708666
B200,7.5,496264,0.5315,0.10339734121122598,0.42810265878877396
B200,7.5,496265,0.534,0.10344827586206898,0.4305517241379311
B200,7.5,496266,0.532,0.10355029585798817,0.4284497041420119
B200,7.5,496267,0.5225,0.10360138135175134,0.4188986186482486
B200,7.5,496268,0.5245,0.10416666666666666,0.42033333333333334
B200,7.5,496269,0.523,0.10432190760059612,0.4186780923994039
B200,7.5,496270,0.5225,0.10452961672473868,0.41797038327526126
B200,7.5,496271,0.5225,0.10452961672473868,0.41797038327526126
B200,7.5,496272,0.5245,0.10437375745526839,0.4201262425447316
B200,7.5,496273,0.5245,0.10432190760059612,0.42017809239940385
B200,7.5,496274,0.5245,0.10437375745526839,0.4201262425447316
B200,7.5,496275,0.522,0.10452961672473868,0.4174703832752613
B200,7.5,496276,0.5325,0.1045816733067729,0.42791832669322705
B200,7.5,496277,0.53,0.1046337817638266,0.42536621823617343
B200,7.5,496278,0.531,0.1046337817638266,0.42636621823617343
B200,7.5,496279,0.5305,0.10473815461346633,0.4257618453865336
B200,7.5,496280,0.5305,0.10473815461346633,0.4257618453865336
B200,7.5,496281,0.5215,0.1051051051051051,0.4163948948948949
B200,7.5,496282,0.52,0.10505252626313155,0.41494747373686847
B200,7.5,496283,0.519,0.105,0.41400000000000003
B200,7.5,496284,0.517,0.10243902439024391,0.41456097560975613
B200,7.5,496285,0.516,0.10096153846153845,0.4150384615384616
B200,7.5,496286,0.513,0.10062290368950645,0.4123770963104936
B200,7.5,496287,0.512,0.10228933268387726,0.40971066731612277
B200,7.5,496288,0.512,0.10299166257969591,0.40900833742030407
B200,7.5,496289,0.512,0.10329562223315297,0.40870437776684704
B200,7.5,496290,0.512,0.10401188707280831,0.4079881129271917
B200,7.5,496291,0.512,0.10294117647058823,0.4090588235294118
B200,7.5,496292,0.5115,0.10263929618768329,0.40886070381231665
B200,7.5,496293,0.5115,0.10273972602739725,0.40876027397260273
B200,7.5,496294,0.5115,0.10365251727541955,0.4078474827245804
B200,7.5,496295,0.5115,0.1027900146842878,0.4087099853157121
B200,7.5,496296,0.5115,0.10258915486077184,0.4089108451392281
B200,7.5,496297,0.5115,0.10268948655256724,0.4088105134474327
B200,7.5,496298,0.5115,0.10258915486077184,0.4089108451392281
B200,7.5,496299,0.5115,0.1025390625,0.40896093749999995
B200,7.5,496300,0.5115,0.10273972602739725,0.40876027397260273
B200,7.5,496301,0.522,0.10263929618768329,0.4193607038123167
B200,7.5,496302,0.522,0.10334645669291338,0.41865354330708665
B200,7.5,496303,0.522,0.1025390625,0.4194609375
B200,7.5,496304,0.522,0.10299166257969591,0.4190083374203041
B200,7.5,496305,0.5215,0.10268948655256724,0.4188105134474327
B200,7.5,496306,0.5345,0.102890739833415,0.43160926016658496
B200,7.5,496307,0.5345,0.10304219823356232,0.43145780176643767
B200,7.5,496308,0.5285,0.10294117647058823,0.42555882352941177
B200,7.5,496309,0.526,0.10299166257969591,0.4230083374203041
B200,7.5,496310,0.526,0.1037037037037037,0.42229629629629634
B200,7.5,496311,0.526,0.09190371991247263,0.4340962800875274
B200,7.5,496312,0.526,0.09366636931311328,0.43233363068688674
B200,7.5,496313,0.526,0.09024495058014612,0.4357550494198539
B200,7.5,496314,0.526,0.09020618556701031,0.4357938144329897
B200,7.5,496315,0.5245,0.09226713532513181,0.43223286467486816
B200,7.5,496316,0.524,0.09593421653723161,0.4280657834627684
B200,7.5,496317,0.5235,0.09446693657219973,0.42903306342780023
B200,7.5,496318,0.524,0.09032258064516129,0.4336774193548387
B200,7.5,496319,0.524,0.08985879332477534,0.4341412066752247
B200,7.5,496320,0.5235,0.09206488382288469,0.4314351161771153
B200,7.5,496321,0.535,0.09263343625937362,0.44236656374062644
B200,7.5,496322,0.535,0.09182334936598163,0.4431766506340184
B200,7.5,496323,0.535,0.09247027741083223,0.4425297225891678
B200,7.5,496324,0.535,0.09325044404973355,0.4417495559502665
B200,7.5,496325,0.5345,0.09247027741083223,0.44202972258916773
B200,7.5,496326,0.5365,0.09358288770053474,0.44291711229946523
B200,7.5,496327,0.5345,0.08978195810175288,0.4447180418982471
B200,7.5,496328,0.5345,0.09051724137931033,0.44398275862068964
B200,7.5,496329,0.5285,0.09094846253789518,0.4375515374621048
B200,7.5,496330,0.5295,0.09222661396574439,0.4372733860342556
B200,7.5,496331,0.5285,0.09433962264150943,0.43416037735849056
B200,7.5,496332,0.5285,0.09312638580931264,0.4353736141906873
B200,7.5,496333,0.5285,0.09234828496042216,0.43615171503957784
B200,7.5,496334,0.5285,0.09259259259259257,0.4359074074074074
B200,7.5,496335,0.5285,0.09287925696594426,0.43562074303405574
B200,7.5,496336,0.5285,0.09263343625937362,0.4358665637406264
B200,7.5,496337,0.5285,0.09218612818261633,0.4363138718173836
B200,7.5,496338,0.5285,0.09300265721877768,0.4354973427812223
B200,7.5,496339,0.5285,0.09304386353566681,0.4354561364643332
B200,7.5,496340,0.5285,0.09218612818261633,0.4363138718173836
B200,7.5,496341,0.5305,0.09222661396574439,0.4382733860342556
B200,7.5,496342,0.531,0.09329187027987561,0.4377081297201244
B200,7.5,496343,0.5285,0.09267431597528684,0.4358256840247131
B200,7.5,496344,0.5305,0.09304386353566681,0.4374561364643332
B200,7.5,496345,0.5315,0.09316770186335403,0.4383322981366459
B200,7.5,496346,0.5285,0.09316770186335403,0.4353322981366459
B200,7.5,496347,0.5285,0.09400179051029543,0.4344982094897045
B200,7.5,496348,0.5285,0.09425493716337521,0.4342450628366248
B200,7.5,496349,0.5285,0.09349955476402493,0.43500044523597503
B200,7.5,496350,0.53,0.09395973154362416,0.4360402684563759
B200,7.5,496351,0.5285,0.09283819628647215,0.4356618037135278
B200,7.5,496352,0.5285,0.09341637010676156,0.4350836298932384
B200,7.5,496353,0.5285,0.0938337801608579,0.43466621983914205
B200,7.5,496354,0.5285,0.09283819628647215,0.4356618037135278
B200,7.5,496355,0.5285,0.09370816599732261,0.43479183400267735
B200,7.5,496356,0.5285,0.09320905459387482,0.4352909454061251
B200,7.5,496357,0.5285,0.09138381201044386,0.4371161879895561
B200,7.5,496358,0.5285,0.09247027741083223,0.4360297225891677
B200,7.5,496359,0.544,0.09325044404973358,0.45074955595026645
B200,7.5,496360,0.543,0.09362460989745876,0.4493753901025413
B200,7.5,496361,0.5415,0.09218612818261633,0.44931387181738364
B200,7.5,496362,0.535,0.09304386353566681,0.44195613646433324
B200,7.5,496363,0.535,0.09354120267260578,0.44145879732739424
B200,7.5,496364,0.535,0.09259259259259257,0.44240740740740747
B200,7.5,496365,0.535,0.09279717189571365,0.44220282810428635
B200,7.5,496366,0.535,0.09362460989745876,0.4413753901025413
B200,7.5,496367,0.535,0.09362460989745876,0.4413753901025413
B200,7.5,496368,0.535,0.09425493716337521,0.44074506283662485
B200,7.5,496369,0.535,0.0943820224719101,0.44061797752808995
B200,7.5,496370,0.5355,0.09300265721877768,0.4424973427812223
B200,7.5,496371,0.5355,0.0938337801608579,0.44166621983914206
B200,7.5,496372,0.5355,0.09502262443438914,0.44047737556561084
B200,7.5,496373,0.5355,0.09400179051029543,0.44149820948970453
B200,7.5,496374,0.535,0.09349955476402493,0.4415004452359751
B200,7.5,496375,0.535,0.09417040358744394,0.4408295964125561
B200,7.5,496376,0.5375,0.09283819628647215,0.4446618037135278
B200,7.5,496377,0.535,0.09433962264150943,0.4406603773584906
B200,7.5,496378,0.521,0.0898069151324652,0.4311930848675348
B200,7.5,496379,0.525,0.09017132551848513,0.4348286744815149
B200,7.5,496380,0.5225,0.08597285067873303,0.4365271493212669
B200,7.5,496381,0.5275,0.08968609865470853,0.4378139013452914
B200,7.5,496382,0.524,0.08679762448606669,0.4372023755139333
B200,7.5,496383,0.524,0.08558558558558559,0.4384144144144144
B200,7.5,496384,0.524,0.08593396653098147,0.43806603346901857
B200,7.5,496385,0.524,0.08608971454463073,0.4379102854553693
B200,7.5,496386,0.5245,0.08960573476702509,0.43489426523297486
B200,7.5,496387,0.524,0.09161704076958316,0.43238295923041686
B200,7.5,496388,0.524,0.09132420091324202,0.432675799086758
B200,7.5,496389,0.524,0.09057971014492754,0.43342028985507247
B200,7.5,496390,0.524,0.08589511754068715,0.4381048824593129
B200,7.5,496391,0.524,0.09017132551848513,0.4338286744815149
B200,7.5,496392,0.524,0.08608971454463073,0.4379102854553693
B200,7.5,496393,0.5365,0.08543165467625899,0.45106834532374096
B200,7.5,496394,0.534,0.09025270758122743,0.4437472924187726
B200,7.5,496395,0.534,0.08940545373267769,0.4445945462673223
B200,7.5,496396,0.5345,0.0898876404494382,0.4446123595505618
B200,7.5,496397,0.5345,0.09013068949977468,0.4443693105002253
B200,7.5,496398,0.5345,0.09009009009009009,0.4444099099099099
B200,7.5,496399,0.5365,0.09033423667570009,0.4461657633242999
B200,7.5,496400,0.5335,0.09149130832570906,0.4420086916742909
B200,7.5,496401,0.5325,0.090049527239982,0.442450472760018
B200,7.5,496402,0.537,0.090049527239982,0.44695047276001804
B200,7.5,496403,0.538,0.09021199819576003,0.44778800180424
B200,7.5,496404,0.525,0.09009009009009009,0.43490990990990996
B200,7.5,496405,0.536,0.090049527239982,0.44595047276001804
B200,7.5,496406,0.535,0.0898876404494382,0.44511235955056183
B200,7.5,496407,0.5335,0.08984725965858043,0.44365274034141955
B200,7.5,496408,0.536,0.08996851102114262,0.4460314889788574
B200,7.5,496409,0.5365,0.09000900090009001,0.44649099909990997
B200,7.5,496410,0.536,0.09157509157509157,0.44442490842490845
B200,7.5,496411,0.535,0.0898876404494382,0.44511235955056183
B200,7.5,496412,0.536,0.09000900090009001,0.44599099909991
B200,7.5,496413,0.536,0.09021199819576003,0.44578800180424
B200,7.5,496414,0.5345,0.08996851102114262,0.44453148897885736
B200,7.5,496415,0.534,0.08972633467922836,0.44427366532077167
B200,7.5,496416,0.534,0.08968609865470853,0.4443139013452915
B200,7.5,496417,0.5355,0.0898876404494382,0.4456123595505618
B200,7.5,496418,0.534,0.09025270758122743,0.4437472924187726
B200,7.5,496419,0.528,0.09025270758122743,0.4377472924187726
B200,7.5,496420,0.528,0.08928571428571429,0.4387142857142857
B200,7.5,496421,0.5275,0.09033423667570009,0.4371657633242999
B200,7.5,496422,0.5335,0.08984725965858043,0.44365274034141955
B200,7.5,496423,0.526,0.08992805755395683,0.4360719424460432
B200,7.5,496424,0.5345,0.0898876404494382,0.4446123595505618
B200,7.5,496425,0.5345,0.08976660682226212,0.44473339317773786
B200,7.5,496426,0.5345,0.08940545373267769,0.44509454626732226
B200,7.5,496427,0.5345,0.08944543828264759,0.44505456171735236
B200,7.5,496428,0.534,0.08968609865470853,0.4443139013452915
B200,7.5,496429,0.534,0.08956560680698612,0.4444343931930139
B200,7.5,496430,0.5355,0.08984725965858043,0.44565274034141955
B200,7.5,496431,0.5295,0.0894854586129754,0.44001454138702456
B200,7.5,496432,0.531,0.08968609865470853,0.44131390134529147
B200,7.5,496433,0.53,0.08972633467922836,0.44027366532077167
B200,7.5,496434,0.517,0.09000900090009001,0.42699099909991
B200,7.5,496435,0.5205,0.08936550491510277,0.4311344950848972
B200,7.5,496436,0.534,0.08952551477170995,0.4444744852282901
B200,7.5,496437,0.5335,0.08972633467922836,0.4437736653207716
B200,7.5,496438,0.5335,0.08916629514043692,0.44433370485956303
B200,7.5,496439,0.5335,0.08884940026654821,0.4446505997334518
B200,7.5,496440,0.5335,0.08791208791208792,0.44558791208791204
B200,7.5,496441,0.536,0.08845643520566121,0.4475435647943388
B200,7.5,496442,0.5295,0.0880281690140845,0.44147183098591547
B200,7.5,496443,0.524,0.08798944126704795,0.4360105587329521
B200,7.5,496444,0.5275,0.0882223202470225,0.4392776797529775
B200,7.5,496445,0.5215,0.08853474988933158,0.4329652501106684
B200,7.5,496446,0.533,0.08845643520566121,0.4445435647943388
B200,7.5,496447,0.5335,0.08853474988933158,0.4449652501106684
B200,7.5,496448,0.5315,0.08841732979664015,0.44308267020335984
B200,7.5,496449,0.534,0.08916629514043692,0.4448337048595631
B200,7.5,496450,0.5275,0.08853474988933158,0.4389652501106684
B200,7.5,496451,0.527,0.08888888888888889,0.4381111111111111
B200,7.5,496452,0.5225,0.08857395925597875,0.4339260407440212
B200,7.5,496453,0.525,0.08904719501335709,0.4359528049866429
B200,7.5,496454,0.5335,0.08057296329453895,0.45292703670546103
B200,7.5,496455,0.5315,0.08014247551202137,0.4513575244879786
B200,7.5,496456,0.5305,0.0801068090787717,0.45039319092122826
B200,7.5,496457,0.5315,0.08014247551202137,0.4513575244879786
B200,7.5,496458,0.526,0.0796812749003984,0.44631872509960163
B200,7.5,496459,0.5275,0.0844069302532208,0.4430930697467792
B200,7.5,496460,0.5265,0.08455718736092568,0.4419428126390743
B200,7.5,496461,0.525,0.08410801239486498,0.44089198760513504
B200,7.5,496462,0.533,0.08414526129317981,0.44885473870682024
B200,7.5,496463,0.5305,0.08399646330680814,0.4465035366931918
B200,7.5,496464,0.525,0.08436944937833037,0.44063055062166967
B200,7.5,496465,0.525,0.08410801239486498,0.44089198760513504
B200,7.5,496466,0.534,0.08395934600088378,0.45004065399911625
B200,7.5,496467,0.521,0.07954043305346885,0.44145956694653116
B200,7.5,496468,0.5285,0.07971656333038087,0.4487834366696191
B200,7.5,496469,0.529,0.08111762054979721,0.4478823794502028
B200,7.5,496470,0.527,0.08039303260384101,0.446606967396159
B200,7.5,496471,0.5265,0.08075370121130551,0.44574629878869443
B200,7.5,496472,0.526,0.08057296329453895,0.4454270367054611
B200,7.5,496473,0.536,0.08021390374331551,0.45578609625668454
B200,7.5,496474,0.535,0.08075370121130551,0.4542462987886945
B200,7.5,496475,0.5345,0.08082622361921868,0.4536737763807813
B200,7.5,496476,0.5335,0.08086253369272237,0.45263746630727764
B200,7.5,496477,0.533,0.08097165991902834,0.4520283400809717
B200,7.5,496478,0.528,0.08097165991902834,0.4470283400809717
B200,7.5,496479,0.5345,0.08104457451598379,0.4534554254840162
B200,7.5,496480,0.5205,0.07975188303057155,0.4407481169694284
B200,7.5,496481,0.521,0.08130081300813008,0.43969918699186994
B200,7.5,496482,0.52,0.07961079168509508,0.4403892083149049
B200,7.5,496483,0.5195,0.08144796380090498,0.438052036199095
B200,7.5,496484,0.5185,0.08093525179856116,0.4375647482014388
B200,7.5,496485,0.519,0.08068130883012102,0.438318691169879
B200,7.5,496486,0.5185,0.08104457451598379,0.43745542548401617
B200,7.5,496487,0.5185,0.08075370121130551,0.4377462987886944
B200,7.5,496488,0.521,0.08126410835214447,0.43973589164785554
B200,7.5,496489,0.521,0.08089887640449438,0.44010112359550563
B200,7.5,496490,0.521,0.08097165991902834,0.4400283400809717
B200,7.5,496491,0.521,0.08097165991902834,0.4400283400809717
B200,7.5,496492,0.5195,0.08082622361921868,0.4386737763807813
B200,7.5,496493,0.52,0.08082622361921868,0.43917377638078137
B200,7.5,496494,0.52,0.08075370121130551,0.4392462987886945
B200,7.5,496495,0.52,0.08078994614003591,0.4392100538599641
B200,7.5,496496,0.52,0.08082622361921868,0.43917377638078137
B200,7.5,496497,0.52,0.081008100810081,0.438991899189919
B200,7.5,496498,0.52,0.08108108108108109,0.43891891891891893
B200,7.5,496499,0.5195,0.081008100810081,0.43849189918991893
B200,7.5,496500,0.5195,0.08093525179856116,0.4385647482014388
B200,7.5,496501,0.5195,0.0811541929666366,0.43834580703336334
B200,7.5,496502,0.5195,0.08,0.43949999999999995
B200,7.5,496503,0.5195,0.0800711743772242,0.43942882562277574
B200,7.5,496504,0.5185,0.07647323436797122,0.44202676563202875
B200,7.5,496505,0.5185,0.07723761926397092,0.441262380736029
B200,7.5,496506,0.5185,0.07737824305871643,0.4411217569412835
B200,7.5,496507,0.518,0.07727272727272727,0.44072727272727275
B200,7.5,496508,0.5175,0.07720254314259764,0.4402974568574023
B200,7.5,496509,0.5175,0.07692307692307693,0.44057692307692303
B200,7.5,496510,0.5055,0.07678410117434509,0.42871589882565486
B200,7.5,496511,0.504,0.07737824305871643,0.42662175694128357
B200,7.5,496512,0.5025,0.07723761926397092,0.425262380736029
B200,7.5,496513,0.501,0.07716749886518386,0.42383250113481613
B200,7.5,496514,0.499,0.07737824305871643,0.42162175694128357
B200,7.5,496515,0.4975,0.08111762054979721,0.4163823794502028
B200,7.5,496516,0.4955,0.08050089445438283,0.41499910554561714
B200,7.5,496517,0.5125,0.08126410835214447,0.4312358916478555
B200,7.5,496518,0.5125,0.08093525179856115,0.4315647482014388
B200,7.5,496519,0.5125,0.08075370121130551,0.4317462987886944
B200,7.5,496520,0.5115,0.08130081300813008,0.4301991869918699
B200,7.5,496521,0.5115,0.081008100810081,0.4304918991899189
B200,7.5,496522,0.5115,0.08035714285714285,0.4311428571428571
B200,7.5,496523,0.5115,0.08050089445438283,0.43099910554561716
B200,7.5,496524,0.508,0.08086253369272237,0.42713746630727767
B200,7.5,496525,0.505,0.08108108108108107,0.4239189189189189
B200,7.5,496526,0.4975,0.07274283269148481,0.4247571673085152
B200,7.5,496527,0.4975,0.07678410117434509,0.4207158988256549
B200,7.5,496528,0.5115,0.07216959855660803,0.4393304014433919
B200,7.5,496529,0.5115,0.07239819004524888,0.43910180995475107
B200,7.5,496530,0.5115,0.07269422989550205,0.4388057701044979
B200,7.5,496531,0.5115,0.07032967032967033,0.44117032967032965
B200,7.5,496532,0.51,0.07479102507699076,0.43520897492300925
B200,7.5,496534,0.5115,0.07498897220996913,0.4365110277900308
B200,7.5,496535,0.5115,0.08248423095584669,0.4290157690441533
B200,7.5,496536,0.499,0.07981220657276997,0.41918779342723
B200,7.5,496537,0.5,0.07709750566893424,0.42290249433106575
B200,7.5,496538,0.5015,0.07692307692307693,0.424576923076923
B200,7.5,496539,0.5,0.07727272727272727,0.42272727272727273
B200,7.5,496540,0.5015,0.07664562669071236,0.4248543733092876
B200,7.5,496541,0.5015,0.07596067917783736,0.4255393208221626
B200,7.5,496542,0.5005,0.08076009501187649,0.41973990498812347
B200,7.5,496543,0.5,0.07981220657276997,0.42018779342723
B200,7.5,496544,0.5,0.07984969469234383,0.4201503053076562
B200,7.5,496545,0.5,0.08011310084825637,0.4198868991517436
B200,7.5,496546,0.5,0.0794021485287249,0.4205978514712751
B200,7.5,496547,0.5,0.07910656119125176,0.42089343880874824
B200,7.5,496548,0.494,0.07884972170686456,0.41515027829313544
B200,7.5,496549,0.493,0.0795507721104352,0.4134492278895648
B200,7.5,496550,0.4915,0.08,0.4115
B200,7.5,496551,0.4925,0.07966260543580132,0.41283739456419866
B200,7.5,496552,0.4925,0.07973733583489681,0.4127626641651032
B200,7.5,496553,0.4915,0.0800376647834275,0.4114623352165725
B200,7.5,496554,0.4925,0.0800376647834275,0.4124623352165725
B200,7.5,496555,0.4925,0.08015087223008016,0.41234912776991983
B200,7.5,496556,0.4925,0.07996237064910632,0.41253762935089366
B200,7.5,496557,0.4925,0.07984969469234383,0.4126503053076562
B200,7.5,496558,0.4925,0.0804162724692526,0.4120837275307474
B200,7.5,496559,0.4925,0.08049242424242424,0.41200757575757574
B200,7.5,496560,0.4925,0.08118433619866286,0.4113156638013371
B200,7.5,496561,0.4925,0.08045433033601515,0.4120456696639848
B200,7.5,496562,0.4925,0.08053055423969682,0.41196944576030314
B200,7.5,496563,0.4925,0.08064516129032258,0.41185483870967743
B200,7.5,496564,0.4925,0.08068343616516374,0.4118165638348362
B200,7.5,496565,0.4925,0.08426966292134831,0.4082303370786517
B200,7.5,496566,0.4925,0.0841514726507714,0.4083485273492286
B200,7.5,496567,0.4925,0.08387698042870456,0.40862301957129543
B200,7.5,496568,0.493,0.0839160839160839,0.4090839160839161
B200,7.5,496569,0.4915,0.08368200836820085,0.40781799163179916
B200,7.5,496570,0.4915,0.08383791336748952,0.40766208663251047
B200,7.5,496571,0.4915,0.08470588235294117,0.4067941176470588
B200,7.5,496572,0.4915,0.08383791336748951,0.40766208663251047
B200,7.5,496573,0.4915,0.08438818565400844,0.40711181434599153
B200,7.5,496574,0.4915,0.08399440037330845,0.40750559962669153
B200,7.5,496575,0.491,0.08458646616541353,0.40641353383458645
B200,7.5,496576,0.4915,0.0839160839160839,0.4075839160839161
B200,7.5,496577,0.4915,0.08368200836820085,0.40781799163179916
B200,7.5,496578,0.4915,0.08419083255378859,0.4073091674462114
B200,7.5,496579,0.4915,0.08434864104967198,0.407151358950328
B200,7.5,496580,0.4915,0.0839160839160839,0.4075839160839161
B200,7.5,496581,0.4915,0.0847856806406029,0.40671431935939706
B200,7.5,496582,0.4915,0.08526764566556133,0.40623235433443866
B200,7.5,496583,0.4915,0.08514664143803218,0.4063533585619678
B200,7.5,496584,0.4915,0.08510638297872339,0.40639361702127663
B200,7.5,496585,0.4925,0.08486562942008487,0.40763437057991514
B200,7.5,496586,0.492,0.08454673555659933,0.4074532644434007
B200,7.5,496587,0.492,0.08329477093937991,0.40870522906062007
B200,7.5,496588,0.493,0.0839160839160839,0.4090839160839161
B200,7.5,496589,0.493,0.08337193144974525,0.40962806855025474
B200,7.5,496590,0.493,0.08337193144974525,0.40962806855025474
B200,7.5,496591,0.493,0.08337193144974525,0.40962806855025474
B200,7.5,496592,0.493,0.08337193144974525,0.40962806855025474
B200,7.5,496593,0.4935,0.08287292817679558,0.4106270718232044
B200,7.5,496594,0.4945,0.08325624421831637,0.4112437557816836
B200,7.5,496595,0.495,0.08356545961002786,0.4114345403899721
B200,7.5,496596,0.4965,0.08368200836820085,0.41281799163179916
B200,7.5,496597,0.501,0.0839160839160839,0.4170839160839161
B200,7.5,496598,0.5005,0.08411214953271028,0.41638785046728966
B200,7.5,496599,0.4995,0.08458646616541353,0.41491353383458646
B200,7.5,496600,0.5,0.08344923504867871,0.41655076495132126
B200,7.5,496601,0.5005,0.08430913348946137,0.4161908665105386
B200,7.5,496602,0.5015,0.08430913348946137,0.4171908665105386
B200,7.5,496603,0.4995,0.08379888268156424,0.41570111731843573
B200,7.5,496604,0.5005,0.08298755186721991,0.41751244813278005
B200,7.5,496605,0.496,0.08434864104967198,0.411651358950328
B200,7.5,496606,0.4995,0.08415147265077137,0.4153485273492286
B200,7.5,496607,0.495,0.08415147265077137,0.4108485273492286
B200,7.5,496608,0.4975,0.08559201141226817,0.4119079885877318
B200,7.5,496609,0.4995,0.08438818565400844,0.41511181434599154
B200,7.5,496610,0.4895,0.08563273073263558,0.4038672692673644
B200,7.5,496611,0.5005,0.08595988538681949,0.41454011461318047
B200,7.5,496612,0.503,0.08510638297872339,0.4178936170212766
B200,7.5,496613,0.5035,0.08600095556617296,0.417499044433827
B200,7.5,496614,0.5185,0.08658008658008656,0.4319199134199134
B200,7.5,496615,0.538,0.08526764566556135,0.4527323543344387
B200,7.5,496616,0.536,0.08470588235294117,0.45129411764705885
B200,7.5,496617,0.523,0.08526764566556135,0.4377323543344387
B200,7.5,496618,0.536,0.08750607681088965,0.4484939231891104
B200,7.5,496619,0.5245,0.08522727272727272,0.43927272727272726
B200,7.5,496620,0.5315,0.08674698795180721,0.44475301204819273
B200,7.5,496621,0.536,0.08637236084452975,0.44962763915547027
B200,7.5,496622,0.524,0.08695652173913043,0.4370434782608696
B200,7.5,496623,0.538,0.08526764566556135,0.4527323543344387
B200,7.5,496624,0.5375,0.08555133079847908,0.4519486692015209
B200,7.5,496625,0.5335,0.08662175168431184,0.4468782483156881
B200,7.5,496626,0.527,0.08530805687203792,0.4416919431279621
B200,7.5,496627,0.535,0.0857551214864221,0.4492448785135779
B200,7.5,496628,0.5345,0.09125840537944285,0.4432415946205571
B200,7.5,496629,0.531,0.0911708253358925,0.43982917466410754
B200,7.5,496630,0.537,0.09125840537944285,0.4457415946205572
B200,7.5,496631,0.5385,0.0911708253358925,0.4473291746641075
B200,7.5,496632,0.4945,0.08962264150943396,0.40487735849056605
B200,7.5,496633,0.505,0.08949599623174752,0.4155040037682525
B200,7.5,496634,0.506,0.08871365204534254,0.41728634795465747
B200,7.5,496635,0.51,0.0896414342629482,0.4203585657370518
B200,7.5,496636,0.517,0.08906481939633845,0.42793518060366154
B200,7.5,496637,0.5175,0.08937437934458789,0.42812562065541204
B200,7.5,496638,0.519,0.0875912408759124,0.4314087591240876
B200,7.5,496639,0.5255,0.08941877794336811,0.43608122205663186
B200,7.5,496640,0.528,0.08845208845208845,0.43954791154791156
B200,7.5,496641,0.5335,0.08845208845208845,0.4450479115479115
B200,7.5,496642,0.5365,0.08915304606240712,0.44734695393759283
B200,7.5,496643,0.5385,0.08583690987124463,0.45266309012875533
B200,7.5,496644,0.539,0.08750607681088965,0.4514939231891104
B200,7.5,496645,0.5045,0.08583690987124463,0.4186630901287553
B200,7.5,496646,0.507,0.08793356130923301,0.419066438690767
B200,7.5,496647,0.5095,0.08683068017366136,0.4226693198263386
B200,7.5,496648,0.514,0.0854295206454675,0.4285704793545325
B200,7.5,496649,0.513,0.08720930232558138,0.42579069767441863
B200,7.5,496650,0.5165,0.08478568064060292,0.431714319359397
B200,7.5,496651,0.5175,0.08595988538681949,0.4315401146131805
B200,7.5,496652,0.521,0.08658008658008656,0.4344199134199135
B200,7.5,496653,0.52,0.08737864077669902,0.432621359223301
B200,7.5,496654,0.5205,0.08674698795180721,0.4337530120481927
B200,7.5,496655,0.523,0.08678881388621022,0.4362111861137898
B200,7.5,496656,0.52,0.08666345690900337,0.4333365430909967
B200,7.5,496657,0.517,0.08670520231213873,0.4302947976878613
B200,7.5,496658,0.5145,0.08729388942774007,0.4272061105722599
B200,7.5,496659,0.5165,0.08620689655172413,0.4302931034482758
B200,7.5,496660,0.518,0.08810572687224669,0.4298942731277533
B200,7.5,496661,0.5175,0.08666345690900337,0.4308365430909966
B200,7.5,496662,0.5175,0.08534850640113797,0.43215149359886196
B200,7.5,496663,0.523,0.0855920114122682,0.43740798858773183
B200,7.5,496664,0.524,0.08620689655172413,0.4377931034482759
B200,7.5,496665,0.5245,0.08547008547008547,0.43902991452991447
B200,7.5,496666,0.5245,0.08559201141226817,0.4389079885877318
B200,7.5,496667,0.5245,0.0847856806406029,0.4397143193593971
B200,7.5,496668,0.5245,0.08587786259541984,0.4386221374045801
B200,7.5,496669,0.502,0.08514664143803218,0.4168533585619678
B200,7.5,496670,0.4995,0.08506616257088846,0.41443383742911155
B200,7.5,496671,0.5005,0.08514664143803218,0.41535335856196776
B200,7.5,496672,0.497,0.08542952064546748,0.4115704793545325
B200,7.5,496673,0.495,0.08514664143803218,0.4098533585619678
B200,7.5,496674,0.5095,0.08514664143803218,0.42435335856196776
H100,3.5,495931,0.58,0.16049382716049382,0.41950617283950614
H100,3.5,495932,0.55,0.16092436974789917,0.3890756302521009
H100,3.5,495933,0.535,0.1410424879544459,0.3939575120455541
H100,3.5,495934,0.55,0.13312555654496883,0.4168744434550312
H100,3.5,495935,0.58,0.17571059431524547,0.40428940568475447
H100,3.5,495936,0.58,0.14053579270970576,0.43946420729029423
H100,3.5,495937,0.58,0.13902771467514766,0.44097228532485233
H100,3.5,495938,0.58,0.1351111111111111,0.4448888888888889
H100,3.5,495939,0.58,0.13846153846153844,0.44153846153846155
H100,3.5,495940,0.58,0.1358744394618834,0.4441255605381166
H100,3.5,495941,0.58,0.13904931141714794,0.440950688582852
H100,3.5,495942,0.58,0.13203266787658802,0.44796733212341194
H100,3.5,495943,0.58,0.11936936936936939,0.4606306306306306
H100,3.5,495944,0.58,0.11656165616561656,0.4634383438343834
H100,3.5,495945,0.58,0.11724452554744524,0.4627554744525547
H100,3.5,495946,0.585,0.1309255079006772,0.45407449209932277
H100,3.5,495947,0.585,0.13107241063244732,0.4539275893675526
H100,3.5,495948,0.585,0.14814814814814817,0.4368518518518518
H100,3.5,495949,0.585,0.16079105760963025,0.4242089423903697
H100,3.5,495950,0.585,0.14939024390243902,0.4356097560975609
H100,3.5,495951,0.585,0.15880370682392586,0.4261962931760741
H100,3.5,495952,0.585,0.14553990610328638,0.4394600938967136
H100,3.5,495953,0.585,0.13968120805369127,0.4453187919463087
H100,3.5,495954,0.585,0.13026140894993352,0.4547385910500664
H100,3.5,495955,0.585,0.16424116424116425,0.4207588357588357
H100,3.5,495956,0.585,0.11994547932757837,0.4650545206724216
H100,3.5,495957,0.585,0.12139257901969767,0.4636074209803023
H100,3.5,495958,0.585,0.1148148148148148,0.47018518518518515
H100,3.5,495959,0.615,0.11384758364312267,0.5011524163568774
H100,3.5,495960,0.615,0.10272045028142589,0.5122795497185741
H100,3.5,495961,0.615,0.10174281676872352,0.5132571832312764
H100,3.5,495962,0.615,0.10014170996693433,0.5148582900330656
H100,3.5,495963,0.615,0.09891150023663038,0.5160884997633696
H100,3.5,495964,0.615,0.0980952380952381,0.5169047619047619
H100,3.5,495965,0.615,0.09772296015180267,0.5172770398481973
H100,3.5,495966,0.615,0.11658151416627961,0.4984184858337204
H100,3.5,495967,0.62,0.11800373134328358,0.5019962686567164
H100,3.5,495968,0.62,0.11034164358264081,0.5096583564173591
H100,3.5,495969,0.62,0.11979648473635524,0.5002035152636448
H100,3.5,495970,0.62,0.11100875172731461,0.5089912482726854
H100,3.5,495971,0.62,0.13821138211382114,0.4817886178861789
H100,3.5,495972,0.62,0.13039485766758496,0.48960514233241503
H100,3.5,495973,0.62,0.1659919028340081,0.4540080971659919
H100,3.5,495974,0.615,0.19209751996637242,0.42290248003362757
H100,3.5,495975,0.615,0.2517482517482517,0.3632517482517483
H100,3.5,495976,0.615,0.20686963309914133,0.4081303669008587
H100,3.5,495977,0.615,0.15634095634095635,0.45865904365904364
H100,3.5,495978,0.615,0.15450277422108408,0.46049722577891594
H100,3.5,495979,0.615,0.18455663979635129,0.4304433602036487
H100,3.5,495980,0.615,0.18162751677852348,0.4333724832214765
H100,3.5,495981,0.61,0.1669505962521295,0.4430494037478705
H100,3.5,495982,0.61,0.17471958584987057,0.4352804141501294
H100,3.5,495983,0.615,0.2093119077049856,0.4056880922950144
H100,3.5,495984,0.61,0.16479723899913717,0.4452027610008628
H100,3.5,495985,0.61,0.17301038062283738,0.43698961937716263
H100,3.5,495986,0.615,0.15398469158036918,0.4610153084196308
H100,3.5,495987,0.615,0.14759825327510917,0.4674017467248908
H100,3.5,495988,0.615,0.1518209741114524,0.4631790258885476
H100,3.5,495989,0.615,0.13259423503325943,0.4824057649667406
H100,3.5,495990,0.62,0.1257562662057044,0.4942437337942956
H100,3.5,495991,0.62,0.1479185119574845,0.4720814880425155
H100,3.5,495992,0.62,0.14223002633889376,0.47776997366110624
H100,3.5,495993,0.62,0.14179431072210066,0.4782056892778993
H100,3.5,495994,0.62,0.14229249011857706,0.47770750988142296
H100,3.5,495995,0.615,0.13947481704692208,0.4755251829530779
H100,3.5,495996,0.62,0.14504820333041193,0.4749517966695881
H100,3.5,495997,0.62,0.13362637362637364,0.48637362637362636
H100,3.5,495998,0.62,0.12910284463894967,0.49089715536105033
H100,3.5,495999,0.62,0.12334399269072636,0.4966560073092736
H100,3.5,496000,0.615,0.12923076923076923,0.48576923076923073
H100,3.5,496001,0.62,0.14473684210526314,0.47526315789473683
H100,3.5,496002,0.62,0.17009182334936598,0.449908176650634
H100,3.5,496003,0.615,0.17232260907888938,0.4426773909211106
H100,3.5,496004,0.62,0.17765168048886948,0.4423483195111305
H100,3.5,496005,0.62,0.1595977262789681,0.46040227372103193
H100,3.5,496006,0.62,0.1660113586719091,0.4539886413280909
H100,3.5,496007,0.62,0.16051011433597184,0.45948988566402815
H100,3.5,496008,0.62,0.18645558487247144,0.43354441512752856
H100,3.5,496009,0.62,0.155225185832969,0.46477481416703104
H100,3.5,496010,0.62,0.16086381665932128,0.45913618334067874
H100,3.5,496011,0.62,0.16216216216216217,0.4578378378378378
H100,3.5,496012,0.62,0.1490481976508708,0.4709518023491292
H100,3.5,496013,0.62,0.21247113163972284,0.40752886836027713
H100,3.5,496014,0.62,0.17501017501017502,0.444989824989825
H100,3.5,496015,0.62,0.15400755350398657,0.46599244649601346
H100,3.5,496016,0.615,0.12838427947598252,0.48661572052401747
H100,3.5,496017,0.615,0.11762054979720596,0.49737945020279406
H100,3.5,496018,0.615,0.12668350168350168,0.4883164983164983
H100,3.5,496019,0.615,0.13076923076923078,0.48423076923076924
H100,3.5,496020,0.615,0.1576017130620985,0.4573982869379015
H100,3.5,496021,0.615,0.2925097621583244,0.3224902378416756
H100,3.5,496022,0.615,0.1723563696919234,0.44264363030807663
H100,3.5,496023,0.595,0.16221939855993225,0.4327806014400677
H100,3.5,496024,0.595,0.13053196244970944,0.46446803755029054
H100,3.5,496025,0.605,0.1415719696969697,0.46342803030303026
H100,3.5,496026,0.62,0.1396011396011396,0.4803988603988604
H100,3.5,496027,0.595,0.1456825856246985,0.4493174143753015
H100,3.5,496028,0.62,0.15556612749762133,0.46443387250237866
H100,3.5,496029,0.615,0.15829383886255927,0.4567061611374407
H100,3.5,496030,0.615,0.15786970993818353,0.4571302900618165
H100,3.5,496031,0.61,0.1531573986804901,0.4568426013195099
H100,3.5,496032,0.61,0.15122873345935728,0.4587712665406427
H100,3.5,496033,0.615,0.15105882352941177,0.4639411764705882
H100,3.5,496034,0.62,0.15322960867515323,0.46677039132484677
H100,3.5,496035,0.62,0.1483568075117371,0.4716431924882629
H100,3.5,496036,0.615,0.14814814814814814,0.46685185185185185
H100,3.5,496037,0.62,0.2129424778761062,0.4070575221238938
H100,3.5,496038,0.625,0.19092945128779396,0.4340705487122061
H100,3.5,496039,0.625,0.2025040827436037,0.4224959172563963
H100,3.5,496040,0.625,0.21044045676998369,0.4145595432300163
H100,3.5,496041,0.625,0.20658036677454153,0.4184196332254585
H100,3.5,496042,0.625,0.21171413218699625,0.41328586781300375
H100,3.5,496043,0.62,0.21811361200428722,0.40188638799571275
H100,3.5,496044,0.62,0.24479166666666666,0.37520833333333337
H100,3.5,496045,0.62,0.29889879391714735,0.32110120608285264
H100,3.5,496046,0.62,0.3183183183183183,0.3016816816816817
H100,3.5,496047,0.62,0.31738035264483627,0.3026196473551637
H100,3.5,496048,0.62,0.25998905309250137,0.36001094690749863
H100,3.5,496049,0.625,0.2858633281168493,0.3391366718831507
H100,3.5,496050,0.62,0.2956167176350663,0.3243832823649337
H100,3.5,496051,0.62,0.283484390735146,0.336515609264854
H100,3.5,496052,0.62,0.2799178222907036,0.3400821777092964
H100,3.5,496053,0.62,0.2774655084312723,0.3425344915687277
H100,3.5,496054,0.62,0.2801833927661742,0.3398166072338258
H100,3.5,496055,0.62,0.2881177707676131,0.3318822292323869
H100,3.5,496056,0.62,0.28183118741058655,0.33816881258941345
H100,3.5,496057,0.635,0.1922861934041364,0.44271380659586357
H100,3.5,496058,0.645,0.21731936017650302,0.427680639823497
H100,3.5,496059,0.64,0.20565832426550598,0.434341675734494
H100,3.5,496060,0.63,0.21734417344173443,0.4126558265582656
H100,3.5,496061,0.63,0.21222040370976542,0.4177795962902346
H100,3.5,496062,0.63,0.21762493283181086,0.41237506716818917
H100,3.5,496063,0.64,0.220855614973262,0.419144385026738
H100,3.5,496064,0.63,0.21736785329018338,0.4126321467098166
H100,3.5,496065,0.625,0.21305285868392665,0.41194714131607335
H100,3.5,496066,0.625,0.21790722761596548,0.4070927723840345
H100,3.5,496067,0.625,0.21630434782608696,0.408695652173913
H100,3.5,496068,0.635,0.2184466019417476,0.4165533980582524
H100,3.5,496069,0.635,0.2222222222222222,0.4127777777777778
H100,3.5,496070,0.635,0.2203485103991006,0.41465148960089937
H100,3.5,496071,0.625,0.2267637178051512,0.3982362821948488
H100,3.5,496072,0.64,0.21915492957746477,0.4208450704225353
H100,3.5,496073,0.64,0.21748515920129521,0.4225148407987048
H100,3.5,496074,0.64,0.21606948968512488,0.42393051031487516
H100,3.5,496075,0.64,0.2221018418201517,0.4178981581798483
H100,3.5,496076,0.64,0.2109331860850359,0.42906681391496415
H100,3.5,496077,0.64,0.21401412275936993,0.4259858772406301
H100,3.5,496078,0.63,0.21315068493150685,0.41684931506849315
H100,3.5,496079,0.635,0.21058374249863612,0.4244162575013639
H100,3.5,496080,0.635,0.21544276457883368,0.4195572354211663
H100,3.5,496081,0.62,0.21725067385444746,0.40274932614555253
H100,3.5,496082,0.62,0.22096164235548355,0.39903835764451645
H100,3.5,496083,0.62,0.21243243243243243,0.40756756756756757
H100,3.5,496084,0.645,0.21725067385444746,0.42774932614555256
H100,3.5,496085,0.635,0.21390086206896552,0.4210991379310345
H100,3.5,496086,0.63,0.2192887931034483,0.4107112068965517
H100,3.5,496087,0.64,0.21066956995100708,0.42933043004899296
H100,3.5,496088,0.62,0.20926430517711173,0.4107356948228883
H100,3.5,496089,0.62,0.20360824742268044,0.41639175257731953
H100,3.5,496090,0.625,0.2033898305084746,0.4216101694915254
H100,3.5,496091,0.625,0.2059436913451512,0.4190563086548488
H100,3.5,496092,0.63,0.21117021276595743,0.41882978723404257
H100,3.5,496093,0.63,0.21038685744568097,0.41961314255431903
H100,3.5,496094,0.64,0.20693277310924368,0.43306722689075633
H100,3.5,496095,0.64,0.2088374539715939,0.4311625460284061
H100,3.5,496096,0.64,0.20689655172413793,0.4331034482758621
H100,3.5,496097,0.64,0.2085308056872038,0.4314691943127962
H100,3.5,496098,0.62,0.22110552763819097,0.398894472361809
H100,3.5,496099,0.605,0.18857142857142858,0.41642857142857137
H100,3.5,496100,0.61,0.18829636621047663,0.42170363378952336
H100,3.5,496101,0.615,0.18889416231608921,0.42610583768391075
H100,3.5,496102,0.615,0.18804243008678884,0.42695756991321115
H100,3.5,496103,0.61,0.1791936286709806,0.4308063713290194
H100,3.5,496104,0.615,0.18131313131313131,0.4336868686868687
H100,3.5,496105,0.62,0.1779324055666004,0.4420675944333996
H100,3.5,496106,0.61,0.15933572710951524,0.4506642728904847
H100,3.5,496107,0.61,0.1620752984389348,0.4479247015610652
H100,3.5,496108,0.61,0.16819012797074953,0.4418098720292505
H100,3.5,496109,0.63,0.1672760511882998,0.4627239488117002
H100,3.5,496110,0.645,0.1669793621013133,0.4780206378986867
H100,3.5,496111,0.655,0.17474302496328925,0.4802569750367108
H100,3.5,496112,0.675,0.17730844793713163,0.4976915520628684
H100,3.5,496113,0.675,0.1727923627684964,0.5022076372315036
H100,3.5,496114,0.675,0.17456479690522242,0.5004352030947776
H100,3.5,496115,0.645,0.19364303178484107,0.4513569682151589
H100,3.5,496116,0.68,0.19458128078817735,0.48541871921182267
H100,3.5,496117,0.77,0.18406729341909947,0.5859327065809006
H100,3.5,496118,0.745,0.18306412139011258,0.5619358786098874
H100,3.5,496119,0.75,0.18359375,0.56640625
H100,3.5,496120,0.725,0.1782982791586998,0.5467017208413002
H100,3.5,496121,0.77,0.1821724305893814,0.5878275694106186
H100,3.5,496122,0.795,0.18893783651492901,0.606062163485071
H100,3.5,496123,0.75,0.19251336898395724,0.5574866310160428
H100,3.5,496124,0.75,0.19325301204819276,0.5567469879518072
H100,3.5,496125,0.685,0.19478008699855004,0.49021991300145
H100,3.5,496126,0.745,0.19668938656280427,0.5483106134371958
H100,3.5,496127,0.715,0.19783464566929135,0.5171653543307086
H100,3.5,496128,0.775,0.24257651895842852,0.5324234810415716
H100,3.5,496129,0.715,0.24893917963224896,0.466060820367751
H100,3.5,496130,0.79,0.24597156398104267,0.5440284360189573
H100,3.5,496131,0.715,0.25453677172874883,0.46046322827125113
H100,3.5,496132,0.73,0.24820659971305595,0.48179340028694406
H100,3.5,496133,0.695,0.24154359218675558,0.45345640781324437
H100,3.5,496134,0.685,0.2482302973100519,0.4367697026899482
H100,3.5,496135,0.69,0.24041159962581854,0.4495884003741814
H100,3.5,496136,0.695,0.24031365313653136,0.4546863468634686
H100,3.5,496137,0.705,0.23626115547205262,0.46873884452794734
H100,3.5,496138,0.72,0.2309043020193152,0.48909569798068475
H100,3.5,496139,0.735,0.2334664891256103,0.5015335108743897
H100,3.5,496140,0.73,0.22942969090117543,0.5005703090988245
H100,3.5,496141,0.72,0.23757904245709124,0.4824209575429087
H100,3.5,496142,0.72,0.22999562745955401,0.49000437254044593
H100,3.5,496143,0.725,0.2106218792555606,0.5143781207444393
H100,3.5,496144,0.615,0.20910698496905392,0.4058930150309461
H100,3.5,496145,0.6,0.19576003608479928,0.4042399639152007
H100,3.5,496146,0.6,0.1971896955503513,0.4028103044496487
H100,3.5,496147,0.6,0.1952799629801018,0.40472003701989817
H100,3.5,496148,0.58,0.24295302013422823,0.3370469798657717
H100,3.5,496149,0.6,0.21824104234527686,0.3817589576547231
H100,3.5,496150,0.585,0.1951909476661952,0.38980905233380475
H100,3.5,496151,0.6,0.3402317880794702,0.2597682119205298
H100,3.5,496152,0.58,0.22222222222222227,0.3577777777777777
H100,3.5,496153,0.585,0.19389671361502347,0.3911032863849765
H100,3.5,496154,0.58,0.1966507177033493,0.38334928229665066
H100,3.5,496155,0.59,0.24520547945205476,0.34479452054794524
H100,3.5,496156,0.57,0.23639774859287052,0.3336022514071294
H100,3.5,496157,0.57,0.2171199286669639,0.35288007133303606
H100,3.5,496158,0.575,0.22840034217279725,0.3465996578272027
H100,3.5,496159,0.61,0.2545054945054945,0.3554945054945055
H100,3.5,496160,0.565,0.24489795918367346,0.3201020408163265
H100,3.5,496161,0.575,0.26641998149861246,0.3085800185013875
H100,3.5,496162,0.59,0.23197343453510436,0.35802656546489564
H100,3.5,496163,0.59,0.23858341099720412,0.3514165890027958
H100,3.5,496164,0.59,0.21521425132402505,0.3747857486759749
H100,3.5,496165,0.57,0.2139011257953989,0.35609887420460107
H100,3.5,496166,0.595,0.2009925558312655,0.39400744416873446
H100,3.5,496167,0.6,0.23868312757201646,0.3613168724279835
H100,3.5,496168,0.595,0.23850868232890704,0.35649131767109293
H100,3.5,496169,0.575,0.2442348008385744,0.33076519916142555
H100,3.5,496170,0.68,0.23828920570264764,0.4417107942973524
H100,3.5,496171,0.675,0.237108190091001,0.437891809908999
H100,3.5,496172,0.655,0.22984065668759052,0.4251593433124095
H100,3.5,496173,0.62,0.22058823529411764,0.39941176470588236
H100,3.5,496174,0.64,0.24845995893223818,0.39154004106776186
H100,3.5,496175,0.635,0.2498709344346928,0.38512906556530724
H100,3.5,496176,0.615,0.24875124875124877,0.3662487512487512
H100,3.5,496177,0.595,0.232670867668444,0.36232913233155595
H100,3.5,496178,0.645,0.22684752104770814,0.4181524789522919
H100,3.5,496179,0.625,0.22699673049976646,0.39800326950023357
H100,3.5,496180,0.62,0.22933208780943484,0.3906679121905652
H100,3.5,496181,0.6,0.24268415741675076,0.3573158425832492
H100,3.5,496182,0.65,0.24253164556962023,0.40746835443037976
H100,3.5,496183,0.625,0.22200678623364029,0.4029932137663597
H100,3.5,496184,0.685,0.23354156655454109,0.451458433445459
H100,3.5,496185,0.655,0.21570528356761995,0.43929471643238005
H100,3.5,496186,0.625,0.20887991927346114,0.41612008072653883
H100,3.5,496187,0.62,0.21654749744637386,0.40345250255362614
H100,3.5,496188,0.59,0.23680241327300147,0.3531975867269985
H100,3.5,496189,0.58,0.23734643734643732,0.3426535626535626
H100,3.5,496190,0.575,0.24080431584109854,0.33419568415890144
H100,3.5,496191,0.575,0.23119358074222665,0.34380641925777333
H100,3.5,496192,0.575,0.2257085020242915,0.34929149797570846
H100,3.5,496193,0.575,0.23351786612984396,0.341482133870156
H100,3.5,496194,0.56,0.2127031019202363,0.3472968980797637
H100,3.5,496195,0.66,0.24893314366998578,0.4110668563300143
H100,3.5,496196,0.63,0.2427719137218908,0.38722808627810923
H100,3.5,496197,0.6,0.3311394487865076,0.2688605512134924
H100,3.5,496198,0.59,0.16807469986660736,0.4219253001333926
H100,3.5,496199,0.58,0.19091751621872102,0.38908248378127896
H100,3.5,496200,0.58,0.1798917944093778,0.40010820559062216
H100,3.5,496201,0.68,0.1680478821362799,0.5119521178637201
H100,3.5,496202,0.64,0.1640838650865998,0.47591613491340024
H100,3.5,496203,0.63,0.18777876895628903,0.44222123104371097
H100,3.5,496204,0.59,0.18149623727312972,0.4085037627268703
H100,3.5,496205,0.575,0.16995865870463941,0.4050413412953605
H100,3.5,496206,0.61,0.1527967257844475,0.4572032742155525
H100,3.5,496207,0.58,0.14742126882701964,0.4325787311729803
H100,3.5,496208,0.595,0.15363511659807957,0.44136488340192037
H100,3.5,496209,0.62,0.15341701534170155,0.46658298465829845
H100,3.5,496210,0.605,0.15711645101663585,0.44788354898336413
H100,3.5,496211,0.6,0.15606407322654464,0.44393592677345534
H100,3.5,496212,0.67,0.1573650503202196,0.5126349496797804
H100,3.5,496213,0.65,0.16575591985428054,0.4842440801457195
H100,3.5,496214,0.63,0.18084611808461182,0.4491538819153882
H100,3.5,496215,0.64,0.15916473317865432,0.4808352668213457
H100,3.5,496216,0.62,0.1549165120593692,0.4650834879406308
H100,3.5,496217,0.625,0.14609929078014183,0.47890070921985817
H100,3.5,496218,0.625,0.1490566037735849,0.4759433962264151
H100,3.5,496219,0.625,0.16995865870463941,0.45504134129536056
H100,3.5,496220,0.625,0.1730593607305936,0.4519406392694064
H100,3.5,496221,0.615,0.173689138576779,0.44131086142322096
H100,3.5,496222,0.605,0.1755270394133822,0.42947296058661777
H100,3.5,496223,0.6,0.17195402298850576,0.4280459770114942
H100,3.5,496224,0.61,0.17259120673526662,0.43740879326473336
H100,3.5,496225,0.6,0.19999999999999998,0.4
H100,3.5,496226,0.605,0.20063405797101447,0.4043659420289855
H100,3.5,496227,0.6,0.20036264732547598,0.399637352674524
H100,3.5,496228,0.595,0.196577243293247,0.398422756706753
H100,3.5,496229,0.595,0.19651056014692378,0.39848943985307617
H100,3.5,496230,0.635,0.1940503432494279,0.44094965675057207
H100,3.5,496231,0.63,0.18944954128440364,0.4405504587155964
H100,3.5,496232,0.605,0.1967517401392111,0.4082482598607889
H100,3.5,496233,0.625,0.20642201834862384,0.41857798165137616
H100,3.5,496234,0.6,0.19423791821561337,0.4057620817843866
H100,3.5,496235,0.66,0.19135234590616376,0.46864765409383624
H100,3.5,496236,0.665,0.1967287596547024,0.46827124034529766
H100,3.5,496237,0.655,0.27935222672064774,0.3756477732793523
H100,3.5,496238,0.655,0.2344306049822064,0.42056939501779367
H100,3.5,496239,0.64,0.27303465765004226,0.36696534234995776
H100,3.5,496240,0.605,0.24362357080035182,0.3613764291996482
H100,3.5,496241,0.645,0.19174871073605249,0.45325128926394753
H100,3.5,496242,0.605,0.1820781696854147,0.4229218303145853
H100,3.5,496243,0.615,0.1898320895522388,0.4251679104477612
H100,3.5,496244,0.665,0.18506341005166746,0.47993658994833255
H100,3.5,496245,0.685,0.18468045112781956,0.5003195488721806
H100,3.5,496246,0.66,0.18503021850302187,0.47496978149697816
H100,3.5,496247,0.7,0.1824134705332086,0.5175865294667914
H100,3.5,496248,0.71,0.1845937059652419,0.525406294034758
H100,3.5,496249,0.675,0.18497652582159627,0.49002347417840375
H100,3.5,496250,0.645,0.14167393199651263,0.5033260680034874
H100,3.5,496251,0.695,0.17929179740026893,0.515708202599731
H100,3.5,496252,0.7,0.1839856050382366,0.5160143949617634
H100,3.5,496253,0.68,0.17090734517522804,0.5090926548247721
H100,3.5,496254,0.73,0.20659238625812443,0.5234076137418755
H100,3.5,496255,0.72,0.1841620626151013,0.5358379373848987
H100,3.5,496256,0.69,0.19555353901996375,0.4944464609800362
H100,3.5,496257,0.71,0.178687761749651,0.531312238250349
H100,3.5,496258,0.72,0.16953762466001812,0.5504623753399819
H100,3.5,496259,0.69,0.17759181775918179,0.5124081822408182
H100,3.5,496260,0.695,0.19708693673190714,0.4979130632680928
H100,3.5,496261,0.705,0.19069343065693428,0.5143065693430657
H100,3.5,496262,0.73,0.1767981438515081,0.5532018561484919
H100,3.5,496263,0.725,0.1719626168224299,0.5530373831775701
H100,3.5,496264,0.725,0.1731399157697707,0.5518600842302293
H100,3.5,496265,0.73,0.16878830740216877,0.5612116925978312
H100,3.5,496266,0.73,0.17668997668997669,0.5533100233100233
H100,3.5,496267,0.705,0.17739694302918016,0.5276030569708198
H100,3.5,496268,0.705,0.16674561819043104,0.5382543818095689
H100,3.5,496269,0.7,0.1796911558259242,0.5203088441740757
H100,3.5,496270,0.695,0.18333333333333332,0.5116666666666666
H100,3.5,496271,0.695,0.18729866543948456,0.5077013345605154
H100,3.5,496272,0.665,0.18287037037037035,0.4821296296296297
H100,3.5,496273,0.655,0.17603344170924293,0.47896655829075707
H100,3.5,496274,0.67,0.1575178997613365,0.5124821002386635
H100,3.5,496275,0.66,0.16165413533834586,0.4983458646616542
H100,3.5,496276,0.725,0.178687761749651,0.5463122382503489
H100,3.5,496277,0.695,0.28351559335763465,0.4114844066423653
H100,3.5,496278,0.7,0.3054574008637613,0.3945425991362387
H100,3.5,496279,0.675,0.19688644688644688,0.4781135531135532
H100,3.5,496280,0.72,0.1958997722095672,0.5241002277904327
H100,3.5,496281,0.675,0.1859825927622538,0.4890174072377462
H100,3.5,496282,0.655,0.18625174175568973,0.4687482582443103
H100,3.5,496283,0.675,0.2076923076923077,0.4673076923076923
H100,3.5,496284,0.65,0.20872274143302183,0.4412772585669782
H100,3.5,496285,0.69,0.17891373801916935,0.5110862619808306
H100,3.5,496286,0.66,0.18881759853345556,0.47118240146654444
H100,3.5,496287,0.715,0.1994572591587517,0.5155427408412483
H100,3.5,496288,0.625,0.1741996233521657,0.4508003766478343
H100,3.5,496289,0.62,0.18715083798882678,0.4328491620111732
H100,3.5,496290,0.625,0.18525345622119815,0.43974654377880185
H100,3.5,496291,0.625,0.17113783533765034,0.45386216466234963
H100,3.5,496292,0.625,0.162593984962406,0.462406015037594
H100,3.5,496293,0.625,0.1728797763280522,0.4521202236719478
H100,3.5,496294,0.62,0.1580199904807235,0.46198000951927654
H100,3.5,496295,0.625,0.1669838249286394,0.4580161750713606
H100,3.5,496296,0.62,0.1627469426152399,0.4572530573847601
H100,3.5,496297,0.615,0.17504655493482307,0.4399534450651769
H100,3.5,496298,0.625,0.1773283160865475,0.44767168391345247
H100,3.5,496299,0.62,0.17783018867924527,0.4421698113207547
H100,3.5,496300,0.625,0.17663683466792277,0.4483631653320772
H100,3.5,496301,0.625,0.17594759007955077,0.44905240992044926
H100,3.5,496302,0.63,0.17704918032786887,0.45295081967213113
H100,3.5,496303,0.63,0.18337975858867225,0.4466202414113277
H100,3.5,496304,0.655,0.17790262172284643,0.4770973782771536
H100,3.5,496305,0.64,0.24331433581762385,0.39668566418237616
H100,3.5,496306,0.745,0.16794258373205742,0.5770574162679426
H100,3.5,496307,0.695,0.18313140726933833,0.5118685927306617
H100,3.5,496308,0.605,0.1704438149197356,0.4345561850802644
H100,3.5,496309,0.605,0.18555240793201136,0.41944759206798865
H100,3.5,496310,0.605,0.18190431075319757,0.4230956892468024
H100,3.5,496311,0.605,0.20677035681610248,0.39822964318389753
H100,3.5,496312,0.625,0.17777777777777778,0.4472222222222222
H100,3.5,496313,0.62,0.18352059925093633,0.43647940074906366
H100,3.5,496314,0.49,0.12721893491124261,0.3627810650887574
H100,3.5,496315,0.46,0.12561576354679804,0.334384236453202
H100,3.5,496316,0.46,0.1257396449704142,0.33426035502958584
H100,3.5,496317,0.47,0.12555391432791727,0.3444460856720827
H100,3.5,496318,0.465,0.12530592266275087,0.33969407733724916
H100,3.5,496319,0.505,0.12409112942317016,0.38090887057682987
H100,3.5,496320,0.635,0.12433220009713455,0.5106677999028655
H100,3.5,496321,0.625,0.12493899463152758,0.5000610053684724
H100,3.5,496322,0.625,0.12685827552031717,0.49814172447968286
H100,3.5,496323,0.625,0.12636273538156592,0.49863726461843405
H100,3.5,496324,0.63,0.12549212598425197,0.504507874015748
H100,3.5,496325,0.63,0.12543039842597148,0.5045696015740285
H100,3.5,496326,0.63,0.12524557956777996,0.5047544204322201
H100,3.5,496327,0.57,0.127808287568647,0.4421917124313529
H100,3.5,496328,0.585,0.12832080200501253,0.45667919799498746
H100,3.5,496329,0.605,0.12812812812812813,0.47687187187187186
H100,3.5,496330,0.625,0.12942366026289182,0.4955763397371082
H100,3.5,496331,0.625,0.1287228672387683,0.4962771327612317
H100,3.5,496332,0.625,0.12981744421906694,0.49518255578093306
H100,3.5,496333,0.625,0.1283987915407855,0.4966012084592145
H100,3.5,496334,0.625,0.13121476166068685,0.49378523833931315
H100,3.5,496335,0.63,0.1279478173607627,0.5020521826392373
H100,3.5,496336,0.625,0.138136511375948,0.486863488624052
H100,3.5,496337,0.625,0.1385116784356328,0.48648832156436717
H100,3.5,496338,0.625,0.13950953678474115,0.48549046321525885
H100,3.5,496339,0.63,0.1398907103825137,0.49010928961748634
H100,3.5,496340,0.625,0.1376889848812095,0.4873110151187905
H100,3.5,496341,0.63,0.137987012987013,0.492012987012987
H100,3.5,496342,0.63,0.13665594855305468,0.4933440514469453
H100,3.5,496343,0.625,0.1391162029459902,0.4858837970540098
H100,3.5,496344,0.625,0.13836136733586543,0.48663863266413454
H100,3.5,496345,0.63,0.13791238507301246,0.49208761492698755
H100,3.5,496346,0.63,0.13687600644122383,0.4931239935587762
H100,3.5,496347,0.6,0.13776337115072934,0.46223662884927064
H100,3.5,496348,0.605,0.13794983642311887,0.4670501635768811
H100,3.5,496349,0.63,0.13655913978494624,0.49344086021505373
H100,3.5,496350,0.605,0.13532232285562068,0.4696776771443793
H100,3.5,496351,0.59,0.13597430406852248,0.45402569593147746
H100,3.5,496352,0.59,0.13648576034390114,0.4535142396560988
H100,3.5,496353,0.59,0.1352502662406816,0.4547497337593184
H100,3.5,496354,0.63,0.13386243386243388,0.4961375661375661
H100,3.5,496355,0.58,0.13343881856540085,0.4465611814345991
H100,3.5,496356,0.59,0.13442277279915657,0.45557722720084337
H100,3.5,496357,0.605,0.13403141361256546,0.47096858638743455
H100,3.5,496358,0.6,0.13302034428794993,0.46697965571205
H100,3.5,496359,0.6,0.132987012987013,0.467012987012987
H100,3.5,496360,0.565,0.13212435233160622,0.4328756476683937
H100,3.5,496361,0.575,0.1320559295701709,0.4429440704298291
H100,3.5,496362,0.57,0.13198757763975155,0.4380124223602484
H100,3.5,496363,0.58,0.13267429760665975,0.44732570239334024
H100,3.5,496364,0.58,0.1319082377476538,0.44809176225234615
H100,3.5,496365,0.58,0.13177083333333334,0.4482291666666666
H100,3.5,496366,0.58,0.1319082377476538,0.44809176225234615
H100,3.5,496367,0.55,0.13126614987080104,0.418733850129199
H100,3.5,496368,0.65,0.13061435209086217,0.5193856479091379
H100,3.5,496369,0.605,0.1312240663900415,0.4737759336099585
H100,3.5,496370,0.605,0.1319082377476538,0.47309176225234617
H100,3.5,496371,0.6,0.1322530057501307,0.4677469942498693
H100,3.5,496372,0.61,0.13259958071278827,0.4774004192872117
H100,3.5,496373,0.605,0.12803643724696356,0.4769635627530364
H100,3.5,496374,0.61,0.18108365019011408,0.4289163498098859
H100,3.5,496375,0.615,0.1657142857142857,0.4492857142857143
H100,3.5,496376,0.615,0.16378482228626323,0.45121517771373676
H100,3.5,496377,0.615,0.15827686350435627,0.4567231364956437
H100,3.5,496378,0.615,0.16102514506769827,0.4539748549323017
H100,3.5,496379,0.615,0.1722328244274809,0.4427671755725191
H100,3.5,496380,0.615,0.17095238095238094,0.444047619047619
H100,3.5,496381,0.615,0.17042726836293803,0.44457273163706196
H100,3.5,496382,0.565,0.17867719644619942,0.38632280355380055
H100,3.5,496383,0.565,0.1766156882091761,0.38838431179082383
H100,3.5,496384,0.555,0.1728994657600777,0.38210053423992235
H100,3.5,496385,0.555,0.17798254122211446,0.3770174587778856
H100,3.5,496386,0.55,0.17399710004833252,0.3760028999516675
H100,3.5,496387,0.545,0.1690278456277479,0.3759721543722522
H100,3.5,496388,0.545,0.162321692080669,0.38267830791933105
H100,3.5,496389,0.55,0.16830225711481844,0.3816977428851816
H100,3.5,496390,0.545,0.17253176930596287,0.3724682306940372
H100,3.5,496391,0.565,0.16864490603363005,0.3963550939663699
H100,3.5,496392,0.565,0.1645383104125737,0.40046168958742623
H100,3.5,496393,0.565,0.16445753559155624,0.4005424644084437
H100,3.5,496394,0.57,0.16748046875,0.40251953124999995
H100,3.5,496395,0.565,0.1698389458272328,0.39516105417276715
H100,3.5,496396,0.565,0.1706601466992665,0.39433985330073346
H100,3.5,496397,0.565,0.17288801571709234,0.3921119842829076
H100,3.5,496398,0.565,0.17001469867711905,0.3949853013228809
H100,3.5,496399,0.56,0.16237623762376238,0.39762376237623764
H100,3.5,496400,0.56,0.16650294695481338,0.3934970530451867
H100,3.5,496401,0.565,0.15839126117179742,0.40660873882820253
H100,3.5,496402,0.565,0.15426587301587302,0.4107341269841269
H100,3.5,496403,0.555,0.15878546540567448,0.39621453459432554
H100,3.5,496404,0.555,0.15497223624432105,0.400027763755679
H100,3.5,496405,0.555,0.16052498738011106,0.394475012619889
H100,3.5,496406,0.56,0.15832068791097623,0.40167931208902385
H100,3.5,496407,0.545,0.16203937405350832,0.3829606259464917
H100,3.5,496408,0.57,0.15934627170582227,0.4106537282941777
H100,3.5,496409,0.575,0.17469204927211646,0.4003079507278835
H100,3.5,496410,0.57,0.1797945205479452,0.39020547945205475
H100,3.5,496411,0.57,0.18573893041978148,0.38426106958021844
H100,3.5,496412,0.575,0.1803666469544648,0.39463335304553515
H100,3.5,496413,0.56,0.18035714285714285,0.37964285714285717
H100,3.5,496414,0.56,0.17534410532615202,0.38465589467384803
H100,3.5,496415,0.555,0.17253521126760565,0.3824647887323944
H100,3.5,496416,0.555,0.17524580682475419,0.37975419317524584
H100,3.5,496417,0.735,0.1728538283062645,0.5621461716937355
H100,3.5,496418,0.67,0.17109826589595376,0.49890173410404626
H100,3.5,496419,0.735,0.17275362318840579,0.5622463768115942
H100,3.5,496420,0.71,0.1780104712041885,0.5319895287958114
H100,3.5,496421,0.715,0.17884278199883108,0.5361572180011689
H100,3.5,496422,0.71,0.17184750733137832,0.5381524926686216
H100,3.5,496423,0.71,0.1764364480557168,0.5335635519442832
H100,3.5,496424,0.695,0.1751018033740547,0.5198981966259453
H100,3.5,496425,0.78,0.17824074074074073,0.6017592592592593
H100,3.5,496426,0.78,0.17722254503195814,0.6027774549680419
H100,3.5,496427,0.78,0.17819460726846426,0.6018053927315358
H100,3.5,496428,0.795,0.1788856304985337,0.6161143695014664
H100,3.5,496429,0.745,0.20363017583664209,0.5413698241633579
H100,3.5,496430,0.765,0.20807627593942793,0.5569237240605721
H100,3.5,496431,0.755,0.2972704714640198,0.4577295285359802
H100,3.5,496432,0.76,0.30931796349663787,0.45068203650336214
H100,3.5,496433,0.73,0.29514563106796116,0.4348543689320388
H100,3.5,496434,0.72,0.2866861030126337,0.4333138969873663
H100,3.5,496435,0.75,0.27263827704356336,0.47736172295643664
H100,3.5,496436,0.745,0.22180974477958237,0.5231902552204176
H100,3.5,496437,0.74,0.20358056265984656,0.5364194373401534
H100,3.5,496438,0.795,0.19168831168831169,0.6033116883116884
H100,3.5,496439,0.72,0.2574209245742092,0.4625790754257908
H100,3.5,496440,0.72,0.256697515830492,0.463302484169508
H100,3.5,496441,0.705,0.2610383309073266,0.44396166909267337
H100,3.5,496442,0.705,0.2601071602532879,0.44489283974671207
H100,3.5,496443,0.75,0.2575976845151954,0.4924023154848046
H100,3.5,496444,0.75,0.26145038167938933,0.48854961832061067
H100,3.5,496446,0.715,0.23765730880929334,0.4773426911907066
H100,3.5,496447,0.695,0.2543352601156069,0.44066473988439303
H100,3.5,496448,0.69,0.25290135396518376,0.4370986460348162
H100,3.5,496449,0.685,0.26006792819019897,0.4249320718098011
H100,3.5,496450,0.65,0.24386724386724384,0.4061327561327562
H100,3.5,496451,0.685,0.22916666666666666,0.4558333333333334
H100,3.5,496452,0.715,0.22662750856583455,0.4883724914341654
H100,3.5,496453,0.715,0.24052478134110788,0.4744752186588921
H100,3.5,496454,0.68,0.23664870161685447,0.4433512983831456
H100,3.5,496455,0.715,0.2342606149341142,0.48073938506588576
H100,3.5,496456,0.745,0.22979552093476144,0.5152044790652386
H100,3.5,496457,0.7,0.2289742343218279,0.47102576567817206
H100,3.5,496458,0.73,0.22720624085811797,0.5027937591418821
H100,3.5,496459,0.705,0.23881322957198442,0.46618677042801554
H100,3.5,496460,0.71,0.2412280701754386,0.4687719298245614
H100,3.5,496461,0.76,0.23923679060665362,0.5207632093933464
H100,3.5,496462,0.725,0.24119373776908024,0.4838062622309197
H100,3.5,496463,0.705,0.24644781969622734,0.45855218030377265
H100,3.5,496464,0.68,0.2236645032451323,0.45633549675486773
H100,3.5,496465,0.725,0.2248995983935743,0.5001004016064257
H100,3.5,496466,0.695,0.22457200402819738,0.47042799597180257
H100,3.5,496467,0.7,0.2068076328004126,0.49319236719958737
H100,3.5,496468,0.695,0.20662868979803212,0.48837131020196783
H100,3.5,496469,0.705,0.20582120582120583,0.4991787941787941
H100,3.5,496470,0.695,0.2087227414330218,0.4862772585669781
H100,3.5,496471,0.675,0.22753074739829707,0.447469252601703
H100,3.5,496472,0.69,0.2269673704414587,0.46303262955854124
H100,3.5,496473,0.7,0.2368922783603432,0.46310772163965674
H100,3.5,496474,0.655,0.23076923076923075,0.4242307692307693
H100,3.5,496475,0.67,0.22583732057416267,0.44416267942583737
H100,3.5,496476,0.67,0.21764141898370087,0.45235858101629917
H100,3.5,496477,0.67,0.19792182088075214,0.4720781791192479
H100,3.5,496478,0.67,0.19513406156901686,0.4748659384309832
H100,3.5,496479,0.67,0.19751243781094527,0.47248756218905474
H100,3.5,496480,0.67,0.29289428076256496,0.3771057192374351
H100,3.5,496481,0.72,0.22568279827503593,0.4943172017249641
H100,3.5,496482,0.66,0.21651464234277484,0.4434853576572252
H100,3.5,496483,0.66,0.2324144486692015,0.42758555133079856
H100,3.5,496484,0.665,0.23295454545454544,0.4320454545454546
H100,3.5,496485,0.66,0.2364928909952607,0.4235071090047393
H100,3.5,496486,0.665,0.22416302765647744,0.4408369723435226
H100,3.5,496487,0.665,0.19870517928286854,0.46629482071713146
H100,3.5,496488,0.645,0.18838457784285018,0.45661542215714984
H100,3.5,496489,0.655,0.1878345498783455,0.46716545012165456
H100,3.5,496490,0.645,0.18450912678835715,0.46049087321164284
H100,3.5,496491,0.645,0.18436578171091447,0.4606342182890856
H100,3.5,496492,0.65,0.18359375,0.46640625
H100,3.5,496493,0.65,0.2102272727272727,0.4397727272727273
H100,3.5,496494,0.645,0.2073055028462998,0.43769449715370023
H100,3.5,496495,0.645,0.20870799810695695,0.43629200189304307
H100,3.5,496496,0.645,0.21972884525479197,0.42527115474520805
H100,3.5,496497,0.645,0.20476190476190476,0.44023809523809526
H100,3.5,496498,0.645,0.19498069498069495,0.4500193050193051
H100,3.5,496499,0.645,0.18665377176015474,0.4583462282398453
H100,3.5,496500,0.645,0.18334937439846008,0.4616506256015399
H100,3.5,496501,0.645,0.1973371374227294,0.4476628625772706
H100,3.5,496502,0.645,0.18514946962391515,0.45985053037608487
H100,3.5,496503,0.645,0.18514946962391515,0.45985053037608487
H100,3.5,496504,0.66,0.18595641646489106,0.474043583535109
H100,3.5,496505,0.67,0.18568665377176016,0.48431334622823985
H100,3.5,496506,0.65,0.18484555984555984,0.4651544401544402
H100,3.5,496507,0.65,0.18344627299128752,0.4665537270087125
H100,3.5,496508,0.68,0.17560255779636005,0.50439744220364
H100,3.5,496509,0.65,0.175609756097561,0.474390243902439
H100,3.5,496510,0.65,0.18428709990300682,0.4657129000969932
H100,3.5,496511,0.65,0.15756207674943568,0.49243792325056435
H100,3.5,496512,0.65,0.1513658755038065,0.4986341244961935
H100,3.5,496513,0.665,0.15502478593961244,0.5099752140603876
H100,3.5,496514,0.68,0.1691211401425178,0.5108788598574823
H100,3.5,496515,0.675,0.16213683223992503,0.512863167760075
H100,3.5,496516,0.675,0.16880037932669512,0.5061996206733049
H100,3.5,496517,0.65,0.16336166194523136,0.48663833805476864
H100,3.5,496518,0.66,0.15916473317865426,0.5008352668213458
H100,3.5,496519,0.66,0.16125954198473283,0.49874045801526723
H100,3.5,496520,0.66,0.1613058089294287,0.49869419107057134
H100,3.5,496521,0.66,0.15822479498311626,0.5017752050168838
H100,3.5,496522,0.66,0.15548044422984064,0.5045195557701594
H100,3.5,496523,0.66,0.15414444983034414,0.5058555501696559
H100,3.5,496524,0.61,0.15025906735751293,0.45974093264248705
H100,3.5,496525,0.615,0.14843006660323502,0.466569933396765
H100,3.5,496526,0.63,0.15157384987893463,0.4784261501210654
H100,3.5,496527,0.63,0.15021876519202723,0.47978123480797275
H100,3.5,496528,0.63,0.16649694501018328,0.4635030549898167
H100,3.5,496529,0.63,0.16751787538304394,0.46248212461695604
H100,3.5,496530,0.63,0.17104029990627928,0.4589597000937207
H100,3.5,496531,0.62,0.1754726126999515,0.4445273873000485
H100,3.5,496532,0.63,0.16935878609887417,0.46064121390112583
H100,3.5,496534,0.645,0.1660916707737802,0.47890832922621984
H100,3.5,496535,0.65,0.16460089241447695,0.48539910758552307
H100,3.5,496536,0.63,0.17251461988304093,0.45748538011695905
H100,3.5,496537,0.63,0.1687101520353114,0.46128984796468864
H100,3.5,496538,0.635,0.16904879250862495,0.4659512074913751
H100,3.5,496539,0.625,0.17147044455300436,0.45352955544699564
H100,3.5,496540,0.63,0.17221135029354206,0.45778864970645794
H100,3.5,496541,0.625,0.17352941176470588,0.4514705882352941
H100,3.5,496542,0.625,0.16807558428642466,0.45692441571357534
H100,3.5,496543,0.625,0.17213930348258707,0.4528606965174129
H100,3.5,496544,0.625,0.17098703888334996,0.45401296111665
H100,3.5,496545,0.625,0.16309226932668328,0.4619077306733167
H100,3.5,496546,0.625,0.1630707476166583,0.4619292523833417
H100,3.5,496547,0.625,0.16205334675390037,0.4629466532460996
H100,3.5,496548,0.625,0.16174261392088132,0.4632573860791187
H100,3.5,496549,0.625,0.1606965174129353,0.46430348258706466
H100,3.5,496550,0.625,0.16765578635014833,0.45734421364985167
H100,3.5,496551,0.625,0.16467661691542285,0.46032338308457715
H100,3.5,496552,0.625,0.16525212181727406,0.45974787818272594
H100,3.5,496553,0.625,0.180440097799511,0.444559902200489
H100,3.5,496554,0.625,0.17122946739671477,0.45377053260328526
H100,3.5,496555,0.625,0.17788697788697788,0.4471130221130221
H100,3.5,496556,0.625,0.1681286549707602,0.45687134502923976
H100,3.5,496557,0.615,0.16626036079960993,0.44873963920039006
H100,3.5,496558,0.625,0.17254712421459642,0.4524528757854036
H100,3.5,496559,0.66,0.16755706653715394,0.49244293346284607
H100,3.5,496560,0.66,0.16220165611300535,0.4977983438869947
H100,3.5,496561,0.67,0.16526887025160333,0.5047311297483967
H100,3.5,496562,0.675,0.16674937965260545,0.5082506203473947
H100,3.5,496563,0.65,0.16766467065868262,0.4823353293413174
H100,3.5,496564,0.645,0.16716716716716715,0.47783283283283284
H100,3.5,496565,0.665,0.16305988928032208,0.5019401107196779
H100,3.5,496566,0.65,0.1648351648351648,0.4851648351648352
H100,3.5,496567,0.655,0.16226978596316574,0.49273021403683426
H100,3.5,496568,0.66,0.16159600997506235,0.4984039900249377
H100,3.5,496569,0.66,0.16386138613861384,0.4961386138613862
H100,3.5,496570,0.66,0.1627906976744186,0.49720930232558147
H100,3.5,496571,0.66,0.16058029014507252,0.4994197098549275
H100,3.5,496572,0.66,0.16021825396825398,0.4997817460317461
H100,3.5,496573,0.66,0.16087388282025816,0.49912611717974187
H100,3.5,496574,0.66,0.16326530612244897,0.4967346938775511
H100,3.5,496575,0.66,0.1626056688214818,0.4973943311785182
H100,3.5,496576,0.66,0.16199999999999998,0.49800000000000005
H100,3.5,496577,0.66,0.15989974937343357,0.5001002506265665
H100,3.5,496578,0.67,0.15902293120638084,0.5109770687936193
H100,3.5,496579,0.67,0.15870646766169152,0.5112935323383085
H100,3.5,496580,0.675,0.1658391261171797,0.5091608738828204
H100,3.5,496581,0.685,0.1708043694141013,0.5141956305858988
H100,3.5,496582,0.67,0.17215937038858828,0.49784062961141173
H100,3.5,496583,0.675,0.16526054590570718,0.5097394540942929
H100,3.5,496584,0.675,0.16289370078740156,0.5121062992125984
H100,3.5,496585,0.685,0.1668307086614173,0.5181692913385827
H100,3.5,496586,0.63,0.16766169154228852,0.4623383084577115
H100,3.5,496587,0.65,0.17343904856293357,0.47656095143706645
H100,3.5,496588,0.625,0.1717369970559372,0.4532630029440628
H100,3.5,496589,0.625,0.1717369970559372,0.4532630029440628
H100,3.5,496590,0.625,0.1717369970559372,0.4532630029440628
H100,3.5,496591,0.625,0.1717369970559372,0.4532630029440628
H100,3.5,496592,0.625,0.17205882352941176,0.45294117647058824
H100,3.5,496593,0.66,0.18106796116504853,0.4789320388349515
H100,3.5,496594,0.67,0.175,0.49500000000000005
H100,3.5,496595,0.625,0.17579250720461095,0.4492074927953891
H100,3.5,496596,0.655,0.17361784675072744,0.4813821532492726
H100,3.5,496597,0.66,0.16463116756228624,0.4953688324377138
H100,3.5,496598,0.665,0.17532158170557408,0.48967841829442593
H100,3.5,496599,0.625,0.17695673310646573,0.44804326689353424
H100,3.5,496600,0.63,0.17853658536585368,0.4514634146341463
H100,3.5,496601,0.675,0.18000000000000002,0.495
H100,3.5,496602,0.67,0.17972575905974536,0.4902742409402547
H100,3.5,496603,0.665,0.16897233201581027,0.49602766798418974
H100,3.5,496604,0.615,0.16939078751857353,0.4456092124814265
H100,3.5,496605,0.6,0.16923842707814835,0.43076157292185163
H100,3.5,496606,0.6,0.1715418939018344,0.4284581060981656
H100,3.5,496607,0.6,0.16913946587537088,0.4308605341246291
H100,3.5,496608,0.6,0.18413021363173956,0.41586978636826044
H100,3.5,496609,0.6,0.1825232678386763,0.41747673216132364
H100,3.5,496610,0.6,0.185662712738525,0.414337287261475
H100,3.5,496611,0.6,0.187727509100364,0.41227249089963597
H100,3.5,496612,0.6,0.1838351822503962,0.4161648177496038
H100,3.5,496613,0.605,0.1841269841269841,0.42087301587301584
H100,3.5,496614,0.615,0.18176972281449894,0.43323027718550106
H100,3.5,496615,0.615,0.18555614127569847,0.4294438587243015
H100,3.5,496616,0.615,0.18439337252805985,0.4306066274719401
H100,3.5,496617,0.6,0.18650371944739635,0.4134962805526036
H100,3.5,496618,0.595,0.1879265091863517,0.4070734908136483
H100,3.5,496619,0.595,0.17801608579088474,0.41698391420911524
H100,3.5,496620,0.595,0.17718832891246686,0.41781167108753314
H100,3.5,496621,0.595,0.1768779968034097,0.41812200319659026
H100,3.5,496622,0.595,0.17631296891747053,0.41868703108252947
H100,3.5,496623,0.595,0.17615753060138373,0.41884246939861625
H100,3.5,496624,0.595,0.18822292323869608,0.4067770767613039
H100,3.5,496625,0.595,0.1867785939139559,0.40822140608604407
H100,3.5,496626,0.595,0.1959140911471975,0.3990859088528025
H100,3.5,496627,0.595,0.19148936170212766,0.4035106382978723
H100,3.5,496628,0.595,0.19142259414225943,0.40357740585774055
H100,3.5,496629,0.595,0.1922077922077922,0.4027922077922078
H100,3.5,496630,0.595,0.19294605809128632,0.4020539419087137
H100,3.5,496631,0.595,0.18325434439178515,0.41174565560821486
H100,3.5,496632,0.595,0.19124544033350702,0.403754559666493
H100,3.5,496633,0.59,0.1748856126080325,0.4151143873919675
H100,3.5,496634,0.595,0.18397469688982604,0.41102530311017393
H100,3.5,496635,0.595,0.19363256784968685,0.4013674321503131
H100,3.5,496636,0.605,0.19230769230769232,0.4126923076923077
H100,3.5,496637,0.605,0.1873695198329854,0.4176304801670146
H100,3.5,496638,0.615,0.18928950159066807,0.42571049840933195
H100,3.5,496639,0.615,0.18842105263157896,0.42657894736842106
H100,3.5,496640,0.62,0.19025157232704404,0.42974842767295596
H100,3.5,496641,0.62,0.1796916533758639,0.4403083466241361
H100,3.5,496642,0.64,0.1799472295514512,0.4600527704485488
H100,3.5,496643,0.645,0.17728237791932058,0.46771762208067946
H100,3.5,496644,0.615,0.17678381256656017,0.4382161874334398
H100,3.5,496645,0.63,0.18114011720831114,0.44885988279168887
H100,3.5,496646,0.63,0.17895299145299146,0.4510470085470085
H100,3.5,496647,0.63,0.17916002126528444,0.4508399787347156
H100,3.5,496648,0.63,0.18984664198836593,0.4401533580116341
H100,3.5,496649,0.63,0.18783068783068782,0.4421693121693122
H100,3.5,496650,0.63,0.18587360594795538,0.4441263940520446
H100,3.5,496651,0.635,0.18666666666666665,0.44833333333333336
H100,3.5,496652,0.635,0.18376068376068375,0.45123931623931623
H100,3.5,496653,0.635,0.18405564472980201,0.450944355270198
H100,3.5,496654,0.64,0.18405564472980201,0.455944355270198
H100,3.5,496655,0.61,0.17384615384615384,0.4361538461538461
H100,3.5,496656,0.615,0.1708185053380783,0.4441814946619217
H100,3.5,496657,0.63,0.17037411526794743,0.45962588473205257
H100,3.5,496658,0.635,0.18054162487462386,0.4544583751253761
H100,3.5,496659,0.635,0.17618586640851888,0.45881413359148115
H100,3.5,496660,0.635,0.17685047193243913,0.4581495280675609
H100,3.5,496661,0.64,0.17702635504724015,0.46297364495275983
H100,3.5,496662,0.64,0.18276892430278885,0.45723107569721116
H100,3.5,496663,0.63,0.1855361596009975,0.4444638403990025
H100,3.5,496664,0.63,0.1852955787382017,0.4447044212617983
H100,3.5,496665,0.63,0.17556517556517554,0.45443482443482447
H100,3.5,496666,0.62,0.17590361445783131,0.4440963855421687
H100,3.5,496667,0.62,0.17258883248730963,0.4474111675126904
H100,3.5,496668,0.62,0.17400101163378856,0.44599898836621144
H100,3.5,496669,0.62,0.18018018018018017,0.4398198198198198
H100,3.5,496670,0.615,0.17588440458395613,0.43911559541604384
H100,3.5,496671,0.625,0.17260411440040138,0.45239588559959865
H100,3.5,496672,0.625,0.17785399314061734,0.44714600685938266
H100,3.5,496673,0.62,0.16445100935499754,0.4555489906450024
H100,3.5,496674,0.63,0.1707933299646286,0.4592066700353714
H200,7.0,495931,0.417,0.06966490299823631,0.3473350970017637
H200,7.0,495932,0.417,0.06675335934113569,0.3502466406588643
H200,7.0,495933,0.417,0.04781533388293487,0.36918466611706513
H200,7.0,495934,0.418,0.045256744995648385,0.37274325500435157
H200,7.0,495935,0.419,0.04521963824289406,0.37378036175710594
H200,7.0,495936,0.4195,0.05158562367864694,0.36791437632135304
H200,7.0,495937,0.42,0.02957807742496738,0.3904219225750326
H200,7.0,495938,0.421,0.06941081517352704,0.35158918482647294
H200,7.0,495939,0.4215,0.0824659727782226,0.3390340272217774
H200,7.0,495940,0.4225,0.04952926729431027,0.3729707327056897
H200,7.0,495941,0.423,0.02630444156964209,0.3966955584303579
H200,7.0,495942,0.424,0.08316347329800246,0.34083652670199754
H200,7.0,495943,0.425,0.048261758691206545,0.37673824130879346
H200,7.0,495944,0.426,0.06151990349819059,0.3644800965018094
H200,7.0,495945,0.427,0.029962546816479405,0.3970374531835206
H200,7.0,495946,0.4275,0.06196494088870771,0.3655350591112923
H200,7.0,495947,0.4285,0.024071807425540596,0.4044281925744594
H200,7.0,495948,0.429,0.0421216848673947,0.3868783151326053
H200,7.0,495949,0.4295,0.05055534278054386,0.37894465721945614
H200,7.0,495950,0.43,0.07114228456913828,0.3588577154308617
H200,7.0,495951,0.4305,0.06372218476062037,0.36677781523937963
H200,7.0,495952,0.431,0.0578446909667195,0.3731553090332805
H200,7.0,495953,0.418,0.04884941461445297,0.369150585385547
H200,7.0,495954,0.418,0.04299132947976879,0.3750086705202312
H200,7.0,495955,0.402,0.041255289139633285,0.36074471086036675
H200,7.0,495956,0.403,0.04018169112508735,0.3628183088749127
H200,7.0,495957,0.404,0.0498545907769007,0.35414540922309934
H200,7.0,495958,0.405,0.057913669064748194,0.3470863309352518
H200,7.0,495959,0.407,0.06179978315865558,0.3452002168413444
H200,7.0,495960,0.408,0.06065573770491803,0.347344262295082
H200,7.0,495961,0.409,0.05069280162216965,0.3583071983778303
H200,7.0,495962,0.4095,0.05216659655027346,0.3573334034497265
H200,7.0,495963,0.412,0.039104159260575894,0.37289584073942406
H200,7.0,495964,0.4125,0.06669411280362289,0.34580588719637706
H200,7.0,495965,0.415,0.04295349662761803,0.37204650337238193
H200,7.0,495966,0.416,0.04050073637702503,0.3754992636229749
H200,7.0,495967,0.418,0.03826086956521739,0.3797391304347826
H200,7.0,495968,0.4185,0.04,0.3785
H200,7.0,495969,0.419,0.03834554071520896,0.380654459284791
H200,7.0,495970,0.42,0.04336399474375822,0.37663600525624175
H200,7.0,495971,0.4205,0.06422764227642276,0.35627235772357724
H200,7.0,495972,0.4215,0.04516386890487611,0.37633613109512387
H200,7.0,495973,0.422,0.03934817170111288,0.3826518282988871
H200,7.0,495974,0.4225,0.06554081222356252,0.3569591877764375
H200,7.0,495975,0.4145,0.056,0.3585
H200,7.0,495976,0.415,0.04087530966143683,0.37412469033856316
H200,7.0,495977,0.4255,0.07377706495589414,0.35172293504410584
H200,7.0,495978,0.4265,0.06848184818481849,0.3580181518151815
H200,7.0,495979,0.427,0.048790007806401255,0.37820999219359874
H200,7.0,495980,0.428,0.037285295349811474,0.39071470465018854
H200,7.0,495981,0.429,0.0501930501930502,0.3788069498069498
H200,7.0,495982,0.428,0.0424333458505445,0.3855666541494555
H200,7.0,495983,0.431,0.04634353741496599,0.384656462585034
H200,7.0,495984,0.432,0.040952778938570834,0.39104722106142914
H200,7.0,495985,0.4325,0.036794766966475885,0.3957052330335241
H200,7.0,495986,0.433,0.05368852459016394,0.37931147540983606
H200,7.0,495987,0.434,0.061148086522462564,0.37285191347753743
H200,7.0,495988,0.435,0.04787453569954602,0.38712546430045397
H200,7.0,495989,0.4355,0.05447154471544716,0.38102845528455287
H200,7.0,495990,0.437,0.03930131004366812,0.3976986899563319
H200,7.0,495991,0.437,0.04959384352287302,0.38740615647712695
H200,7.0,495992,0.4385,0.03722504230118443,0.40127495769881555
H200,7.0,495993,0.439,0.05175292153589315,0.38724707846410683
H200,7.0,495994,0.44,0.051255589955280366,0.38874441004471966
H200,7.0,495995,0.4405,0.0425378514780101,0.3979621485219899
H200,7.0,495996,0.441,0.04058908045977012,0.4004109195402299
H200,7.0,495997,0.4415,0.04171364148816235,0.39978635851183764
H200,7.0,495998,0.442,0.047598060819744374,0.3944019391802556
H200,7.0,495999,0.4425,0.04537444933920705,0.39712555066079297
H200,7.0,496000,0.4425,0.031045037166593795,0.4114549628334062
H200,7.0,496001,0.441,0.021864686468646866,0.41913531353135314
H200,7.0,496002,0.4435,0.01947565543071161,0.4240243445692884
H200,7.0,496003,0.444,0.037371134020618556,0.40662886597938147
H200,7.0,496004,0.445,0.028003246753246756,0.4169967532467532
H200,7.0,496005,0.446,0.024713467048710604,0.4212865329512894
H200,7.0,496006,0.447,0.019682059046177137,0.42731794095382286
H200,7.0,496007,0.448,0.03737214791502754,0.4106278520849725
H200,7.0,496008,0.449,0.024409143742735374,0.4245908562572646
H200,7.0,496009,0.45,0.0251865671641791,0.4248134328358209
H200,7.0,496010,0.451,0.020502901353965184,0.4304970986460348
H200,7.0,496011,0.4525,0.024917724494593327,0.4275822755054067
H200,7.0,496012,0.4535,0.046347211311861744,0.40715278868813826
H200,7.0,496013,0.453,0.04486316733961418,0.4081368326603858
H200,7.0,496014,0.4535,0.02132021320213202,0.432179786797868
H200,7.0,496015,0.453,0.06478260869565218,0.38821739130434785
H200,7.0,496016,0.4535,0.05376344086021506,0.39973655913978495
H200,7.0,496017,0.453,0.03894418000865426,0.4140558199913458
H200,7.0,496018,0.4535,0.02517667844522968,0.4283233215547703
H200,7.0,496019,0.4535,0.01973929236499069,0.43376070763500935
H200,7.0,496020,0.4535,0.11524947294448347,0.33825052705551656
H200,7.0,496021,0.4535,0.048704200178731005,0.404795799821269
H200,7.0,496022,0.4535,0.04916467780429595,0.40433532219570406
H200,7.0,496023,0.4115,0.040528233151183965,0.370971766848816
H200,7.0,496024,0.4135,0.020622422197225345,0.39287757780277466
H200,7.0,496025,0.414,0.06106573317775185,0.35293426682224815
H200,7.0,496026,0.4155,0.06154449235593885,0.35395550764406114
H200,7.0,496027,0.4175,0.06922398589065257,0.3482760141093474
H200,7.0,496028,0.4185,0.06983985765124556,0.3486601423487544
H200,7.0,496029,0.419,0.0695807314897413,0.3494192685102587
H200,7.0,496030,0.4205,0.06998654104979811,0.35051345895020186
H200,7.0,496031,0.421,0.06190476190476191,0.3590952380952381
H200,7.0,496032,0.4185,0.06144151240645923,0.35705848759354075
H200,7.0,496033,0.418,0.060297239915074304,0.3577027600849257
H200,7.0,496034,0.418,0.054762822984959506,0.3632371770150405
H200,7.0,496035,0.418,0.061900610287707054,0.35609938971229294
H200,7.0,496036,0.418,0.05566444531556253,0.36233555468443746
H200,7.0,496037,0.418,0.05705102450783447,0.36094897549216554
H200,7.0,496038,0.418,0.06498855835240273,0.35301144164759723
H200,7.0,496039,0.418,0.0625,0.3555
H200,7.0,496040,0.418,0.06152512998266898,0.356474870017331
H200,7.0,496041,0.418,0.060891938250428816,0.35710806174957116
H200,7.0,496042,0.418,0.061927605756650676,0.3560723942433493
H200,7.0,496043,0.418,0.05417779473483403,0.36382220526516595
H200,7.0,496044,0.418,0.05448963929393707,0.3635103607060629
H200,7.0,496045,0.418,0.062280701754385964,0.355719298245614
H200,7.0,496046,0.418,0.06291537439078422,0.3550846256092158
H200,7.0,496047,0.418,0.06165870603560573,0.35634129396439423
H200,7.0,496048,0.4165,0.062280701754385964,0.35421929824561404
H200,7.0,496049,0.4185,0.06280406899601945,0.35569593100398056
H200,7.0,496050,0.4185,0.06263784737538597,0.355862152624614
H200,7.0,496051,0.408,0.06168549087749782,0.34631450912250217
H200,7.0,496052,0.4085,0.06269315673289182,0.34580684326710814
H200,7.0,496053,0.41,0.0627208480565371,0.34727915194346287
H200,7.0,496054,0.412,0.06139213143104193,0.35060786856895804
H200,7.0,496055,0.4115,0.06291537439078422,0.34858462560921577
H200,7.0,496056,0.411,0.062335381913959605,0.3486646180860404
H200,7.0,496057,0.4155,0.0627208480565371,0.3527791519434629
H200,7.0,496058,0.417,0.06283185840707965,0.3541681415929203
H200,7.0,496059,0.4175,0.0631111111111111,0.35438888888888886
H200,7.0,496060,0.4195,0.0621172353455818,0.3573827646544182
H200,7.0,496061,0.42,0.0627208480565371,0.3572791519434629
H200,7.0,496062,0.421,0.0628875110717449,0.3581124889282551
H200,7.0,496063,0.4215,0.06308307418924922,0.3584169258107508
H200,7.0,496064,0.4225,0.06333630686886708,0.3591636931311329
H200,7.0,496065,0.4215,0.054953560371517024,0.366546439628483
H200,7.0,496066,0.4205,0.06198166739415102,0.358518332605849
H200,7.0,496067,0.4195,0.06192760575665067,0.3575723942433493
H200,7.0,496068,0.418,0.0627208480565371,0.3552791519434629
H200,7.0,496069,0.417,0.06347787215020115,0.35352212784979886
H200,7.0,496070,0.4165,0.06247250329960404,0.35402749670039596
H200,7.0,496071,0.415,0.0628875110717449,0.3521124889282551
H200,7.0,496072,0.4155,0.06283185840707965,0.3526681415929203
H200,7.0,496073,0.4155,0.06297117516629712,0.35252882483370285
H200,7.0,496074,0.416,0.06350626118067978,0.3524937388193202
H200,7.0,496075,0.416,0.0627208480565371,0.3532791519434629
H200,7.0,496076,0.4165,0.06252752091589608,0.3539724790841039
H200,7.0,496077,0.4165,0.06322350845948352,0.35327649154051644
H200,7.0,496078,0.417,0.06364858807709547,0.35335141192290453
H200,7.0,496079,0.4175,0.06011854360711261,0.3573814563928874
H200,7.0,496080,0.4175,0.06184668989547038,0.3556533101045296
H200,7.0,496081,0.418,0.061206896551724135,0.35679310344827586
H200,7.0,496082,0.418,0.06258263552225649,0.3554173644777435
H200,7.0,496083,0.4185,0.06236275801493192,0.3561372419850681
H200,7.0,496084,0.4285,0.0630550621669627,0.3654449378330373
H200,7.0,496085,0.428,0.06168549087749782,0.3663145091225022
H200,7.0,496086,0.4275,0.0630550621669627,0.3644449378330373
H200,7.0,496087,0.4265,0.05686824189026832,0.3696317581097317
H200,7.0,496088,0.426,0.06056755612028802,0.36543244387971197
H200,7.0,496089,0.425,0.06090289608177172,0.36409710391822825
H200,7.0,496090,0.4245,0.06412556053811659,0.3603744394618834
H200,7.0,496091,0.4235,0.06395348837209303,0.35954651162790696
H200,7.0,496092,0.423,0.06241815800960279,0.3605818419903972
H200,7.0,496093,0.423,0.06383928571428571,0.3591607142857143
H200,7.0,496094,0.4235,0.062255115367871136,0.36124488463212884
H200,7.0,496095,0.4345,0.06409681757059614,0.37040318242940384
H200,7.0,496096,0.435,0.06258205689277899,0.372417943107221
H200,7.0,496097,0.435,0.06266432953549517,0.37233567046450483
H200,7.0,496098,0.435,0.06461538461538462,0.37038461538461537
H200,7.0,496099,0.436,0.06492932862190813,0.37107067137809185
H200,7.0,496100,0.436,0.06589492430988424,0.37010507569011575
H200,7.0,496101,0.436,0.06353350739773715,0.37246649260226283
H200,7.0,496102,0.4365,0.06464379947229551,0.3718562005277045
H200,7.0,496103,0.4365,0.06384852487890796,0.37265147512109204
H200,7.0,496104,0.437,0.057591623036649206,0.3794083769633508
H200,7.0,496105,0.4375,0.058462796402289456,0.37903720359771054
H200,7.0,496106,0.438,0.058679706601466985,0.379320293398533
H200,7.0,496107,0.4385,0.06444444444444444,0.3740555555555556
H200,7.0,496108,0.439,0.06260869565217392,0.3763913043478261
H200,7.0,496109,0.4395,0.06440071556350627,0.37509928443649376
H200,7.0,496110,0.44,0.06374501992031872,0.3762549800796813
H200,7.0,496111,0.4405,0.0630233583076245,0.3774766416923755
H200,7.0,496112,0.4405,0.06494661921708185,0.37555338078291817
H200,7.0,496113,0.4395,0.06717763751127141,0.3723223624887286
H200,7.0,496114,0.439,0.06476105404198303,0.374238945958017
H200,7.0,496115,0.4425,0.06531531531531531,0.3771846846846847
H200,7.0,496116,0.443,0.07308641975308643,0.36991358024691356
H200,7.0,496117,0.446,0.07118807118807118,0.3748119288119288
H200,7.0,496118,0.4465,0.07069219440353461,0.3758078055964654
H200,7.0,496119,0.4465,0.07153502235469449,0.3749649776453055
H200,7.0,496120,0.447,0.07548125633232015,0.37151874366767984
H200,7.0,496121,0.4475,0.0735,0.374
H200,7.0,496122,0.448,0.07308467741935483,0.3749153225806452
H200,7.0,496123,0.4485,0.07501267105930055,0.37348732894069947
H200,7.0,496124,0.4485,0.07653061224489796,0.371969387755102
H200,7.0,496125,0.45,0.07294233612617053,0.3770576638738295
H200,7.0,496126,0.449,0.07401887729756582,0.3749811227024342
H200,7.0,496127,0.4365,0.0755578093306288,0.36094219066937117
H200,7.0,496128,0.4365,0.07597535934291581,0.36052464065708417
H200,7.0,496129,0.4365,0.07593637762955362,0.36056362237044637
H200,7.0,496130,0.436,0.06770601336302895,0.36829398663697105
H200,7.0,496131,0.4365,0.06598984771573604,0.370510152284264
H200,7.0,496132,0.4365,0.06519507186858317,0.3713049281314168
H200,7.0,496133,0.4365,0.0649616368286445,0.37153836317135547
H200,7.0,496134,0.436,0.06532921810699589,0.3706707818930041
H200,7.0,496135,0.436,0.06164729661445174,0.37435270338554827
H200,7.0,496136,0.436,0.06282183316168898,0.373178166838311
H200,7.0,496137,0.436,0.0658372213582167,0.3701627786417833
H200,7.0,496138,0.436,0.06333676622039135,0.37266323377960864
H200,7.0,496139,0.436,0.06317411402157165,0.37282588597842836
H200,7.0,496140,0.436,0.06290564153769346,0.37309435846230654
H200,7.0,496141,0.436,0.06184012066365007,0.3741598793363499
H200,7.0,496142,0.4365,0.06234031681144609,0.3741596831885539
H200,7.0,496143,0.436,0.06266050333846944,0.37333949666153055
H200,7.0,496144,0.436,0.06192893401015229,0.37407106598984774
H200,7.0,496145,0.434,0.05522861023087369,0.3787713897691263
H200,7.0,496146,0.433,0.061866125760649086,0.3711338742393509
H200,7.0,496147,0.436,0.06218144750254842,0.37381855249745155
H200,7.0,496148,0.436,0.06183476938672072,0.3741652306132793
H200,7.0,496149,0.436,0.06192893401015229,0.37407106598984774
H200,7.0,496150,0.436,0.06224489795918367,0.3737551020408163
H200,7.0,496151,0.436,0.06358087487283826,0.37241912512716174
H200,7.0,496152,0.436,0.0625,0.3735
H200,7.0,496153,0.4335,0.06291903042805569,0.3705809695719443
H200,7.0,496154,0.432,0.06124497991967871,0.3707550200803213
H200,7.0,496155,0.43,0.061194029850746276,0.3688059701492537
H200,7.0,496156,0.4285,0.09369024856596558,0.3348097514340344
H200,7.0,496157,0.4265,0.06777996070726916,0.35872003929273083
H200,7.0,496158,0.426,0.06721870433511934,0.35878129566488065
H200,7.0,496159,0.426,0.06412005457025921,0.3618799454297408
H200,7.0,496160,0.426,0.06808090774543661,0.35791909225456336
H200,7.0,496161,0.426,0.06835066864784548,0.3576493313521545
H200,7.0,496162,0.426,0.06821552150271873,0.35778447849728123
H200,7.0,496163,0.426,0.0684863523573201,0.3575136476426799
H200,7.0,496164,0.4365,0.0685543964232489,0.3679456035767511
H200,7.0,496165,0.436,0.06952141057934509,0.3664785894206549
H200,7.0,496166,0.4365,0.05825649622799664,0.37824350377200333
H200,7.0,496167,0.4365,0.0691542288557214,0.3673457711442786
H200,7.0,496168,0.4365,0.06922310756972111,0.3672768924302789
H200,7.0,496169,0.436,0.07099080694586311,0.36500919305413687
H200,7.0,496170,0.4365,0.06970912738214644,0.3667908726178536
H200,7.0,496171,0.433,0.07027300303336703,0.36272699696663296
H200,7.0,496172,0.4335,0.07109974424552429,0.3624002557544757
H200,7.0,496173,0.434,0.061695517088326664,0.37230448291167334
H200,7.0,496174,0.4345,0.06847290640394088,0.3660270935960591
H200,7.0,496175,0.4345,0.06918865107018417,0.3653113489298158
H200,7.0,496176,0.4355,0.06864197530864197,0.36685802469135803
H200,7.0,496177,0.4355,0.0691542288557214,0.3663457711442786
H200,7.0,496178,0.4365,0.06801379990142928,0.3684862000985707
H200,7.0,496179,0.437,0.05932932072226999,0.37767067927773
H200,7.0,496180,0.437,0.06920762286860582,0.3677923771313942
H200,7.0,496181,0.4375,0.07069672131147542,0.3668032786885246
H200,7.0,496182,0.438,0.06324472960586619,0.3747552703941338
H200,7.0,496183,0.439,0.06468124709167054,0.37431875290832944
H200,7.0,496184,0.439,0.05884861407249468,0.3801513859275053
H200,7.0,496185,0.439,0.06247170665459483,0.37652829334540516
H200,7.0,496186,0.4385,0.06267154620311072,0.3758284537968893
H200,7.0,496187,0.4385,0.06193895870736086,0.3765610412926391
H200,7.0,496188,0.438,0.0589491670226399,0.3790508329773601
H200,7.0,496189,0.403,0.05884861407249467,0.3441513859275054
H200,7.0,496190,0.4045,0.06292749658002736,0.3415725034199727
H200,7.0,496191,0.4055,0.057571964956195244,0.34792803504380476
H200,7.0,496192,0.407,0.05859872611464969,0.3484012738853503
H200,7.0,496193,0.4085,0.06269877328487052,0.3458012267151295
H200,7.0,496194,0.4085,0.06020942408376964,0.34829057591623036
H200,7.0,496195,0.41,0.06023570493234396,0.349764295067656
H200,7.0,496196,0.4115,0.06318681318681318,0.3483131868131868
H200,7.0,496197,0.4125,0.05776475512766848,0.3547352448723315
H200,7.0,496198,0.4145,0.061966771441400996,0.352533228558599
H200,7.0,496199,0.4155,0.05929352396972245,0.35620647603027755
H200,7.0,496200,0.4165,0.0593803786574871,0.3571196213425129
H200,7.0,496201,0.4175,0.05963699222126189,0.3578630077787381
H200,7.0,496202,0.418,0.06292749658002736,0.35507250341997265
H200,7.0,496203,0.4195,0.05800756620428752,0.36149243379571244
H200,7.0,496204,0.4195,0.05920205920205921,0.36029794079794075
H200,7.0,496205,0.42,0.05869842620161634,0.3613015737983836
H200,7.0,496206,0.4045,0.05709557302441042,0.3474044269755896
H200,7.0,496207,0.406,0.05859872611464969,0.34740127388535036
H200,7.0,496208,0.4075,0.06267029972752045,0.3448297002724795
H200,7.0,496209,0.4085,0.06421591437878084,0.34428408562121915
H200,7.0,496210,0.4095,0.06359447004608296,0.345905529953917
H200,7.0,496211,0.4105,0.06315789473684211,0.3473421052631579
H200,7.0,496212,0.412,0.05994787141615986,0.3520521285838401
H200,7.0,496213,0.4135,0.05935483870967742,0.3541451612903226
H200,7.0,496214,0.414,0.06230248306997744,0.35169751693002255
H200,7.0,496215,0.415,0.059740259740259746,0.3552597402597402
H200,7.0,496216,0.416,0.06387867647058823,0.3521213235294117
H200,7.0,496217,0.417,0.06539888682745824,0.3516011131725417
H200,7.0,496218,0.418,0.06252873563218392,0.35547126436781606
H200,7.0,496219,0.419,0.05839727195225917,0.3606027280477408
H200,7.0,496220,0.419,0.06224627875507443,0.35675372124492555
H200,7.0,496221,0.42,0.06199460916442049,0.3580053908355795
H200,7.0,496222,0.4205,0.058449809402795434,0.36205019059720456
H200,7.0,496223,0.4015,0.0622202327663384,0.3392797672336616
H200,7.0,496224,0.4015,0.06898047722342733,0.3325195227765727
H200,7.0,496225,0.4015,0.046815689582454655,0.3546843104175454
H200,7.0,496226,0.4015,0.046108291032148904,0.3553917089678511
H200,7.0,496227,0.4015,0.04848754448398577,0.35301245551601423
H200,7.0,496228,0.403,0.050894085281980736,0.3521059147180193
H200,7.0,496229,0.404,0.04706390328151987,0.35693609671848014
H200,7.0,496230,0.4055,0.04850584668687743,0.3569941533131226
H200,7.0,496231,0.406,0.04664099272571673,0.35935900727428327
H200,7.0,496232,0.4065,0.04784280222127295,0.358657197778727
H200,7.0,496233,0.407,0.04698275862068966,0.3600172413793103
H200,7.0,496234,0.41,0.04849573417153121,0.3615042658284688
H200,7.0,496235,0.411,0.049024058102587385,0.3619759418974126
H200,7.0,496236,0.4115,0.04868244752121483,0.36281755247878517
H200,7.0,496237,0.412,0.04591406908171861,0.36608593091828134
H200,7.0,496238,0.532,0.04851752021563342,0.4834824797843666
H200,7.0,496239,0.4135,0.04973118279569892,0.36376881720430104
H200,7.0,496240,0.414,0.03967670830271859,0.3743232916972814
H200,7.0,496241,0.4145,0.04714959279897129,0.3673504072010287
H200,7.0,496242,0.416,0.04696840307429547,0.36903159692570453
H200,7.0,496243,0.4165,0.04714959279897129,0.3693504072010287
H200,7.0,496244,0.418,0.04716981132075472,0.3708301886792453
H200,7.0,496245,0.418,0.048910626945309024,0.369089373054691
H200,7.0,496246,0.419,0.04888888888888889,0.3701111111111111
H200,7.0,496247,0.42,0.048910626945309024,0.371089373054691
H200,7.0,496248,0.4205,0.047271164589600345,0.37322883541039964
H200,7.0,496249,0.413,0.045245077503142016,0.367754922496858
H200,7.0,496250,0.413,0.04745762711864406,0.36554237288135594
H200,7.0,496251,0.413,0.05046895935685574,0.36253104064314423
H200,7.0,496252,0.4125,0.05067264573991031,0.36182735426008966
H200,7.0,496253,0.412,0.04867057232987833,0.36332942767012166
H200,7.0,496254,0.4125,0.04934359438660027,0.3631564056133997
H200,7.0,496255,0.4125,0.049616599007668016,0.36288340099233196
H200,7.0,496256,0.4125,0.049661399548532735,0.36283860045146726
H200,7.0,496257,0.412,0.05011286681715576,0.3618871331828442
H200,7.0,496258,0.413,0.09466437177280551,0.31833562822719447
H200,7.0,496259,0.413,0.0847457627118644,0.3282542372881356
H200,7.0,496260,0.413,0.07063527321190582,0.34236472678809415
H200,7.0,496261,0.4145,0.028640337654507082,0.3858596623454929
H200,7.0,496262,0.4155,0.05571255551069843,0.35978744448930156
H200,7.0,496263,0.4165,0.027580071174377222,0.38891992882562276
H200,7.0,496264,0.418,0.03740875912408759,0.3805912408759124
H200,7.0,496265,0.4195,0.06888888888888889,0.3506111111111111
H200,7.0,496266,0.4125,0.07177886758805173,0.34072113241194824
H200,7.0,496267,0.412,0.07288365776369397,0.339116342236306
H200,7.0,496268,0.412,0.07146027518863737,0.34053972481136263
H200,7.0,496269,0.4115,0.0720680393912265,0.33943196060877345
H200,7.0,496270,0.411,0.07184292726461401,0.339157072735386
H200,7.0,496271,0.411,0.07245724572457246,0.3385427542754275
H200,7.0,496272,0.4105,0.06984815618221257,0.3406518438177874
H200,7.0,496273,0.4105,0.06934147405146096,0.341158525948539
H200,7.0,496274,0.41,0.06637362637362637,0.3436263736263736
H200,7.0,496275,0.4105,0.06832298136645963,0.34217701863354033
H200,7.0,496276,0.415,0.06527415143603132,0.34972584856396866
H200,7.0,496277,0.416,0.06359649122807018,0.35240350877192983
H200,7.0,496278,0.416,0.06290956749672345,0.35309043250327654
H200,7.0,496279,0.4165,0.057769816390506046,0.35873018360949394
H200,7.0,496280,0.4175,0.04744690465431541,0.3700530953456846
H200,7.0,496281,0.4185,0.03735373537353735,0.3811462646264626
H200,7.0,496282,0.4195,0.06796116504854369,0.3515388349514563
H200,7.0,496283,0.42,0.05080935251798561,0.36919064748201436
H200,7.0,496284,0.4115,0.04278561675011379,0.3687143832498862
H200,7.0,496285,0.4095,0.08227311280746395,0.327226887192536
H200,7.0,496286,0.4075,0.06178790534618756,0.3457120946538124
H200,7.0,496287,0.4065,0.05063848524878908,0.3558615147512109
H200,7.0,496288,0.4065,0.03917253521126761,0.36732746478873235
H200,7.0,496289,0.4065,0.07013769363166954,0.3363623063683304
H200,7.0,496290,0.4065,0.05939716312056737,0.3471028368794326
H200,7.0,496291,0.4065,0.04789877993673746,0.3586012200632625
H200,7.0,496292,0.406,0.03710490151168118,0.36889509848831886
H200,7.0,496293,0.406,0.06166219839142092,0.34433780160857913
H200,7.0,496294,0.4065,0.04264099037138927,0.36385900962861073
H200,7.0,496295,0.4075,0.05897887323943663,0.34852112676056335
H200,7.0,496296,0.4075,0.05632543585158695,0.351174564148413
H200,7.0,496297,0.4035,0.055925432756324896,0.34757456724367514
H200,7.0,496298,0.4025,0.056099732858414963,0.34640026714158506
H200,7.0,496299,0.4025,0.05617476593847526,0.34632523406152477
H200,7.0,496300,0.4025,0.05614973262032085,0.34635026737967917
H200,7.0,496301,0.4125,0.05572893446277308,0.35677106553722693
H200,7.0,496302,0.4125,0.05575379125780553,0.3567462087421944
H200,7.0,496303,0.4125,0.05600358422939069,0.3564964157706093
H200,7.0,496304,0.4125,0.05610412926391382,0.35639587073608614
H200,7.0,496305,0.207,0.05495004541326067,0.1520499545867393
H200,7.0,496306,0.412,0.06140744060959212,0.35059255939040784
H200,7.0,496307,0.4095,0.03684937816674344,0.37265062183325653
H200,7.0,496308,0.4075,0.03856749311294766,0.3689325068870523
H200,7.0,496309,0.406,0.04805591961555264,0.35794408038444736
H200,7.0,496310,0.404,0.060246262093227795,0.3437537379067722
H200,7.0,496311,0.4125,0.037957523723452326,0.37454247627654763
H200,7.0,496312,0.4125,0.05478221823080377,0.3577177817691962
H200,7.0,496313,0.4125,0.059192825112107626,0.3533071748878924
H200,7.0,496314,0.4125,0.07136524822695037,0.34113475177304964
H200,7.0,496315,0.411,0.0758831225468818,0.3351168774531182
H200,7.0,496316,0.409,0.08602620087336244,0.32297379912663754
H200,7.0,496317,0.407,0.037258509659613616,0.36974149034038634
H200,7.0,496318,0.413,0.049613108784706414,0.36338689121529355
H200,7.0,496319,0.413,0.057964601769911514,0.35503539823008845
H200,7.0,496320,0.4125,0.06844597503228583,0.34405402496771414
H200,7.0,496321,0.411,0.09400603708495041,0.31699396291504955
H200,7.0,496322,0.413,0.050900900900900894,0.3620990990990991
H200,7.0,496323,0.407,0.050855085508550855,0.35614491449144914
H200,7.0,496324,0.405,0.050923839567372696,0.35407616043262735
H200,7.0,496325,0.408,0.05096977898060442,0.3570302210193956
H200,7.0,496326,0.4125,0.051200724966017214,0.36129927503398274
H200,7.0,496327,0.4125,0.05096977898060442,0.3615302210193956
H200,7.0,496328,0.414,0.0509467989179441,0.36305320108205585
H200,7.0,496329,0.4195,0.050855085508550855,0.36864491449144915
H200,7.0,496330,0.4125,0.05076370170709794,0.36173629829290205
H200,7.0,496331,0.413,0.05101580135440181,0.36198419864559817
H200,7.0,496332,0.41,0.050855085508550855,0.35914491449144914
H200,7.0,496333,0.415,0.05078651685393258,0.3642134831460674
H200,7.0,496334,0.415,0.051084990958408676,0.3639150090415913
H200,7.0,496335,0.4125,0.051386994088221914,0.3611130059117781
H200,7.0,496336,0.4125,0.05127041742286751,0.36122958257713245
H200,7.0,496337,0.413,0.051527587779297765,0.3614724122207022
H200,7.0,496338,0.4125,0.05145719489981785,0.3610428051001821
H200,7.0,496339,0.4155,0.05178735105407883,0.36371264894592115
H200,7.0,496340,0.411,0.05185865075722808,0.3591413492427719
H200,7.0,496341,0.4095,0.05101580135440181,0.35848419864559816
H200,7.0,496342,0.4125,0.051177536231884056,0.36132246376811594
H200,7.0,496343,0.418,0.05101580135440181,0.36698419864559817
H200,7.0,496344,0.4125,0.05064993276557598,0.361850067234424
H200,7.0,496345,0.412,0.050581915846016116,0.36141808415398385
H200,7.0,496346,0.4135,0.050877982890589826,0.36262201710941017
H200,7.0,496347,0.4075,0.05,0.3575
H200,7.0,496348,0.405,0.04986760812003531,0.3551323918799647
H200,7.0,496349,0.413,0.04991166077738517,0.3630883392226148
H200,7.0,496350,0.413,0.05017761989342806,0.3628223801065719
H200,7.0,496351,0.417,0.04977973568281938,0.3672202643171806
H200,7.0,496352,0.411,0.04991166077738515,0.36108833922261485
H200,7.0,496353,0.416,0.04969217238346526,0.36630782761653474
H200,7.0,496354,0.4065,0.04923747276688453,0.35726252723311547
H200,7.0,496355,0.4045,0.04906643508467217,0.35543356491532785
H200,7.0,496356,0.4045,0.049301919720767896,0.3551980802792321
H200,7.0,496357,0.4025,0.04839400428265525,0.3541059957173448
H200,7.0,496358,0.4045,0.049045138888888895,0.35545486111111113
H200,7.0,496359,0.4125,0.04856037816931672,0.36393962183068324
H200,7.0,496360,0.4125,0.04951796669588081,0.36298203330411916
H200,7.0,496361,0.418,0.04885430177258971,0.3691456982274103
H200,7.0,496362,0.4125,0.049002601908065914,0.36349739809193404
H200,7.0,496363,0.4165,0.049714034315882095,0.36678596568411787
H200,7.0,496364,0.4125,0.049474605954465845,0.36302539404553413
H200,7.0,496365,0.4175,0.04945295404814004,0.36804704595185994
H200,7.0,496366,0.4125,0.04938811188811188,0.3631118881118881
H200,7.0,496367,0.4185,0.04923747276688453,0.3692625272331155
H200,7.0,496368,0.4125,0.04993371630578878,0.3625662836942112
H200,7.0,496369,0.419,0.04885430177258971,0.3701456982274103
H200,7.0,496370,0.41,0.04796264855687606,0.36203735144312393
H200,7.0,496371,0.411,0.04956140350877194,0.36143859649122806
H200,7.0,496372,0.4055,0.04960491659350307,0.35589508340649695
H200,7.0,496373,0.4035,0.04975781594011449,0.35374218405988556
H200,7.0,496374,0.404,0.04847704847704848,0.35552295152295155
H200,7.0,496375,0.4025,0.04915180513266638,0.35334819486733365
H200,7.0,496376,0.4065,0.048269970098248606,0.35823002990175135
H200,7.0,496377,0.4025,0.04902386117136659,0.35347613882863343
H200,7.0,496378,0.4025,0.04962670180061484,0.3528732981993852
H200,7.0,496379,0.4095,0.048960138648180246,0.3605398613518197
H200,7.0,496380,0.4125,0.04915180513266638,0.3633481948673336
H200,7.0,496381,0.4135,0.04956140350877194,0.36393859649122806
H200,7.0,496382,0.411,0.04956140350877194,0.36143859649122806
H200,7.0,496383,0.411,0.049366535605067714,0.36163346439493227
H200,7.0,496384,0.411,0.04928041866550371,0.3617195813344963
H200,7.0,496385,0.411,0.049431321084864394,0.36156867891513556
H200,7.0,496386,0.411,0.0491304347826087,0.3618695652173913
H200,7.0,496387,0.411,0.049301919720767896,0.36169808027923206
H200,7.0,496388,0.411,0.04962670180061484,0.36137329819938513
H200,7.0,496389,0.411,0.04898136107498917,0.3620186389250108
H200,7.0,496390,0.4115,0.048706896551724145,0.3627931034482758
H200,7.0,496391,0.4115,0.048727899956877964,0.362772100043122
H200,7.0,496392,0.4115,0.048208191126279866,0.3632918088737201
H200,7.0,496393,0.413,0.04808930871618721,0.36491069128381276
H200,7.0,496394,0.4125,0.0482135170038743,0.36428648299612565
H200,7.0,496395,0.4125,0.04798628963153385,0.36451371036846614
H200,7.0,496396,0.413,0.04798628963153385,0.36501371036846614
H200,7.0,496397,0.413,0.04780196329492104,0.36519803670507894
H200,7.0,496398,0.413,0.04780196329492104,0.36519803670507894
H200,7.0,496399,0.413,0.04929577464788733,0.36370422535211266
H200,7.0,496400,0.413,0.04973357015985791,0.36326642984014207
H200,7.0,496401,0.413,0.04977777777777778,0.3632222222222222
H200,7.0,496402,0.413,0.05121170553269319,0.36178829446730676
H200,7.0,496403,0.4125,0.05128205128205128,0.3612179487179487
H200,7.0,496404,0.4125,0.05197215777262182,0.36052784222737816
H200,7.0,496405,0.413,0.052214452214452214,0.3607855477855478
H200,7.0,496406,0.413,0.05233644859813084,0.3606635514018691
H200,7.0,496407,0.413,0.05109489051094891,0.3619051094890511
H200,7.0,496408,0.413,0.050955414012738856,0.36204458598726114
H200,7.0,496409,0.413,0.05175600739371534,0.36124399260628465
H200,7.0,496410,0.413,0.05180388529139686,0.36119611470860313
H200,7.0,496411,0.413,0.05206880520688053,0.36093119479311947
H200,7.0,496412,0.413,0.05295508274231679,0.3600449172576832
H200,7.0,496413,0.413,0.053080568720379154,0.35991943127962084
H200,7.0,496414,0.413,0.05313092979127135,0.3598690702087286
H200,7.0,496415,0.414,0.05313092979127135,0.3608690702087286
H200,7.0,496416,0.414,0.053963705826170015,0.36003629417383
H200,7.0,496417,0.4195,0.053427895981087464,0.36607210401891255
H200,7.0,496418,0.4125,0.053427895981087464,0.35907210401891254
H200,7.0,496419,0.4125,0.053402646502835535,0.35909735349716443
H200,7.0,496420,0.4125,0.05352913311226906,0.35897086688773094
H200,7.0,496421,0.4125,0.053276756247053275,0.3592232437529467
H200,7.0,496422,0.413,0.05307656176608737,0.3599234382339126
H200,7.0,496423,0.413,0.053327041057102405,0.3596729589428976
H200,7.0,496424,0.413,0.053327041057102405,0.3596729589428976
H200,7.0,496425,0.413,0.053276756247053275,0.35972324375294673
H200,7.0,496426,0.413,0.053276756247053275,0.35972324375294673
H200,7.0,496427,0.413,0.05307656176608737,0.3599234382339126
H200,7.0,496428,0.412,0.0531015037593985,0.3588984962406015
H200,7.0,496429,0.4125,0.051778478162989645,0.36072152183701034
H200,7.0,496430,0.413,0.05372290292177192,0.3592770970782281
H200,7.0,496431,0.4125,0.051258992805755396,0.36124100719424457
H200,7.0,496432,0.413,0.05132823052678973,0.3616717694732102
H200,7.0,496433,0.413,0.051841746248294684,0.3611582537517053
H200,7.0,496434,0.4125,0.05219780219780219,0.3603021978021978
H200,7.0,496435,0.4125,0.05098389982110912,0.36151610017889085
H200,7.0,496436,0.4125,0.05282669138090825,0.35967330861909175
H200,7.0,496437,0.414,0.05304792926942764,0.36095207073057234
H200,7.0,496438,0.413,0.05287569573283859,0.3601243042671614
H200,7.0,496439,0.415,0.0525830258302583,0.36241697416974167
H200,7.0,496440,0.4115,0.0529493729679517,0.35855062703204826
H200,7.0,496441,0.4095,0.052413793103448285,0.3570862068965517
H200,7.0,496442,0.4085,0.052728954671600374,0.3557710453283996
H200,7.0,496443,0.4085,0.0525830258302583,0.35591697416974166
H200,7.0,496444,0.4085,0.0525830258302583,0.35591697416974166
H200,7.0,496446,0.413,0.051029543419874666,0.36197045658012533
H200,7.0,496447,0.413,0.05118994162550517,0.3618100583744948
H200,7.0,496448,0.42,0.05212620027434843,0.36787379972565154
H200,7.0,496449,0.413,0.04928664072632944,0.36371335927367054
H200,7.0,496450,0.413,0.048697137975224264,0.3643028620247757
H200,7.0,496451,0.413,0.04973821989528796,0.363261780104712
H200,7.0,496452,0.4125,0.05119152691968226,0.3613084730803177
H200,7.0,496453,0.413,0.05010799136069115,0.3628920086393088
H200,7.0,496454,0.413,0.050944224857268336,0.36205577514273163
H200,7.0,496455,0.413,0.051395657953035,0.36160434204696495
H200,7.0,496456,0.4125,0.05119152691968226,0.3613084730803177
H200,7.0,496457,0.413,0.05087719298245614,0.36212280701754385
H200,7.0,496458,0.415,0.05089951733216323,0.36410048266783673
H200,7.0,496459,0.413,0.05072146917358986,0.3622785308264101
H200,7.0,496460,0.413,0.05098901098901099,0.362010989010989
H200,7.0,496461,0.413,0.05087719298245614,0.36212280701754385
H200,7.0,496462,0.413,0.05063291139240507,0.3623670886075949
H200,7.0,496463,0.413,0.05067715159458279,0.3623228484054172
H200,7.0,496464,0.4125,0.05178571428571428,0.3607142857142857
H200,7.0,496465,0.413,0.050788091068301226,0.36221190893169875
H200,7.0,496466,0.4125,0.051395657953035,0.36110434204696495
H200,7.0,496467,0.4125,0.05101143359718558,0.3614885664028144
H200,7.0,496468,0.413,0.051259390190013264,0.36174060980998674
H200,7.0,496469,0.414,0.051259390190013264,0.36274060980998674
H200,7.0,496470,0.4205,0.051259390190013264,0.36924060980998674
H200,7.0,496471,0.413,0.05112384310268841,0.36187615689731156
H200,7.0,496472,0.413,0.05085488820692679,0.3621451117930732
H200,7.0,496473,0.413,0.05110132158590309,0.3618986784140969
H200,7.0,496474,0.413,0.05081033727551468,0.3621896627244853
H200,7.0,496475,0.413,0.05039096437880104,0.36260903562119895
H200,7.0,496476,0.4125,0.05098901098901099,0.361510989010989
H200,7.0,496477,0.4125,0.049892473118279566,0.36260752688172043
H200,7.0,496478,0.416,0.05081033727551468,0.3651896627244853
H200,7.0,496479,0.413,0.0513047324192835,0.36169526758071646
H200,7.0,496480,0.413,0.051078819903126384,0.3619211800968736
H200,7.0,496481,0.4165,0.05105633802816902,0.365443661971831
H200,7.0,496482,0.4125,0.05078809106830123,0.36171190893169874
H200,7.0,496483,0.413,0.05103387593488781,0.3619661240651122
H200,7.0,496484,0.413,0.051168945743273055,0.3618310542567269
H200,7.0,496485,0.413,0.050877192982456146,0.36212280701754385
H200,7.0,496486,0.411,0.050216450216450215,0.36078354978354976
H200,7.0,496487,0.416,0.048903878583473864,0.36709612141652614
H200,7.0,496488,0.419,0.049551473729175566,0.3694485262708244
H200,7.0,496489,0.4195,0.03410581547879318,0.3853941845212068
H200,7.0,496490,0.4205,0.04101221640488656,0.3794877835951134
H200,7.0,496491,0.407,0.03374233128834356,0.37325766871165644
H200,7.0,496492,0.408,0.043989547038327526,0.36401045296167245
H200,7.0,496493,0.412,0.03499562554680665,0.37700437445319335
H200,7.0,496494,0.417,0.03940455341506129,0.3775954465849387
H200,7.0,496495,0.42,0.04679376083188908,0.3732062391681109
H200,7.0,496496,0.4095,0.03494252873563218,0.3745574712643678
H200,7.0,496497,0.414,0.05037895675434686,0.36362104324565314
H200,7.0,496498,0.417,0.03495233772128915,0.38204766227871084
H200,7.0,496499,0.42,0.07283035324901875,0.3471696467509812
H200,7.0,496500,0.407,0.05975395430579966,0.3472460456942003
H200,7.0,496501,0.407,0.06031042128603105,0.34668957871396894
H200,7.0,496502,0.407,0.0601237842617153,0.34687621573828464
H200,7.0,496503,0.407,0.06066012488849242,0.34633987511150754
H200,7.0,496504,0.4095,0.060097216084843134,0.34940278391515683
H200,7.0,496505,0.4115,0.060444444444444446,0.3510555555555555
H200,7.0,496506,0.4135,0.06087735004476276,0.35262264995523723
H200,7.0,496507,0.417,0.0609865470852018,0.3560134529147982
H200,7.0,496508,0.417,0.060579064587973276,0.3564209354120267
H200,7.0,496509,0.407,0.061622111463525156,0.34537788853647483
H200,7.0,496510,0.4095,0.06179009541117674,0.3477099045888232
H200,7.0,496511,0.4135,0.06145503840939901,0.35204496159060095
H200,7.0,496512,0.4165,0.061762034514078114,0.35473796548592185
H200,7.0,496513,0.419,0.052751250568440204,0.3662487494315598
H200,7.0,496514,0.4055,0.03722661703117729,0.3682733829688227
H200,7.0,496515,0.4065,0.05847418912745546,0.3480258108725445
H200,7.0,496516,0.408,0.055276381909547735,0.3527236180904522
H200,7.0,496517,0.416,0.054975011358473415,0.36102498864152655
H200,7.0,496518,0.4195,0.05428443248093315,0.3652155675190668
H200,7.0,496519,0.407,0.05470162748643761,0.3522983725135624
H200,7.0,496520,0.41,0.0541871921182266,0.3558128078817734
H200,7.0,496521,0.4125,0.054455445544554455,0.35804455445544553
H200,7.0,496522,0.4145,0.05440647482014388,0.3600935251798561
H200,7.0,496523,0.4175,0.05477591670439112,0.36272408329560885
H200,7.0,496524,0.419,0.05389755011135857,0.36510244988864143
H200,7.0,496525,0.4055,0.05411449016100178,0.35138550983899824
H200,7.0,496526,0.407,0.05467690917306823,0.35232309082693175
H200,7.0,496527,0.408,0.048714479025710425,0.35928552097428956
H200,7.0,496528,0.408,0.035664659564613246,0.37233534043538674
H200,7.0,496529,0.4075,0.03632183908045977,0.3711781609195402
H200,7.0,496530,0.4085,0.03730999539382773,0.37119000460617224
H200,7.0,496531,0.4185,0.04405690683799909,0.3744430931620009
H200,7.0,496532,0.4185,0.035480859010270774,0.3830191409897292
H200,7.0,496534,0.4045,0.05845323741007194,0.34604676258992806
H200,7.0,496535,0.4045,0.058690744920993236,0.3458092550790068
H200,7.0,496536,0.412,0.05821764442454098,0.353782355575459
H200,7.0,496537,0.415,0.05824372759856632,0.35675627240143365
H200,7.0,496538,0.4155,0.057958091841284,0.357541908158716
H200,7.0,496539,0.416,0.05816554809843401,0.357834451901566
H200,7.0,496540,0.403,0.0581135449262405,0.34488645507375953
H200,7.0,496541,0.404,0.05770084332001775,0.3462991566799823
H200,7.0,496542,0.405,0.057854917668001785,0.34714508233199826
H200,7.0,496543,0.4065,0.05816554809843401,0.348334451901566
H200,7.0,496544,0.407,0.046146953405017926,0.3608530465949821
H200,7.0,496545,0.3945,0.03600729261622607,0.3584927073837739
H200,7.0,496546,0.393,0.03710490151168118,0.35589509848831885
H200,7.0,496547,0.3945,0.040109389243391066,0.35439061075660894
H200,7.0,496548,0.3955,0.04214383875400825,0.3533561612459918
H200,7.0,496549,0.3975,0.0648720211827008,0.3326279788172992
H200,7.0,496550,0.397,0.04781054512957999,0.34918945487042
H200,7.0,496551,0.397,0.036952554744525544,0.3600474452554745
H200,7.0,496552,0.384,0.03532110091743119,0.3486788990825688
H200,7.0,496553,0.3845,0.03512773722627737,0.34937226277372263
H200,7.0,496554,0.385,0.035143769968051124,0.3498562300319489
H200,7.0,496555,0.386,0.035175879396984924,0.3508241206030151
H200,7.0,496556,0.385,0.034888989578613507,0.3501110104213865
H200,7.0,496557,0.4165,0.035015916325602546,0.38148408367439746
H200,7.0,496558,0.4195,0.0348731884057971,0.38462681159420287
H200,7.0,496559,0.42,0.035047792444242144,0.3849522075557578
H200,7.0,496560,0.408,0.03482587064676617,0.3731741293532338
H200,7.0,496561,0.411,0.03492063492063492,0.37607936507936507
H200,7.0,496562,0.413,0.034857401539157985,0.37814259846084197
H200,7.0,496563,0.417,0.03470031545741325,0.3822996845425867
H200,7.0,496564,0.4195,0.03482587064676617,0.3846741293532338
H200,7.0,496565,0.408,0.034888989578613507,0.37311101042138645
H200,7.0,496566,0.411,0.03495233772128915,0.37604766227871084
H200,7.0,496567,0.414,0.03482587064676617,0.3791741293532338
H200,7.0,496568,0.416,0.035047792444242144,0.3809522075557578
H200,7.0,496569,0.419,0.034715960324616775,0.3842840396753832
H200,7.0,496570,0.408,0.034904805077062555,0.3730951949229374
H200,7.0,496571,0.4105,0.0348731884057971,0.37562681159420286
H200,7.0,496572,0.4115,0.03498409813721036,0.3765159018627896
H200,7.0,496573,0.4145,0.034999999999999996,0.3795
H200,7.0,496574,0.4155,0.03482587064676617,0.3806741293532338
H200,7.0,496575,0.4175,0.03477868112014453,0.38272131887985544
H200,7.0,496576,0.4195,0.03476297968397291,0.3847370203160271
H200,7.0,496577,0.42,0.03482587064676617,0.3851741293532338
H200,7.0,496578,0.4065,0.03495233772128915,0.37154766227871083
H200,7.0,496579,0.404,0.035143769968051124,0.3688562300319489
H200,7.0,496580,0.4045,0.03476297968397291,0.3697370203160271
H200,7.0,496581,0.404,0.03482587064676617,0.36917412935323385
H200,7.0,496582,0.4065,0.03492063492063492,0.37157936507936506
H200,7.0,496583,0.4075,0.0346378767431399,0.3728621232568601
H200,7.0,496584,0.4185,0.034794396746497966,0.383705603253502
H200,7.0,496585,0.4195,0.03482587064676617,0.3846741293532338
H200,7.0,496586,0.4065,0.03613327076489911,0.37036672923510083
H200,7.0,496587,0.4095,0.03718010622887494,0.37231989377112507
H200,7.0,496588,0.411,0.037306201550387594,0.37369379844961237
H200,7.0,496589,0.411,0.037306201550387594,0.37369379844961237
H200,7.0,496590,0.411,0.037306201550387594,0.37369379844961237
H200,7.0,496591,0.411,0.037306201550387594,0.37369379844961237
H200,7.0,496592,0.41,0.037270087124878996,0.372729912875121
H200,7.0,496593,0.411,0.03709055876685934,0.3739094412331406
H200,7.0,496594,0.4115,0.0371442354076218,0.3743557645923782
H200,7.0,496595,0.413,0.03712632594021215,0.37587367405978783
H200,7.0,496596,0.414,0.03734238603297769,0.3766576139670223
H200,7.0,496597,0.413,0.03741496598639455,0.37558503401360543
H200,7.0,496598,0.4,0.03741496598639455,0.3625850340136055
H200,7.0,496599,0.4015,0.03754266211604095,0.36395733788395906
H200,7.0,496600,0.4025,0.03756097560975609,0.36493902439024395
H200,7.0,496601,0.4045,0.03767123287671233,0.3668287671232877
H200,7.0,496602,0.4045,0.03767123287671233,0.3668287671232877
H200,7.0,496603,0.4055,0.037726604605585495,0.36777339539441456
H200,7.0,496604,0.405,0.03752436647173489,0.3674756335282651
H200,7.0,496605,0.39,0.037579306979014154,0.3524206930209859
H200,7.0,496606,0.391,0.037745098039215684,0.35325490196078435
H200,7.0,496607,0.391,0.037912358444116195,0.3530876415558838
H200,7.0,496608,0.392,0.03794972893050764,0.3540502710694924
H200,7.0,496609,0.392,0.03804347826086957,0.35395652173913045
H200,7.0,496610,0.393,0.03778213935230618,0.35521786064769384
H200,7.0,496611,0.393,0.03809995051954478,0.3549000494804552
H200,7.0,496612,0.394,0.037819253438113945,0.3561807465618861
H200,7.0,496613,0.3945,0.037726604605585495,0.35677339539441455
H200,7.0,496614,0.3815,0.03783783783783783,0.34366216216216217
H200,7.0,496615,0.4105,0.037579306979014154,0.37292069302098585
H200,7.0,496616,0.4115,0.03793103448275861,0.3735689655172414
H200,7.0,496617,0.414,0.03809995051954478,0.3759000494804552
H200,7.0,496618,0.416,0.03783783783783783,0.37816216216216214
H200,7.0,496619,0.418,0.03778213935230618,0.3802178606476938
H200,7.0,496620,0.419,0.03767123287671233,0.38132876712328767
H200,7.0,496621,0.407,0.03783783783783783,0.36916216216216213
H200,7.0,496622,0.408,0.03767123287671233,0.37032876712328766
H200,7.0,496623,0.411,0.03623529411764706,0.3747647058823529
H200,7.0,496624,0.4125,0.03768967205090553,0.37481032794909447
H200,7.0,496625,0.415,0.037726604605585495,0.3772733953944145
H200,7.0,496626,0.417,0.03789370078740158,0.3791062992125984
H200,7.0,496627,0.418,0.03800592300098716,0.37999407699901283
H200,7.0,496628,0.419,0.037726604605585495,0.3812733953944145
H200,7.0,496629,0.4065,0.037745098039215684,0.3687549019607843
H200,7.0,496630,0.4065,0.037726604605585495,0.36877339539441445
H200,7.0,496631,0.4065,0.03793103448275861,0.3685689655172414
H200,7.0,496632,0.4055,0.037987173162308825,0.3675128268376912
H200,7.0,496633,0.4045,0.038081107814045494,0.3664188921859545
H200,7.0,496634,0.407,0.03817550818046604,0.3688244918195339
H200,7.0,496635,0.407,0.03815659068384539,0.36884340931615456
H200,7.0,496636,0.4075,0.03809995051954478,0.3694000494804552
H200,7.0,496637,0.41,0.03794972893050764,0.37205027106949234
H200,7.0,496638,0.4115,0.03809995051954478,0.3734000494804552
H200,7.0,496639,0.413,0.03800592300098717,0.3749940769990128
H200,7.0,496640,0.416,0.0380811078140455,0.3779188921859545
H200,7.0,496641,0.4175,0.038156590683845394,0.37934340931615457
H200,7.0,496642,0.4185,0.03804347826086957,0.3804565217391304
H200,7.0,496643,0.4195,0.03800592300098717,0.38149407699901283
H200,7.0,496644,0.42,0.03811881188118812,0.3818811881188119
H200,7.0,496645,0.4075,0.03819444444444444,0.36930555555555555
H200,7.0,496646,0.41,0.03813769192669638,0.3718623080733036
H200,7.0,496647,0.412,0.037987173162308825,0.37401282683769116
H200,7.0,496648,0.4135,0.03678929765886288,0.3767107023411371
H200,7.0,496649,0.414,0.038270377733598406,0.37572962226640155
H200,7.0,496650,0.415,0.03809995051954478,0.3769000494804552
H200,7.0,496651,0.415,0.03809995051954478,0.3769000494804552
H200,7.0,496652,0.415,0.03811881188118812,0.3768811881188119
H200,7.0,496653,0.415,0.03811881188118812,0.3768811881188119
H200,7.0,496654,0.415,0.03813769192669638,0.3768623080733036
H200,7.0,496655,0.415,0.038156590683845394,0.37684340931615457
H200,7.0,496656,0.415,0.03813769192669638,0.3768623080733036
H200,7.0,496657,0.416,0.038156590683845394,0.37784340931615457
H200,7.0,496658,0.415,0.038156590683845394,0.37684340931615457
H200,7.0,496659,0.416,0.03813769192669638,0.3778623080733036
H200,7.0,496660,0.4165,0.03825136612021858,0.3782486338797814
H200,7.0,496661,0.416,0.03823237338629593,0.37776762661370406
H200,7.0,496662,0.416,0.03823237338629593,0.37776762661370406
H200,7.0,496663,0.416,0.03825136612021858,0.3777486338797814
H200,7.0,496664,0.416,0.03825136612021858,0.3777486338797814
H200,7.0,496665,0.416,0.0382894082545997,0.3777105917454003
H200,7.0,496666,0.4165,0.03830845771144279,0.37819154228855717
H200,7.0,496667,0.4165,0.03825136612021858,0.3782486338797814
H200,7.0,496668,0.4165,0.038327526132404185,0.3781724738675958
H200,7.0,496669,0.4165,0.038327526132404185,0.3781724738675958
H200,7.0,496670,0.417,0.03848075962018991,0.37851924037981005
H200,7.0,496671,0.417,0.03732428502181289,0.3796757149781871
H200,7.0,496672,0.417,0.03785644051130777,0.3791435594886922
H200,7.0,496673,0.4165,0.03785644051130777,0.3786435594886922
H200,7.0,496674,0.416,0.037800687285223365,0.37819931271477664
H200,6.0,495931,0.67,0.20105820105820102,0.468941798941799
H200,6.0,495932,0.67,0.21586475942782835,0.4541352405721717
H200,6.0,495933,0.67,0.2019785655399835,0.46802143446001654
H200,6.0,495934,0.67,0.14142732811140118,0.5285726718885988
H200,6.0,495935,0.66,0.1335055986218777,0.5264944013781223
H200,6.0,495936,0.66,0.13699788583509515,0.5230021141649048
H200,6.0,495937,0.66,0.12309699869508481,0.5369030013049152
H200,6.0,495938,0.66,0.15617433414043586,0.5038256658595641
H200,6.0,495939,0.66,0.1845476381104884,0.4754523618895116
H200,6.0,495940,0.66,0.1588211215718379,0.5011788784281621
H200,6.0,495941,0.66,0.1250539025442001,0.5349460974557999
H200,6.0,495942,0.66,0.176110884631064,0.48388911536893603
H200,6.0,495943,0.66,0.16728016359918202,0.492719836400818
H200,6.0,495944,0.66,0.17933252915158826,0.48066747084841177
H200,6.0,495945,0.66,0.1527257594673325,0.5072742405326676
H200,6.0,495946,0.66,0.17121891561353444,0.4887810843864656
H200,6.0,495947,0.66,0.13423092615259077,0.5257690738474092
H200,6.0,495948,0.66,0.1688767550702028,0.4911232449297972
H200,6.0,495949,0.66,0.21869015702795863,0.4413098429720414
H200,6.0,495950,0.66,0.3092852371409486,0.35071476285905145
H200,6.0,495951,0.66,0.31658799730276466,0.3434120026972354
H200,6.0,495952,0.66,0.1628367670364501,0.4971632329635499
H200,6.0,495953,0.66,0.15583366976180865,0.5041663302381914
H200,6.0,495954,0.66,0.25072254335260113,0.4092774566473989
H200,6.0,495955,0.67,0.2531734837799718,0.41682651622002825
H200,6.0,495956,0.67,0.24737945492662472,0.4226205450733753
H200,6.0,495957,0.67,0.1599501454092231,0.510049854590777
H200,6.0,495958,0.67,0.2643884892086331,0.4056115107913669
H200,6.0,495959,0.67,0.268521864835562,0.40147813516443803
H200,6.0,495960,0.67,0.16967213114754098,0.5003278688524591
H200,6.0,495961,0.67,0.3281514025008449,0.34184859749915514
H200,6.0,495962,0.67,0.16281026503996637,0.5071897349600336
H200,6.0,495963,0.67,0.29363668681123356,0.3763633131887665
H200,6.0,495964,0.67,0.17414573898723756,0.4958542610127625
H200,6.0,495965,0.67,0.27405040823571175,0.3959495917642883
H200,6.0,495966,0.67,0.23969072164948452,0.4303092783505155
H200,6.0,495967,0.475,0.30469565217391303,0.17030434782608694
H200,6.0,495968,0.475,0.2900900900900901,0.18490990990990985
H200,6.0,495969,0.475,0.15122791900043084,0.3237720809995691
H200,6.0,495970,0.475,0.14805081033727552,0.32694918966272446
H200,6.0,495971,0.475,0.16056910569105692,0.31443089430894305
H200,6.0,495972,0.475,0.18705035971223025,0.2879496402877697
H200,6.0,495973,0.475,0.19554848966613672,0.2794515103338633
H200,6.0,495974,0.475,0.15963007639726579,0.3153699236027342
H200,6.0,495975,0.475,0.15452631578947368,0.3204736842105263
H200,6.0,495976,0.475,0.13790255986787778,0.3370974401321222
H200,6.0,495977,0.475,0.18845228548516443,0.2865477145148355
H200,6.0,495978,0.475,0.16542904290429045,0.30957095709570953
H200,6.0,495979,0.475,0.1869633099141296,0.2880366900858704
H200,6.0,495980,0.475,0.13573523250942607,0.3392647674905739
H200,6.0,495981,0.475,0.15100815100815101,0.32399184899184896
H200,6.0,495982,0.475,0.19076229815996998,0.28423770184003
H200,6.0,495983,0.475,0.14625850340136057,0.3287414965986394
H200,6.0,495984,0.45,0.13915587129126622,0.3108441287087338
H200,6.0,495985,0.475,0.16434995911692563,0.31065004088307435
H200,6.0,495986,0.475,0.17008196721311475,0.30491803278688523
H200,6.0,495987,0.475,0.17762063227953412,0.29737936772046586
H200,6.0,495988,0.475,0.14568716467189433,0.3293128353281056
H200,6.0,495989,0.475,0.1715447154471545,0.3034552845528455
H200,6.0,495990,0.48,0.1336244541484716,0.3463755458515284
H200,6.0,495991,0.475,0.14920906370243694,0.32579093629756306
H200,6.0,495992,0.48,0.13578680203045687,0.3442131979695431
H200,6.0,495993,0.48,0.32921535893155257,0.1507846410684474
H200,6.0,495994,0.48,0.3171654626762986,0.1628345373237014
H200,6.0,495995,0.47,0.27577505407354,0.19422494592645995
H200,6.0,495996,0.48,0.28340517241379315,0.19659482758620683
H200,6.0,495997,0.48,0.2653137918075911,0.21468620819240886
H200,6.0,495998,0.48,0.1524900837373292,0.3275099162626708
H200,6.0,495999,0.47,0.14845814977973568,0.32154185022026427
H200,6.0,496000,0.45,0.13336248360297334,0.31663751639702664
H200,6.0,496001,0.485,0.2132838283828383,0.27171617161716166
H200,6.0,496002,0.485,0.2801498127340824,0.20485018726591758
H200,6.0,496003,0.475,0.1378865979381443,0.3371134020618557
H200,6.0,496004,0.475,0.2171266233766234,0.2578733766233766
H200,6.0,496005,0.475,0.2919054441260745,0.18309455587392548
H200,6.0,496006,0.475,0.2789553368660106,0.19604466313398938
H200,6.0,496007,0.475,0.26868607395751376,0.20631392604248622
H200,6.0,496008,0.475,0.28632313056954667,0.1886768694304533
H200,6.0,496009,0.475,0.1357276119402985,0.3392723880597015
H200,6.0,496010,0.475,0.2866537717601547,0.18834622823984526
H200,6.0,496011,0.48,0.13634226610249178,0.3436577338975082
H200,6.0,496012,0.48,0.24509033778476041,0.23490966221523957
H200,6.0,496013,0.475,0.15208613728129203,0.3229138627187079
H200,6.0,496014,0.48,0.1963919639196392,0.2836080360803608
H200,6.0,496015,0.475,0.1682608695652174,0.30673913043478257
H200,6.0,496016,0.47,0.15612903225806454,0.31387096774193546
H200,6.0,496017,0.48,0.22154911293812204,0.2584508870618779
H200,6.0,496018,0.48,0.20538869257950532,0.27461130742049467
H200,6.0,496019,0.47,0.2901303538175046,0.17986964618249535
H200,6.0,496020,0.485,0.34328882642304986,0.14171117357695012
H200,6.0,496021,0.485,0.15326184092940123,0.3317381590705988
H200,6.0,496022,0.485,0.162291169451074,0.32270883054892596
H200,6.0,496023,0.475,0.15391621129326044,0.32108378870673954
H200,6.0,496024,0.475,0.3052118485189351,0.16978815148106485
H200,6.0,496025,0.475,0.2691559704395177,0.20584402956048226
H200,6.0,496026,0.48,0.26695413563308507,0.21304586436691492
H200,6.0,496027,0.485,0.17901234567901234,0.3059876543209876
H200,6.0,496028,0.48,0.175711743772242,0.304288256227758
H200,6.0,496029,0.475,0.17484388938447812,0.30015611061552183
H200,6.0,496030,0.485,0.16689098250336473,0.3181090174966352
H200,6.0,496031,0.475,0.25555555555555554,0.21944444444444444
H200,6.0,496032,0.475,0.25324931075226464,0.22175068924773533
H200,6.0,496033,0.475,0.16263269639065817,0.31236730360934184
H200,6.0,496034,0.475,0.24103355187042036,0.23396644812957962
H200,6.0,496035,0.475,0.16434176111595467,0.3106582388840453
H200,6.0,496036,0.475,0.2304978439827519,0.2445021560172481
H200,6.0,496037,0.475,0.23543591803937325,0.23956408196062673
H200,6.0,496038,0.475,0.16155606407322654,0.31344393592677344
H200,6.0,496039,0.475,0.1659330985915493,0.30906690140845067
H200,6.0,496040,0.475,0.16334488734835356,0.3116551126516464
H200,6.0,496041,0.475,0.161663807890223,0.313336192109777
H200,6.0,496042,0.475,0.1644134321849106,0.31058656781508936
H200,6.0,496043,0.475,0.2594429607020221,0.21555703929797787
H200,6.0,496044,0.475,0.25364543361473524,0.22135456638526474
H200,6.0,496045,0.475,0.1482456140350877,0.32675438596491224
H200,6.0,496046,0.475,0.14178112538768275,0.33321887461231725
H200,6.0,496047,0.475,0.15110725141120276,0.32389274858879724
H200,6.0,496048,0.46,0.14692982456140352,0.3130701754385965
H200,6.0,496049,0.445,0.14639540026536932,0.2986045997346307
H200,6.0,496050,0.485,0.14336127040141156,0.34163872959858843
H200,6.0,496051,0.47,0.1511728931364031,0.31882710686359683
H200,6.0,496052,0.465,0.15187637969094922,0.31312362030905083
H200,6.0,496053,0.45,0.15106007067137808,0.2989399293286219
H200,6.0,496054,0.48,0.14613056636402938,0.3338694336359706
H200,6.0,496055,0.475,0.1479840496233939,0.3270159503766061
H200,6.0,496056,0.475,0.15539947322212466,0.3196005267778753
H200,6.0,496057,0.485,0.15459363957597175,0.33040636042402827
H200,6.0,496058,0.475,0.15309734513274337,0.3219026548672566
H200,6.0,496059,0.475,0.152,0.32299999999999995
H200,6.0,496060,0.475,0.14785651793525809,0.32714348206474186
H200,6.0,496061,0.475,0.14708480565371024,0.32791519434628974
H200,6.0,496062,0.475,0.14570416297608502,0.32929583702391496
H200,6.0,496063,0.475,0.1439360284318081,0.3310639715681919
H200,6.0,496064,0.475,0.14272970561998216,0.3322702943800178
H200,6.0,496065,0.46,0.2612229102167183,0.19877708978328174
H200,6.0,496066,0.445,0.1615015277171541,0.2834984722828459
H200,6.0,496067,0.43,0.15961622328826863,0.27038377671173136
H200,6.0,496068,0.485,0.1598939929328622,0.32510600706713777
H200,6.0,496069,0.475,0.16003576218149307,0.3149642378185069
H200,6.0,496070,0.475,0.1539815222173339,0.32101847778266607
H200,6.0,496071,0.475,0.154118689105403,0.320881310894597
H200,6.0,496072,0.475,0.15221238938053097,0.32278761061946903
H200,6.0,496073,0.475,0.1507760532150776,0.3242239467849224
H200,6.0,496074,0.475,0.15026833631484796,0.32473166368515205
H200,6.0,496075,0.475,0.14664310954063603,0.32835689045936395
H200,6.0,496076,0.475,0.14442976662263318,0.3305702333773668
H200,6.0,496077,0.475,0.14425645592163847,0.3307435440783615
H200,6.0,496078,0.475,0.1429852084267145,0.3320147915732855
H200,6.0,496079,0.475,0.2011007620660457,0.27389923793395426
H200,6.0,496080,0.475,0.16202090592334495,0.31297909407665503
H200,6.0,496081,0.475,0.15862068965517243,0.3163793103448276
H200,6.0,496082,0.475,0.16042309387395326,0.3145769061260467
H200,6.0,496083,0.475,0.1572244180939833,0.3177755819060167
H200,6.0,496084,0.465,0.15763765541740676,0.30736234458259326
H200,6.0,496085,0.475,0.14248479582971327,0.3325152041702867
H200,6.0,496086,0.485,0.1438721136767318,0.3411278863232682
H200,6.0,496087,0.475,0.20224269122947539,0.2727573087705246
H200,6.0,496088,0.475,0.15459551037695893,0.320404489623041
H200,6.0,496089,0.475,0.14735945485519591,0.32764054514480406
H200,6.0,496090,0.475,0.1475336322869955,0.32746636771300447
H200,6.0,496091,0.475,0.14490161001788912,0.33009838998211083
H200,6.0,496092,0.475,0.16499345264076823,0.3100065473592317
H200,6.0,496093,0.475,0.1674107142857143,0.3075892857142857
H200,6.0,496094,0.475,0.1567261645624728,0.3182738354375272
H200,6.0,496095,0.475,0.1555356342447333,0.3194643657552667
H200,6.0,496096,0.475,0.14660831509846825,0.3283916849015317
H200,6.0,496097,0.49,0.1450482033304119,0.3449517966695881
H200,6.0,496098,0.535,0.14637362637362636,0.38862637362637364
H200,6.0,496099,0.535,0.14708480565371024,0.3879151943462898
H200,6.0,496100,0.555,0.14870881567230632,0.40629118432769373
H200,6.0,496101,0.535,0.144473455178416,0.390526544821584
H200,6.0,496102,0.535,0.14643799472295513,0.3885620052770449
H200,6.0,496103,0.52,0.14487010127697048,0.37512989872302954
H200,6.0,496104,0.52,0.21063229963753524,0.30936770036246475
H200,6.0,496105,0.52,0.2101390024529845,0.3098609975470155
H200,6.0,496106,0.51,0.2171964140179299,0.2928035859820701
H200,6.0,496107,0.52,0.16177777777777777,0.3582222222222222
H200,6.0,496108,0.52,0.15000000000000002,0.37
H200,6.0,496109,0.51,0.1435599284436494,0.3664400715563506
H200,6.0,496110,0.51,0.13899955732625055,0.37100044267374943
H200,6.0,496111,0.51,0.15689731159100923,0.3531026884089908
H200,6.0,496112,0.505,0.1512455516014235,0.3537544483985765
H200,6.0,496113,0.505,0.14562669071235348,0.35937330928764655
H200,6.0,496114,0.505,0.1397945511389013,0.36520544886109874
H200,6.0,496115,0.54,0.1391891891891892,0.4008108108108108
H200,6.0,496116,0.535,0.18024691358024691,0.3547530864197531
H200,6.0,496117,0.55,0.1688311688311688,0.38116883116883127
H200,6.0,496118,0.5,0.16102110947471773,0.3389788905252823
H200,6.0,496119,0.5,0.1564828614008942,0.3435171385991058
H200,6.0,496120,0.53,0.1590678824721378,0.37093211752786226
H200,6.0,496121,0.545,0.1705,0.37450000000000006
H200,6.0,496122,0.555,0.1622983870967742,0.39270161290322586
H200,6.0,496123,0.51,0.15813482007095792,0.3518651799290421
H200,6.0,496124,0.505,0.15816326530612246,0.34683673469387755
H200,6.0,496125,0.53,0.17890586495810745,0.3510941350418926
H200,6.0,496126,0.51,0.17287630402384505,0.337123695976155
H200,6.0,496127,0.53,0.16784989858012173,0.3621501014198783
H200,6.0,496128,0.53,0.16119096509240247,0.36880903490759753
H200,6.0,496129,0.51,0.1585428424833248,0.3514571575166752
H200,6.0,496130,0.51,0.26547884187082404,0.24452115812917596
H200,6.0,496131,0.51,0.16903553299492388,0.3409644670050761
H200,6.0,496132,0.51,0.16221765913757702,0.347782340862423
H200,6.0,496133,0.51,0.15447570332480817,0.3555242966751918
H200,6.0,496134,0.51,0.15072016460905352,0.3592798353909465
H200,6.0,496135,0.51,0.16927741283476502,0.34072258716523496
H200,6.0,496136,0.51,0.16220391349124613,0.3477960865087539
H200,6.0,496137,0.51,0.15811301192327631,0.3518869880767237
H200,6.0,496138,0.51,0.14933058702368696,0.36066941297631305
H200,6.0,496139,0.51,0.14637904468412943,0.3636209553158706
H200,6.0,496140,0.51,0.1712431352970544,0.33875686470294564
H200,6.0,496141,0.51,0.16289592760180996,0.3471040723981901
H200,6.0,496142,0.53,0.1558507920286152,0.37414920797138485
H200,6.0,496143,0.51,0.1489470980996405,0.36105290190035955
H200,6.0,496144,0.51,0.167005076142132,0.342994923857868
H200,6.0,496145,0.54,0.25350837483023997,0.28649162516976007
H200,6.0,496146,0.51,0.16480730223123732,0.3451926977687627
H200,6.0,496147,0.51,0.16411824668705402,0.345881753312946
H200,6.0,496148,0.51,0.16472377090724785,0.34527622909275213
H200,6.0,496149,0.51,0.16395939086294417,0.3460406091370558
H200,6.0,496150,0.51,0.16173469387755102,0.348265306122449
H200,6.0,496151,0.51,0.16581892166836218,0.3441810783316378
H200,6.0,496152,0.51,0.16565040650406504,0.34434959349593497
H200,6.0,496153,0.51,0.1634863331614234,0.3465136668385766
H200,6.0,496154,0.51,0.1852409638554217,0.32475903614457835
H200,6.0,496155,0.51,0.18805970149253734,0.32194029850746264
H200,6.0,496156,0.5,0.21175908221797324,0.28824091778202676
H200,6.0,496157,0.5,0.18860510805500982,0.31139489194499015
H200,6.0,496158,0.5,0.18704335119337556,0.31295664880662444
H200,6.0,496159,0.5,0.2569349704411096,0.24306502955889042
H200,6.0,496160,0.5,0.18944252590034533,0.3105574740996547
H200,6.0,496161,0.5,0.1901931649331352,0.3098068350668648
H200,6.0,496162,0.525,0.18981710331191298,0.33518289668808704
H200,6.0,496163,0.495,0.18858560794044665,0.30641439205955334
H200,6.0,496164,0.5,0.19374068554396426,0.3062593144560357
H200,6.0,496165,0.47,0.18539042821158688,0.28460957178841306
H200,6.0,496166,0.515,0.32858340318524726,0.18641659681475276
H200,6.0,496167,0.525,0.17711442786069653,0.3478855721393035
H200,6.0,496168,0.53,0.18127490039840638,0.34872509960159365
H200,6.0,496169,0.51,0.1787538304392237,0.33124616956077635
H200,6.0,496170,0.53,0.17151454363089266,0.35848545636910734
H200,6.0,496171,0.51,0.1749241658240647,0.33507583417593534
H200,6.0,496172,0.53,0.17493606138107418,0.3550639386189258
H200,6.0,496173,0.51,0.27385707944962273,0.23614292055037728
H200,6.0,496174,0.53,0.19408866995073892,0.3359113300492611
H200,6.0,496175,0.51,0.19362867098058734,0.3163713290194127
H200,6.0,496176,0.53,0.1832098765432099,0.34679012345679017
H200,6.0,496177,0.51,0.17412935323383086,0.3358706467661692
H200,6.0,496178,0.53,0.19221291276490884,0.3377870872350912
H200,6.0,496179,0.525,0.28804815133276007,0.23695184866723995
H200,6.0,496180,0.53,0.19759277833500502,0.33240722166499503
H200,6.0,496181,0.51,0.1951844262295082,0.3148155737704918
H200,6.0,496182,0.53,0.2887259395050413,0.24127406049495875
H200,6.0,496183,0.53,0.17170777105630525,0.3582922289436948
H200,6.0,496184,0.53,0.21236673773987208,0.31763326226012795
H200,6.0,496185,0.51,0.16749660479855139,0.3425033952014486
H200,6.0,496186,0.5,0.16239707227813358,0.3376029277218664
H200,6.0,496187,0.5,0.15619389587073607,0.34380610412926393
H200,6.0,496188,0.485,0.2093122597180692,0.27568774028193077
H200,6.0,496189,0.48,0.21321961620469082,0.26678038379530916
H200,6.0,496190,0.47,0.1801185590515276,0.28988144094847235
H200,6.0,496191,0.455,0.24572382144347096,0.20927617855652905
H200,6.0,496192,0.525,0.22760084925690022,0.2973991507430998
H200,6.0,496193,0.51,0.17946388005452069,0.3305361199454793
H200,6.0,496194,0.51,0.2203315881326353,0.2896684118673647
H200,6.0,496195,0.51,0.21868179834133566,0.29131820165866434
H200,6.0,496196,0.51,0.18086080586080586,0.3291391941391941
H200,6.0,496197,0.51,0.2427794056090414,0.2672205943909586
H200,6.0,496198,0.51,0.17781769196228112,0.33218230803771887
H200,6.0,496199,0.51,0.23212783851976446,0.2778721614802355
H200,6.0,496200,0.51,0.2177280550774527,0.2922719449225473
H200,6.0,496201,0.51,0.22731201382886776,0.2826879861711322
H200,6.0,496202,0.51,0.1801185590515276,0.3298814409484724
H200,6.0,496203,0.51,0.23413198823034886,0.27586801176965114
H200,6.0,496204,0.51,0.2320892320892321,0.2779107679107679
H200,6.0,496205,0.51,0.21990642279880904,0.290093577201191
H200,6.0,496206,0.51,0.2436905254447662,0.2663094745552338
H200,6.0,496207,0.51,0.22547770700636943,0.2845222929936306
H200,6.0,496208,0.51,0.17892824704813806,0.331071752951862
H200,6.0,496209,0.51,0.1791530944625407,0.3308469055374593
H200,6.0,496210,0.51,0.1815668202764977,0.3284331797235023
H200,6.0,496211,0.51,0.17528604118993135,0.33471395881006866
H200,6.0,496212,0.51,0.22371850564726325,0.28628149435273675
H200,6.0,496213,0.51,0.21376344086021504,0.29623655913978497
H200,6.0,496214,0.525,0.17381489841986458,0.35118510158013544
H200,6.0,496215,0.525,0.21601731601731602,0.308982683982684
H200,6.0,496216,0.525,0.16773897058823528,0.35726102941176474
H200,6.0,496217,0.555,0.1558441558441558,0.39915584415584426
H200,6.0,496218,0.555,0.14988505747126438,0.4051149425287357
H200,6.0,496219,0.555,0.21398124467178176,0.3410187553282183
H200,6.0,496220,0.555,0.17501127649977447,0.3799887235002256
H200,6.0,496221,0.555,0.17744833782569633,0.3775516621743037
H200,6.0,496222,0.555,0.22448115205421434,0.3305188479457857
H200,6.0,496223,0.56,0.17412712623097581,0.38587287376902424
H200,6.0,496224,0.555,0.17700650759219086,0.3779934924078092
H200,6.0,496225,0.59,0.1978068325601012,0.39219316743989874
H200,6.0,496226,0.59,0.20093062605752962,0.3890693739424703
H200,6.0,496227,0.59,0.15836298932384343,0.43163701067615656
H200,6.0,496228,0.59,0.166895919303072,0.42310408069692795
H200,6.0,496229,0.59,0.20379965457685664,0.3862003454231433
H200,6.0,496230,0.59,0.1909917713295799,0.3990082286704201
H200,6.0,496231,0.59,0.2053915275994865,0.38460847240051343
H200,6.0,496232,0.59,0.20418624519436135,0.3858137548056386
H200,6.0,496233,0.59,0.19870689655172413,0.39129310344827584
H200,6.0,496234,0.61,0.1607543780871127,0.4492456219128873
H200,6.0,496235,0.62,0.15569677712210622,0.4643032228778938
H200,6.0,496236,0.6,0.16435908887896383,0.43564091112103615
H200,6.0,496237,0.61,0.21398483572030327,0.39601516427969674
H200,6.0,496238,0.63,0.15902964959568733,0.4709703504043127
H200,6.0,496239,0.625,0.16263440860215056,0.46236559139784944
H200,6.0,496240,0.605,0.30675973548861135,0.29824026451138863
H200,6.0,496241,0.61,0.18988426918131163,0.42011573081868836
H200,6.0,496242,0.63,0.19257045260461145,0.43742954739538853
H200,6.0,496243,0.61,0.18988426918131163,0.42011573081868836
H200,6.0,496244,0.63,0.1895368782161235,0.4404631217838765
H200,6.0,496245,0.615,0.16007114273010226,0.45492885726989774
H200,6.0,496246,0.63,0.16355555555555557,0.46644444444444444
H200,6.0,496247,0.63,0.16496220542463316,0.46503779457536687
H200,6.0,496248,0.63,0.19037387193811775,0.4396261280618823
H200,6.0,496249,0.62,0.20234604105571846,0.41765395894428153
H200,6.0,496250,0.63,0.20635593220338982,0.4236440677966102
H200,6.0,496251,0.62,0.16301920500223316,0.45698079499776684
H200,6.0,496252,0.615,0.1600896860986547,0.4549103139013453
H200,6.0,496253,0.615,0.16223524109959442,0.4527647589004056
H200,6.0,496254,0.625,0.15708465368945224,0.46791534631054776
H200,6.0,496255,0.625,0.16238159675236805,0.4626184032476319
H200,6.0,496256,0.635,0.16117381489841986,0.47382618510158014
H200,6.0,496257,0.64,0.1616252821670429,0.47837471783295715
H200,6.0,496258,0.625,0.20051635111876076,0.42448364888123924
H200,6.0,496259,0.61,0.19252498913515861,0.4174750108648414
H200,6.0,496260,0.63,0.1745890715237672,0.45541092847623277
H200,6.0,496261,0.63,0.2954476936991257,0.3345523063008743
H200,6.0,496262,0.625,0.15664109810254342,0.46835890189745655
H200,6.0,496263,0.63,0.11032028469750889,0.5196797153024911
H200,6.0,496264,0.625,0.13959854014598538,0.4854014598540146
H200,6.0,496265,0.63,0.16844444444444445,0.46155555555555555
H200,6.0,496266,0.625,0.17164511814534109,0.4533548818546589
H200,6.0,496267,0.61,0.17428700769578995,0.43571299230421
H200,6.0,496268,0.61,0.1708832667554372,0.4391167332445628
H200,6.0,496269,0.61,0.19427036705461057,0.41572963294538945
H200,6.0,496270,0.61,0.19410977242302543,0.4158902275769746
H200,6.0,496271,0.61,0.19531953195319532,0.4146804680468047
H200,6.0,496272,0.61,0.1882863340563991,0.4217136659436009
H200,6.0,496273,0.61,0.18839947666812035,0.42160052333187964
H200,6.0,496274,0.61,0.18637362637362637,0.4236263736263736
H200,6.0,496275,0.61,0.18944099378881987,0.42055900621118014
H200,6.0,496276,0.635,0.18407310704960836,0.4509268929503917
H200,6.0,496277,0.61,0.18333333333333335,0.42666666666666664
H200,6.0,496278,0.605,0.182175622542595,0.422824377457405
H200,6.0,496279,0.61,0.18002686968204207,0.4299731303179579
H200,6.0,496280,0.61,0.17080885675553548,0.4391911432444645
H200,6.0,496281,0.61,0.16066606660666066,0.4493339333933393
H200,6.0,496282,0.61,0.18887908208296558,0.42112091791703443
H200,6.0,496283,0.61,0.17311151079136688,0.4368884892086331
H200,6.0,496284,0.605,0.15885298133818843,0.44614701866181156
H200,6.0,496285,0.605,0.19804919423240033,0.4069508057675997
H200,6.0,496286,0.605,0.18141980718667833,0.42358019281332165
H200,6.0,496287,0.605,0.170849845882871,0.434150154117129
H200,6.0,496288,0.605,0.1602112676056338,0.44478873239436617
H200,6.0,496289,0.605,0.18760757314974183,0.4173924268502581
H200,6.0,496290,0.605,0.18040780141843968,0.4245921985815603
H200,6.0,496291,0.605,0.17171260732037957,0.4332873926796204
H200,6.0,496292,0.625,0.16262024736601008,0.4623797526339899
H200,6.0,496293,0.625,0.1778373547810545,0.4471626452189455
H200,6.0,496294,0.65,0.16185236130215497,0.48814763869784505
H200,6.0,496295,0.67,0.17341549295774647,0.49658450704225354
H200,6.0,496296,0.67,0.17255252570406795,0.49744747429593206
H200,6.0,496297,0.67,0.17132711939636042,0.4986728806036396
H200,6.0,496298,0.67,0.17186108637577915,0.4981389136242209
H200,6.0,496299,0.67,0.17209094962104327,0.4979090503789568
H200,6.0,496300,0.67,0.17201426024955435,0.4979857397504457
H200,6.0,496301,0.61,0.17164511814534109,0.4383548818546589
H200,6.0,496302,0.59,0.17172167707404104,0.4182783229259589
H200,6.0,496303,0.59,0.17114695340501795,0.418853046594982
H200,6.0,496304,0.595,0.17235188509874325,0.42264811490125676
H200,6.0,496305,0.66,0.1684831970935513,0.4915168029064487
H200,6.0,496306,0.68,0.17794710891976692,0.5020528910802331
H200,6.0,496307,0.685,0.15614923998157532,0.5288507600184247
H200,6.0,496308,0.685,0.15748393021120294,0.5275160697887971
H200,6.0,496309,0.685,0.16120576671035386,0.5237942332896461
H200,6.0,496310,0.685,0.17414248021108178,0.5108575197889182
H200,6.0,496311,0.685,0.15499322187076364,0.5300067781292364
H200,6.0,496312,0.685,0.1710821733273462,0.5139178266726538
H200,6.0,496313,0.685,0.1748878923766816,0.5101121076233185
H200,6.0,496314,0.685,0.18572695035460993,0.4992730496453901
H200,6.0,496315,0.685,0.18883558656781507,0.496164413432185
H200,6.0,496316,0.685,0.19912663755458512,0.4858733624454149
H200,6.0,496317,0.685,0.1536338546458142,0.5313661453541858
H200,6.0,496318,0.685,0.1675011379153391,0.517498862084661
H200,6.0,496319,0.685,0.17256637168141592,0.5124336283185842
H200,6.0,496320,0.685,0.17993973310374514,0.5050602668962549
H200,6.0,496321,0.685,0.20181112548512292,0.48318887451487713
H200,6.0,496322,0.685,0.1662162162162162,0.5187837837837839
H200,6.0,496323,0.685,0.16696669666966696,0.518033303330333
H200,6.0,496324,0.685,0.16629112212708427,0.5187088778729158
H200,6.0,496325,0.685,0.16644113667117727,0.5185588633288227
H200,6.0,496326,0.685,0.16719528772088807,0.517804712279112
H200,6.0,496327,0.685,0.16644113667117727,0.5185588633288227
H200,6.0,496328,0.685,0.1654643823264202,0.5195356176735799
H200,6.0,496329,0.685,0.16606660666066606,0.518933393339334
H200,6.0,496330,0.685,0.16711590296495957,0.5178840970350405
H200,6.0,496331,0.685,0.16794582392776525,0.5170541760722348
H200,6.0,496332,0.685,0.16606660666066606,0.518933393339334
H200,6.0,496333,0.685,0.16719101123595506,0.517808988764045
H200,6.0,496334,0.685,0.16229656419529837,0.5227034358047017
H200,6.0,496335,0.685,0.16189176898590266,0.5231082310140974
H200,6.0,496336,0.685,0.16016333938294008,0.52483666061706
H200,6.0,496337,0.685,0.15503875968992245,0.5299612403100776
H200,6.0,496338,0.685,0.15573770491803277,0.5292622950819673
H200,6.0,496339,0.685,0.15673693858845095,0.5282630614115491
H200,6.0,496340,0.685,0.15511702615878842,0.5298829738412116
H200,6.0,496341,0.685,0.15936794582392777,0.5256320541760723
H200,6.0,496342,0.685,0.15715579710144925,0.5278442028985508
H200,6.0,496343,0.685,0.15575620767494355,0.5292437923250565
H200,6.0,496344,0.685,0.1667413715822501,0.51825862841775
H200,6.0,496345,0.685,0.1665174574753805,0.5184825425246196
H200,6.0,496346,0.685,0.16749212066636648,0.5175078793336336
H200,6.0,496347,0.685,0.16460176991150444,0.5203982300884956
H200,6.0,496348,0.6,0.15666372462488967,0.44333627537511033
H200,6.0,496349,0.6,0.15415194346289754,0.44584805653710247
H200,6.0,496350,0.58,0.1536412078152753,0.42635879218472467
H200,6.0,496351,0.82,0.160352422907489,0.659647577092511
H200,6.0,496352,0.745,0.15724381625441694,0.587756183745583
H200,6.0,496353,0.63,0.16007036059806506,0.46992963940193494
H200,6.0,496354,0.63,0.15729847494553376,0.4727015250544663
H200,6.0,496355,0.74,0.1593573599652627,0.5806426400347373
H200,6.0,496356,0.74,0.15401396160558464,0.5859860383944153
H200,6.0,496357,0.74,0.1511777301927195,0.5888222698072805
H200,6.0,496358,0.74,0.1488715277777778,0.5911284722222222
H200,6.0,496359,0.76,0.14997851310700472,0.6100214868929953
H200,6.0,496360,0.73,0.16301489921121823,0.5669851007887817
H200,6.0,496361,0.715,0.15088629485516644,0.5641137051448335
H200,6.0,496362,0.745,0.15871639202081525,0.5862836079791848
H200,6.0,496363,0.715,0.1517817861856577,0.5632182138143422
H200,6.0,496364,0.7,0.15455341506129594,0.545446584938704
H200,6.0,496365,0.725,0.15536105032822756,0.5696389496717724
H200,6.0,496366,0.705,0.15384615384615383,0.5511538461538461
H200,6.0,496367,0.745,0.1494553376906318,0.5955446623093682
H200,6.0,496368,0.74,0.15687140963323024,0.5831285903667698
H200,6.0,496369,0.74,0.14872460008646776,0.5912753999135323
H200,6.0,496370,0.74,0.1574702886247878,0.5825297113752121
H200,6.0,496371,0.74,0.15570175438596492,0.5842982456140351
H200,6.0,496372,0.74,0.15452151009657594,0.585478489903424
H200,6.0,496373,0.74,0.1492734478203435,0.5907265521796565
H200,6.0,496374,0.74,0.15701415701415702,0.582985842985843
H200,6.0,496375,0.74,0.1496302740321879,0.5903697259678121
H200,6.0,496376,0.74,0.14609141392567276,0.5939085860743272
H200,6.0,496377,0.745,0.1600867678958785,0.5849132321041215
H200,6.0,496378,0.755,0.15810276679841895,0.5968972332015811
H200,6.0,496379,0.755,0.1611785095320624,0.5938214904679376
H200,6.0,496380,0.755,0.1605045672031318,0.5944954327968682
H200,6.0,496381,0.755,0.15570175438596492,0.5992982456140351
H200,6.0,496382,0.755,0.15482456140350878,0.6001754385964913
H200,6.0,496383,0.755,0.16033202271734381,0.5946679772826562
H200,6.0,496384,0.755,0.16223288268643696,0.592767117313563
H200,6.0,496385,0.755,0.15616797900262466,0.5988320209973753
H200,6.0,496386,0.755,0.1617391304347826,0.5932608695652174
H200,6.0,496387,0.755,0.15968586387434555,0.5953141361256544
H200,6.0,496388,0.755,0.15546772068511197,0.5995322793148881
H200,6.0,496389,0.755,0.15864759427828348,0.5963524057217165
H200,6.0,496390,0.75,0.1603448275862069,0.5896551724137931
H200,6.0,496391,0.755,0.16041397153945666,0.5945860284605433
H200,6.0,496392,0.755,0.15784982935153585,0.5971501706484641
H200,6.0,496393,0.8,0.15929583512237014,0.6407041648776299
H200,6.0,496394,0.785,0.15626345243219975,0.6287365475678003
H200,6.0,496395,0.8,0.15638389031705227,0.6436161096829478
H200,6.0,496396,0.8,0.15295629820051412,0.6470437017994859
H200,6.0,496397,0.8,0.15834400341442595,0.6416559965855742
H200,6.0,496398,0.8,0.15834400341442595,0.6416559965855742
H200,6.0,496399,0.8,0.16329225352112678,0.6367077464788733
H200,6.0,496400,0.815,0.16474245115452932,0.6502575488454706
H200,6.0,496401,0.8,0.1648888888888889,0.6351111111111112
H200,6.0,496402,0.8,0.16963877457704618,0.6303612254229538
H200,6.0,496403,0.8,0.1703296703296703,0.6296703296703298
H200,6.0,496404,0.8,0.1605568445475638,0.6394431554524362
H200,6.0,496405,0.8,0.16037296037296037,0.6396270396270397
H200,6.0,496406,0.8,0.16028037383177568,0.6397196261682243
H200,6.0,496407,0.8,0.15875912408759124,0.6412408759124089
H200,6.0,496408,0.815,0.16014558689717925,0.6548544131028207
H200,6.0,496409,0.8,0.16035120147874304,0.639648798521257
H200,6.0,496410,0.8,0.17160037002775208,0.628399629972248
H200,6.0,496411,0.8,0.17247791724779174,0.6275220827522083
H200,6.0,496412,0.8,0.16217494089834517,0.6378250591016549
H200,6.0,496413,0.8,0.16208530805687205,0.637914691943128
H200,6.0,496414,0.8,0.16176470588235292,0.6382352941176471
H200,6.0,496415,0.8,0.16176470588235292,0.6382352941176471
H200,6.0,496416,0.795,0.16141356255969438,0.6335864374403056
H200,6.0,496417,0.81,0.16548463356973991,0.6445153664302601
H200,6.0,496418,0.81,0.16406619385342786,0.6459338061465723
H200,6.0,496419,0.81,0.16257088846880904,0.647429111531191
H200,6.0,496420,0.81,0.16295594504973943,0.6470440549502606
H200,6.0,496421,0.81,0.16218764733616217,0.6478123526638379
H200,6.0,496422,0.81,0.16439643024894315,0.6456035697510569
H200,6.0,496423,0.81,0.1647003303445021,0.645299669655498
H200,6.0,496424,0.81,0.1647003303445021,0.645299669655498
H200,6.0,496425,0.825,0.16454502593116455,0.6604549740688355
H200,6.0,496426,0.825,0.16454502593116455,0.6604549740688355
H200,6.0,496427,0.825,0.1639267261625176,0.6610732738374824
H200,6.0,496428,0.79,0.1640037593984962,0.6259962406015038
H200,6.0,496429,0.8,0.1679423683025664,0.6320576316974337
H200,6.0,496430,0.82,0.175306314797361,0.6446936852026389
H200,6.0,496431,0.8,0.16816546762589926,0.6318345323741008
H200,6.0,496432,0.8,0.16208914903196758,0.6379108509680325
H200,6.0,496433,0.8,0.1582537517053206,0.6417462482946794
H200,6.0,496434,0.8,0.16254578754578752,0.6374542124542125
H200,6.0,496435,0.8,0.15563506261180676,0.6443649373881932
H200,6.0,496436,0.8,0.16126042632066728,0.6387395736793328
H200,6.0,496437,0.8,0.1614704513727315,0.6385295486272685
H200,6.0,496438,0.8,0.16048237476808902,0.639517625231911
H200,6.0,496439,0.8,0.16051660516605165,0.6394833948339484
H200,6.0,496440,0.8,0.16070599163957267,0.6392940083604274
H200,6.0,496441,0.78,0.15908045977011495,0.620919540229885
H200,6.0,496442,0.805,0.16003700277520813,0.6449629972247919
H200,6.0,496443,0.85,0.15959409594095939,0.6904059040590406
H200,6.0,496444,0.85,0.15959409594095939,0.6904059040590406
H200,6.0,496446,0.85,0.1548791405550582,0.6951208594449418
H200,6.0,496447,0.85,0.1553659631791648,0.6946340368208352
H200,6.0,496448,0.85,0.15820759030635573,0.6917924096936443
H200,6.0,496449,0.85,0.14137483787289234,0.7086251621271076
H200,6.0,496450,0.85,0.14822725331055103,0.701772746689449
H200,6.0,496451,0.85,0.15095986038394416,0.6990401396160558
H200,6.0,496452,0.85,0.15092674315975288,0.6990732568402471
H200,6.0,496453,0.85,0.14773218142548597,0.702267818574514
H200,6.0,496454,0.865,0.14888010540184454,0.7161198945981555
H200,6.0,496455,0.85,0.15019937970757644,0.6998006202924235
H200,6.0,496456,0.865,0.1496028243601059,0.715397175639894
H200,6.0,496457,0.85,0.14868421052631578,0.7013157894736842
H200,6.0,496458,0.85,0.1509433962264151,0.6990566037735849
H200,6.0,496459,0.85,0.15041539134236992,0.6995846086576301
H200,6.0,496460,0.85,0.15120879120879122,0.6987912087912087
H200,6.0,496461,0.865,0.1508771929824561,0.7141228070175438
H200,6.0,496462,0.865,0.1501527717154081,0.7148472282845919
H200,6.0,496463,0.85,0.15028396679772824,0.6997160332022717
H200,6.0,496464,0.85,0.15357142857142855,0.6964285714285714
H200,6.0,496465,0.865,0.14973730297723292,0.7152626970227671
H200,6.0,496466,0.855,0.14709791758972088,0.7079020824102791
H200,6.0,496467,0.855,0.1503957783641161,0.7046042216358839
H200,6.0,496468,0.865,0.15112682280159082,0.7138731771984091
H200,6.0,496469,0.865,0.14891736632788335,0.7160826336721167
H200,6.0,496470,0.855,0.14935925762262486,0.7056407423773752
H200,6.0,496471,0.885,0.1489643014543852,0.7360356985456148
H200,6.0,496472,0.885,0.14818062253397632,0.7368193774660237
H200,6.0,496473,0.885,0.14889867841409693,0.7361013215859031
H200,6.0,496474,0.885,0.14805081033727552,0.7369491896627245
H200,6.0,496475,0.885,0.14639443961772372,0.7386055603822763
H200,6.0,496476,0.88,0.14857142857142858,0.7314285714285714
H200,6.0,496477,0.88,0.14537634408602151,0.7346236559139785
H200,6.0,496478,0.885,0.14805081033727552,0.7369491896627245
H200,6.0,496479,0.895,0.14904909332153915,0.7459509066784609
H200,6.0,496480,0.89,0.14839277851166888,0.7416072214883311
H200,6.0,496481,0.905,0.1483274647887324,0.7566725352112676
H200,6.0,496482,0.9,0.14754816112084065,0.7524518388791593
H200,6.0,496483,0.905,0.1482622085349758,0.7567377914650242
H200,6.0,496484,0.92,0.14865460961623292,0.7713453903837671
H200,6.0,496485,0.92,0.14780701754385966,0.7721929824561404
H200,6.0,496486,0.92,0.1458874458874459,0.7741125541125542
H200,6.0,496487,0.92,0.13785834738617203,0.7821416526138281
H200,6.0,496488,0.92,0.1371208885091841,0.7828791114908159
H200,6.0,496489,0.915,0.11937035417577614,0.7956296458242239
H200,6.0,496490,0.92,0.1212914485165794,0.7987085514834207
H200,6.0,496491,0.93,0.11787905346187555,0.8121209465381245
H200,6.0,496492,0.915,0.12369337979094076,0.7913066202090593
H200,6.0,496493,0.915,0.12029746281714787,0.7947025371828522
H200,6.0,496494,0.93,0.11996497373029771,0.8100350262697024
H200,6.0,496495,0.93,0.12911611785095317,0.8008838821490469
H200,6.0,496496,0.93,0.13379310344827583,0.7962068965517242
H200,6.0,496497,0.93,0.14623272403031656,0.7837672759696834
H200,6.0,496498,0.93,0.13254652746255108,0.7974534725374489
H200,6.0,496499,0.93,0.1665939816833842,0.7634060183166158
H200,6.0,496500,0.93,0.15421792618629174,0.7757820738137083
H200,6.0,496501,0.93,0.1556541019955654,0.7743458980044347
H200,6.0,496502,0.93,0.15561450044208663,0.7743854995579134
H200,6.0,496503,0.915,0.15700267618198036,0.7579973238180197
H200,6.0,496504,0.925,0.15554573574900574,0.7694542642509943
H200,6.0,496505,0.925,0.1542222222222222,0.7707777777777778
H200,6.0,496506,0.925,0.15532676812891674,0.7696732318710833
H200,6.0,496507,0.925,0.15560538116591927,0.7693946188340808
H200,6.0,496508,0.925,0.15456570155902002,0.77043429844098
H200,6.0,496509,0.925,0.15722700498414136,0.7677729950158587
H200,6.0,496510,0.925,0.15765561108587003,0.76734438891413
H200,6.0,496511,0.925,0.15680072300045186,0.7681992769995482
H200,6.0,496512,0.925,0.1575840145322434,0.7674159854677567
H200,6.0,496513,0.91,0.14870395634379266,0.7612960436562074
H200,6.0,496514,0.91,0.13541181945090738,0.7745881805490926
H200,6.0,496515,0.91,0.1548652352672453,0.7551347647327548
H200,6.0,496516,0.91,0.15166742804933758,0.7583325719506624
H200,6.0,496517,0.905,0.15084052703316672,0.7541594729668333
H200,6.0,496518,0.905,0.14894571556751904,0.756054284432481
H200,6.0,496519,0.905,0.1500904159132007,0.7549095840867993
H200,6.0,496520,0.905,0.14867890729959693,0.7563210927004032
H200,6.0,496521,0.905,0.1494149414941494,0.7555850585058506
H200,6.0,496522,0.905,0.1492805755395683,0.7557194244604317
H200,6.0,496523,0.905,0.15029425079221365,0.7547057492077864
H200,6.0,496524,0.905,0.14788418708240533,0.7571158129175947
H200,6.0,496525,0.905,0.14847942754919496,0.7565205724508051
H200,6.0,496526,0.905,0.15002259376412108,0.754977406235879
H200,6.0,496527,0.905,0.14388813712223725,0.7611118628777628
H200,6.0,496528,0.905,0.1333950903195924,0.7716049096804076
H200,6.0,496529,0.905,0.13333333333333333,0.7716666666666667
H200,6.0,496530,0.895,0.13450023030861355,0.7604997696913864
H200,6.0,496531,0.905,0.1408903166590179,0.7641096833409822
H200,6.0,496532,0.905,0.13398692810457516,0.7710130718954249
H200,6.0,496534,0.895,0.15332733812949637,0.7416726618705036
H200,6.0,496535,0.895,0.15395033860045146,0.7410496613995485
H200,6.0,496536,0.895,0.1527093596059113,0.7422906403940888
H200,6.0,496537,0.895,0.1527777777777778,0.7422222222222222
H200,6.0,496538,0.895,0.15202853321444493,0.7429714667855551
H200,6.0,496539,0.895,0.15257270693512304,0.742427293064877
H200,6.0,496540,0.685,0.15243629861421545,0.5325637013857846
H200,6.0,496541,0.7,0.15135375055481579,0.5486462494451841
H200,6.0,496542,0.7,0.15175789942145082,0.5482421005785492
H200,6.0,496543,0.7,0.15257270693512304,0.5474272930648769
H200,6.0,496544,0.7,0.1406810035842294,0.5593189964157705
H200,6.0,496545,0.7,0.13217866909753873,0.5678213309024612
H200,6.0,496546,0.7,0.1337608795235914,0.5662391204764086
H200,6.0,496547,0.69,0.13628076572470374,0.5537192342752962
H200,6.0,496548,0.675,0.1401740723774622,0.5348259276225378
H200,6.0,496549,0.715,0.15931156222418358,0.5556884377758164
H200,6.0,496550,0.69,0.14343163538873996,0.54656836461126
H200,6.0,496551,0.675,0.1345802919708029,0.5404197080291971
H200,6.0,496552,0.665,0.13348623853211009,0.53151376146789
H200,6.0,496553,0.71,0.13275547445255473,0.5772445255474452
H200,6.0,496554,0.695,0.13281606572341398,0.562183934276586
H200,6.0,496555,0.68,0.1329374143444495,0.5470625856555505
H200,6.0,496556,0.665,0.13185319438151336,0.5331468056184867
H200,6.0,496557,0.72,0.13233287858117326,0.5876671214188267
H200,6.0,496558,0.7,0.13179347826086954,0.5682065217391304
H200,6.0,496559,0.7,0.13245334547109694,0.567546654528903
H200,6.0,496560,0.7,0.13161465400271372,0.5683853459972863
H200,6.0,496561,0.7,0.13197278911564625,0.5680272108843537
H200,6.0,496562,0.7,0.13173381620642824,0.5682661837935717
H200,6.0,496563,0.7,0.13114015322217215,0.5688598467778279
H200,6.0,496564,0.7,0.13161465400271372,0.5683853459972863
H200,6.0,496565,0.7,0.13185319438151336,0.5681468056184866
H200,6.0,496566,0.7,0.13209260099863823,0.5679073990013617
H200,6.0,496567,0.7,0.13161465400271372,0.5683853459972863
H200,6.0,496568,0.7,0.13245334547109694,0.567546654528903
H200,6.0,496569,0.7,0.13119927862939584,0.5688007213706041
H200,6.0,496570,0.7,0.13191296464188576,0.5680870353581142
H200,6.0,496571,0.7,0.13179347826086954,0.5682065217391304
H200,6.0,496572,0.7,0.13221263062244434,0.5677873693775556
H200,6.0,496573,0.7,0.13227272727272726,0.5677272727272726
H200,6.0,496574,0.7,0.13161465400271372,0.5683853459972863
H200,6.0,496575,0.7,0.13143631436314362,0.5685636856368563
H200,6.0,496576,0.7,0.13137697516930022,0.5686230248306997
H200,6.0,496577,0.7,0.13161465400271372,0.5683853459972863
H200,6.0,496578,0.685,0.13209260099863823,0.5529073990013618
H200,6.0,496579,0.67,0.13281606572341398,0.5371839342765861
H200,6.0,496580,0.665,0.13137697516930022,0.5336230248306998
H200,6.0,496581,0.7,0.13161465400271372,0.5683853459972863
H200,6.0,496582,0.685,0.13197278911564625,0.5530272108843538
H200,6.0,496583,0.67,0.13090418353576247,0.5390958164642375
H200,6.0,496584,0.66,0.13149570718481698,0.5285042928151831
H200,6.0,496585,0.7,0.13161465400271372,0.5683853459972863
H200,6.0,496586,0.675,0.1365556076959174,0.5384443923040827
H200,6.0,496587,0.66,0.140994688556253,0.5190053114437471
H200,6.0,496588,0.61,0.14147286821705424,0.46852713178294575
H200,6.0,496589,0.59,0.14147286821705424,0.44852713178294573
H200,6.0,496590,0.59,0.14147286821705424,0.44852713178294573
H200,6.0,496591,0.59,0.14147286821705424,0.44852713178294573
H200,6.0,496592,0.59,0.14133591481122942,0.44866408518877055
H200,6.0,496593,0.59,0.14065510597302502,0.449344894026975
H200,6.0,496594,0.6,0.14085865894838398,0.45914134105161597
H200,6.0,496595,0.6,0.1407907425265188,0.4592092574734812
H200,6.0,496596,0.6,0.1416100872938894,0.45838991270611057
H200,6.0,496597,0.6,0.1418853255587949,0.45811467444120507
H200,6.0,496598,0.6,0.1418853255587949,0.45811467444120507
H200,6.0,496599,0.6,0.14236957581667478,0.4576304241833252
H200,6.0,496600,0.6,0.14243902439024386,0.4575609756097561
H200,6.0,496601,0.585,0.14285714285714285,0.4421428571428571
H200,6.0,496602,0.57,0.14285714285714285,0.4271428571428571
H200,6.0,496603,0.565,0.1430671239588437,0.42193287604115626
H200,6.0,496604,0.6,0.14230019493177387,0.4576998050682261
H200,6.0,496605,0.6,0.14250854075158614,0.45749145924841383
H200,6.0,496606,0.6,0.14313725490196078,0.4568627450980392
H200,6.0,496607,0.595,0.1437715411127523,0.45122845888724766
H200,6.0,496608,0.585,0.14391325776244454,0.4410867422375554
H200,6.0,496609,0.57,0.1442687747035573,0.42573122529644264
H200,6.0,496610,0.555,0.14327772325809615,0.41172227674190387
H200,6.0,496611,0.54,0.14448292924294903,0.395517070757051
H200,6.0,496612,0.53,0.14341846758349705,0.38658153241650295
H200,6.0,496613,0.53,0.1430671239588437,0.38693287604115634
H200,6.0,496614,0.595,0.14348894348894348,0.4515110565110565
H200,6.0,496615,0.6,0.14250854075158614,0.45749145924841383
H200,6.0,496616,0.595,0.14384236453201968,0.45115763546798027
H200,6.0,496617,0.595,0.14448292924294903,0.45051707075705094
H200,6.0,496618,0.605,0.14348894348894348,0.4615110565110565
H200,6.0,496619,0.605,0.14327772325809615,0.4617222767419038
H200,6.0,496620,0.605,0.14285714285714285,0.46214285714285713
H200,6.0,496621,0.605,0.14348894348894348,0.4615110565110565
H200,6.0,496622,0.605,0.14285714285714285,0.46214285714285713
H200,6.0,496623,0.605,0.13741176470588234,0.46758823529411764
H200,6.0,496624,0.605,0.14292706803720018,0.4620729319627998
H200,6.0,496625,0.605,0.1430671239588437,0.4619328760411563
H200,6.0,496626,0.605,0.1437007874015748,0.4612992125984252
H200,6.0,496627,0.605,0.14412635735439286,0.46087364264560715
H200,6.0,496628,0.605,0.1430671239588437,0.4619328760411563
H200,6.0,496629,0.605,0.14313725490196078,0.4618627450980392
H200,6.0,496630,0.605,0.1430671239588437,0.4619328760411563
H200,6.0,496631,0.605,0.14384236453201968,0.4611576354679803
H200,6.0,496632,0.595,0.14405525407005426,0.4509447459299457
H200,6.0,496633,0.585,0.14441147378832836,0.4405885262116716
H200,6.0,496634,0.625,0.14476945959345563,0.48023054040654434
H200,6.0,496635,0.61,0.14469772051536173,0.46530227948463826
H200,6.0,496636,0.615,0.14448292924294903,0.47051707075705096
H200,6.0,496637,0.605,0.14391325776244454,0.4610867422375554
H200,6.0,496638,0.61,0.14448292924294903,0.46551707075705095
H200,6.0,496639,0.62,0.1441263573543929,0.4758736426456071
H200,6.0,496640,0.605,0.1444114737883284,0.46058852621167157
H200,6.0,496641,0.615,0.14469772051536176,0.4703022794846382
H200,6.0,496642,0.605,0.1442687747035573,0.46073122529644267
H200,6.0,496643,0.62,0.1441263573543929,0.4758736426456071
H200,6.0,496644,0.61,0.14455445544554454,0.4654455445544554
H200,6.0,496645,0.615,0.14484126984126983,0.47015873015873016
H200,6.0,496646,0.62,0.14462605250123822,0.4753739474987618
H200,6.0,496647,0.62,0.14405525407005426,0.47594474592994573
H200,6.0,496648,0.625,0.13951266125179168,0.4854873387482083
H200,6.0,496649,0.615,0.14512922465208747,0.46987077534791255
H200,6.0,496650,0.61,0.14448292924294903,0.46551707075705095
H200,6.0,496651,0.625,0.14448292924294903,0.48051707075705097
H200,6.0,496652,0.625,0.14455445544554454,0.48044554455445543
H200,6.0,496653,0.605,0.14455445544554454,0.4604455445544554
H200,6.0,496654,0.625,0.14462605250123822,0.4803739474987618
H200,6.0,496655,0.615,0.14469772051536176,0.4703022794846382
H200,6.0,496656,0.625,0.14462605250123822,0.4803739474987618
H200,6.0,496657,0.62,0.14469772051536176,0.4753022794846382
H200,6.0,496658,0.625,0.14469772051536176,0.4803022794846382
H200,6.0,496659,0.625,0.14462605250123822,0.4803739474987618
H200,6.0,496660,0.625,0.14505712866368603,0.47994287133631397
H200,6.0,496661,0.625,0.14498510427010924,0.48001489572989076
H200,6.0,496662,0.605,0.14498510427010924,0.46001489572989074
H200,6.0,496663,0.62,0.14505712866368603,0.47494287133631397
H200,6.0,496664,0.62,0.14505712866368603,0.47494287133631397
H200,6.0,496665,0.615,0.14520139234211832,0.4697986076578817
H200,6.0,496666,0.62,0.14527363184079603,0.474726368159204
H200,6.0,496667,0.62,0.14505712866368603,0.47494287133631397
H200,6.0,496668,0.62,0.1453459432553509,0.4746540567446491
H200,6.0,496669,0.62,0.1453459432553509,0.4746540567446491
H200,6.0,496670,0.62,0.14592703648175911,0.4740729635182409
H200,6.0,496671,0.62,0.14154144449830341,0.4784585555016966
H200,6.0,496672,0.61,0.14355948869223206,0.4664405113077679
H200,6.0,496673,0.6,0.14355948869223206,0.4564405113077679
H200,6.0,496674,0.595,0.14334806087383406,0.4516519391261659
